Reference_id,PubMed_id,Subject_id,Subject_paper_key,Subject_name,Subject_type,Paper_title,Paper_abstract,Journal,DOI,Publish_date,Experiment_subject,Experiment_type,Phenotype_related
HBREF000001,24133266,HERB006931,HERB006931_24133266,Zhang Nao; 樟脑; Camphorar; Camphora,Herb,Amplified cold transduction in native nociceptors by M-channel inhibition,"Topically applied camphor elicits a sensation of cool, but nothing is known about how it affects cold temperature sensing. We found that camphor sensitizes a subpopulation of menthol-sensitive native cutaneous nociceptors in the mouse to cold, but desensitizes and partially blocks heterologously expressed TRPM8 (transient receptor potential cation channel subfamily M member 8). In contrast,  camphor reduces potassium outward currents in cultured sensory neurons and, in cold nociceptors, the cold-sensitizing effects of camphor and menthol are additive. Using a membrane potential dye-based screening assay and heterologously expressed potassium channels, we found that the effects of camphor are mediated by inhibition of Kv7.2/3 channels subtypes that generate the M-current in neurons. In line with this finding, the specific M-current blocker XE991 reproduced the cold-sensitizing effect of camphor in nociceptors. However, the M-channel blocking effects of XE991 and camphor are not sufficient to initiate cold transduction but require a cold-activated inward current generated by TRPM8. The cold-sensitizing effects of XE991 and camphor are largest in high-threshold cold nociceptors. Low-threshold corneal cold thermoreceptors that express high levels of TRPM8 and lack potassium channels are not affected by camphor. We also  found that menthol--like camphor--potently inhibits Kv7.2/3 channels. The apparent functional synergism arising from TRPM8 activation and M-current block can improve the effectiveness of topical coolants and cooling lotions, and may also enhance TRPM8-mediated analgesia.",J Neurosci,10.1523/JNEUROSCI.1473-13.2013 ,2013,Mouse,Animal Experiment,Cold temperature sensing; Analgesia
HBREF000005,28396565,HBIN018727,HBIN018727_28396565,"Borneol; 1,7,7-Trimethylbicyclo[2.2.1]heptan-2-ol; Isoborneol; 507-70-0; 10385-78-1; 6627-72-1; (+/-)-Isoborneol; DL-Isoborneol; 2-borneol; DL-Borneol",Ingredient,A clinical and mechanistic study of topical borneol-induced analgesia,"Bingpian is a time-honored herb in traditional Chinese medicine (TCM). It is an almost pure chemical with a chemical composition of (+)-borneol and has been historically used as a topical analgesic for millennia. However, the clinical efficacy of topical borneol lacks stringent evidence-based clinical studies and verifiable scientific mechanism. We examined the analgesic efficacy of topical borneol in a randomized, double-blind, placebo-controlled clinical study involving 122 patients with postoperative pain. Topical application of borneol led to significantly greater pain relief than placebo did. Using mouse models of  pain, we identified the TRPM8 channel as a molecular target of borneol and showed that topical borneol-induced analgesia was almost exclusively mediated by TRPM8,  and involved a downstream glutamatergic mechanism in the spinal cord. Investigation of the actions of topical borneol and menthol revealed mechanistic  differences between borneol- and menthol-induced analgesia and indicated that borneol exhibits advantages over menthol as a topical analgesic. Our work demonstrates that borneol, which is currently approved by the US FDA to be used only as a flavoring substance or adjuvant in food, is an effective topical pain reliever in humans and reveals a key part of the molecular mechanism underlying its analgesic effect.",EMBO Mol Med,10.15252/emmm.201607300 ,2017,Patients With Postoperative Pain; Mouse,Clinical & Animal Experiment,Postoperative pain; Pain
HBREF000006,28817116,HERB001193,HERB001193_28817116,Dan Shen; 丹参; Danshen Root; Root of Ligulilobe Sage; Radix et Rhizoma Salviae Miltiorrhizae; Salviae Miltiorrhizae Radix et Rhizoma,Herb,Total tanshinones exhibits anti-inflammatory effects through blocking TLR4 dimerization via the MyD88 pathway,"Tanshinones belong to a group of lipophilic constituents of Salvia miltiorrhiza Bunge (Danshen), which is widely used in traditional Chinese medicine. A deluge of studies demonstrated that tanshinones exert anti-inflammatory effects, but the underlying mechanisms remain unclear to date. This study investigated the anti-inflammatory effects and mechanisms of total tanshinones (TTN). TTN suppressed the expression of cyclooxygenase-2 (COX-2) and inducible nitric oxide  synthase (iNOS) and the secretion of TNF-α, IL-6, and IL-1β in RAW264.7 cells, bone marrow-derived macrophages, and THP-1 cells. TTN attenuated the LPS-induced  transcriptional activity of NF-κB and decreased IκB-α and IKK phosphorylation and NF-κB/p65 nuclear translocation. Furthermore, TTN inhibited the LPS-induced transcriptional activity of AP-1, which was induced by the reduction of JNK1/2, ERK1/2, and p38MAPK phosphorylation. TTN blocked LPS-induced Toll-like receptor 4 (TLR4) dimerization, which consequently decreased MyD88 recruitment and TAK1 phosphorylation. In addition, TTN pretreatment effectively inhibited xylene-induced ear edema and LPS-induced septic death and improved LPS-induced acute kidney injury in mice. TTN exerts anti-inflammatory effects in vitro and in vivo by blocking TLR4 dimerization to activate MyD88-TAK1-NF-κB/MAPK signaling cascades, which provide the molecular basis of the anti-inflammatory effect of Danshen and suggest that TTN is a potential agent for the treatment of inflammatory diseases.",Cell Death Dis,10.1038/cddis.2017.389 ,2017,Mouse; Raw264.7 Cells; bone marrow-derived macrophages; THP-1 cells,Animal & Cell Experiment,Inflammatory disorders
HBREF000007,31181334,HBIN021795,HBIN021795_31181334,"Cryptotanshinone; 35825-57-1; Tanshinone c; Cryptotanshinon; (R)-1,2,6,7,8,9-Hexahydro-1,6,6-trimethyl-phenanthro(1,2-b)furan-10,11-dione; (15R)-cryptotanshinone; C19H20O3; UNII-5E9SXT166N; 5E9SXT166N; (1R)-1,6,6-trimethyl-2,7,8,9-tetrahydro-1H-naphtho[1,2-g][1]benzofuran-10,11-dione",Ingredient,Cryptotanshinone protects against pulmonary fibrosis through inhibiting Smad and STAT3 signaling pathways,"Cryptotanshinone (CTS), a lipophilic compound extracted from root of Salvia miltiorrhiza (Danshen), has demonstrated multiple pharmacological activities, including anti-inflammation, anti-proliferation and anti-infection. However, the  effect of CTS on pulmonary fibrosis is unknown. This study aims to investigate the effects of CTS treatment on pulmonary fibrosis and its underlying mechanism.  The pulmonary fibrosis model was established by intratracheal instillation of bleomycin (5 mg/kg) in Sprague-Dawley rats (in vivo) and stimulating human fetal  lung fibroblasts (HLFs) with transforming growth factor-beta 1 (TGF-β1) (in vitro). CTS (7.5, 15, 30, 60 mg/kg/day) and pirfenidone (150 mg/kg/day, positive  control) were administered by oral gavage for 28 days. In this study, we found CTS treatment improved pulmonary function, relieved pathological changes and attenuated the accumulation of extracellular matrix in pulmonary fibrosis rat model induced by bleomycin. Mechanistically, CTS suppressed phosphorylation of Smad2/3 and STAT3 induced by TGF-β1 in HLFs. Stattic, a 1-benzothiophene based small-molecule STAT3 inhibitor, resulted in a significant down-regulation of fibrosis biomarkers including fibronectin, collagen type I and alpha smooth muscle actin (α-SMA). Overexpression of STAT3 promoted expression of fibrosis biomarkers in HLFs cell model induced by TGF-β1 and partially blocked the inhibitory effect of CTS on TGF-β1-induced fibrosis response. Taken together, these results suggested that CTS protects against pulmonary fibrosis via inhibition of Smad and STAT3 signaling pathways. Thus, CTS may represent a promising drug candidate for treating pulmonary fibrosis.",Pharmacol Res,10.1016/j.phrs.2019.104307 ,2019,Sprague-Dawley Rats,Animal Experiment,Pulmonary fibrosis; Pulmonary function
HBREF000008,30794925,HBIN023994,HBIN023994_30794925,"Dihydrotanshinone i; Dihydrotanshinone I; 87205-99-0; 15,16-dihydrotanshinone I; (-)-Dihydrotanshinone I; Dihydrotanshinone-I; Tanshinone I, dihydro-; HSDB 8105; UNII-562G9360V6; 562G9360V6",Ingredient,Dihydrotanshinone exhibits an anti-inflammatory effect in vitro and in vivo through blocking TLR4 dimerization,"Dihydrotanshinone (DHT), one of the major ingredients of Salvia miltiorrhiza Bunge (Danshen), displays many bioactivities. However, the activity and underlying mechanism of DHT in anti-inflammation have not yet been elucidated. In this study, we investigated the anti-inflammatory activity and molecular mechanism of action of DHT both in vitro and in vivo. Our data showed that DHT significantly decreased the release of inflammatory cytokines tumor necrosis factor-α (TNF-α), interleukin-6 (IL-6), and IL-1β in lipopolysaccharide (LPS)-stimulated RAW264.7 cells, THP-1 cells, and bone marrow-derived macrophages (BMDMs), and altered the expression of cyclooxygenase-2 (COX-2) and inducible nitric oxide synthase (iNOS). In addition, flow cytometry results indicated that  DHT reduced the calcium influx, and generation of reactive oxygen species (ROS),  and nitric oxide (NO) generation in LPS-stimulated RAW264.7 cells. Moreover, DHT  suppressed the transcription of nuclear factor-κB (NF-κB), the expressions of NF-κB proteins, and nuclear translocation of NF-κB/p65, thereby suggesting that the NF-κB pathway played a role in the anti-inflammatory action of DHT. In addition, DHT attenuated LPS-challenged activator protein-1 (AP-1) activity, resulting from interference of the mitogen-activated protein kinase (MAPK) pathway. The molecular docking simulation of DHT to toll-like receptor 4 (TLR4) suggested that DHT binds to the active sites of TLR4 to block TLR4 dimerization,  which was further corroborated by cellular thermal shift assay and co-immunoprecipitation (Co-IP) experiments. Furthermore, the recruitment of myeloid differentiation primary response gene 88 (MyD88) and the expression of transforming growth factor-b (TGF-b)-activated kinase 1 (p-TAK1) were disturbed by the inhibition of TLR4 dimerization. Thus, investigating the molecular mechanism of DHT indicated that TLR4-MyD88-NF-κB/MAPK signaling cascades were involved in the anti-inflammatory activity of DHT in vitro. In in vivo mouse models, DHT significantly ameliorated LPS-challenged acute kidney injury, inhibited dimethylbenzene-induced mouse ear oedema, and rescued LPS-induced sepsis in mice. Taken together, our results indicated that DHT exhibited significant anti-inflammatory activity both in vitro and in vivo, suggesting that DHT may be a potential therapeutic agent for inflammatory diseases.",Pharmacol Res,10.1016/j.phrs.2019.02.017 ,2019,RAW264.7 cells; THP-1 cells; Bone marrow-derived macrophages (BMDMs); Mouse,Animal & Cell Experiment,Inflammatory diseases
HBREF000012,29159022,HERB006570,HERB006570_29159022,Yi Zhi Hao; 一枝蒿; Alpine Yarrow; Artemisia Rupestris,Herb,Chinese herbal medicine compound Yi-Zhi-Hao pellet inhibits replication of influenza virus infection through activation of heme oxygenase-1,"As a leading cause of respiratory disease, influenza A virus (IAV) presents a pandemic threat in annual seasonal outbreaks. Given the limitation of existing anti-influenza therapies, there remains to be a requirement for new drugs. Compound Yi-Zhi-Hao pellet (CYZH) is a famous traditional Chinese medicine (TCM)  used in the clinic, whose formula has been recorded in Complication of National Standard for Traditional Chinese Medicine to treat common cold. In this study, we found that CYZH exhibited a broad-spectrum anti-influenza activity and inhibited  the expression of viral RNA and proteins in vitro. Mechanistically, CYZH had no inhibitory activities against viral protein hemagglutinin and IAV RNA-dependent RNA polymerase. Instead, it induced activation of erythroid 2-related factor 2 (Nrf2) and nuclear factor kappa B (NF-κB), which subsequently upregulated heme oxygenase-1 (HO-1) expression. Also, CYZH protected cells from oxidative damage induced by reactive oxygen series. In conclusions, CYZH inhibits IAV replication  in vitro, at least partly by activating expression of the Nrf2/HO-1 pathway.",Acta Pharm Sin B,10.1016/j.apsb.2017.05.006 ,2017,Madin-Darby Canine Kidney (Mdck) Cells,Cell Experiment,Respiratory disease; Respiratory disease
HBREF000013,27864022,HBIN030442,HBIN030442_27864022,"Isoarnebin 4; Shikonin; shikonin; 517-89-5; (R)-5,8-Dihydroxy-2-(1-hydroxy-4-methylpent-3-en-1-yl)naphthalene-1,4-dione; Tokyo Violet; (R)-(+)-Shikonin; Shikonin S; (+)-Shikonin; UNII-3IK6592UBW",Ingredient,Shikonin inhibits gefitinib-resistant non-small cell lung cancer by inhibiting TrxR and activating the EGFR proteasomal degradation pathway,"Non-small cell lung cancer (NSCLC) is the dominant type of lung cancer. Molecular targeting has highly improved the treatment efficacy of lung cancer, but new challenges have emerged, such as gefitinib-resistance and cancer recurrence. Therefore, new chemotherapeutic agents and treatment strategies are urgently needed. Shikonin is the main active component of a Chinese medicinal plant 'Zi Cao', which has been shown to exhibit powerful anti-cancer activity in certain types of cancer; however, its activity in gefitinib-resistant lung cancer has never been addressed. In this study, we used a high-throughput screening assay for epidermal growth factor receptor (EGFR) inhibitors and discovered that Shikonin is a potent inhibitor of EGFR. The cytotoxicity of Shikonin and its anti-cancer mechanism in NSCLC was deeply explored. Shikonin exhibited selective  cytotoxicity among two NSCLC cell lines (H1975 and H1650) and one normal lung fibroblast cell line (CCD-19LU). Shikonin significantly increased the activity of caspases and poly (ADP-ribosyl) polymerase (PARP), which are indicators of apoptosis, and the intensity of ROS by greater than 10-fold. NAC, an inhibitor of ROS, completely blocked apoptosis, caspase and PARP activation induced by Shikonin. Shikonin remarkably suppressed the phosphorylation of EGFR and led to EGFR degradation. The enhancement of ROS generation in H1650 and H1975 gefitinib-resistant NSCLC cells leads to impairment of growth and induction of apoptosis, whereas modulation of EGFR degradation and its downstream signalling pathways by Shikonin contributes to its anti-tumour properties in H1975 gefitinib-resistant NSCLC cells (with T790M and L858R activating mutations). Shikonin-induced cell apoptosis is closely associated with ROS elevation in the cells. These findings indicate that Shikonin can be an effective small molecule treating gefitinib-resistant NSCLC.",Pharmacol Res,10.1016/j.phrs.2016.11.011 ,2017,Nsclc Cell Lines (H1975 And H1650); Normal Lung Fibroblast Cell Line (Ccd-19Lu),Cell Experiment,Non-small cell lung cancer 
HBREF000015,28434923,HBFO002061,HBFO002061_28434923,Huang Lian Jie Du Tang; 黄连解毒汤; Huang Lian Jie Du Decoction,Formula,Deciphering the mechanism of Huang-Lian-Jie-Du-Decoction on the treatment of sepsis by formula decomposition and metabolomics: Enhancement of cholinergic pathways and inhibition of HMGB-1/TLR4/NF-κB signaling,"Sepsis is the major cause of morbidity and mortality in surgical patients. Huang-Lian-Jie-Du-Decoction (HLJDD), a well-known Chinese herb formula, has long  been used for the treatment of sepsis. In this investigation, by leaving one herb out each time, the four component herbs of HLJDD were reformulated to four HLJDD  variants Form1-4, corresponding to the removal of Phellodendri Chinensis Cortex,  Scutellariae Radix, Gardeniae Fructu and Coptidis Rhizoma, respectively. Metabolomics approach combined with histological inspection, biochemical measurement and molecular biology was used to investigate the treatment effects of HLJDD and its four variants on cecal ligation and puncture (CLP) model of sepsis, which were compared to decipher the formulating principles of HLJDD. Our  results showed that HLJDD exhibit the strongest therapeutic effects in the CLP models as compared with the four variants, which could be ascribed to its most significant enhancement of cholinergic anti-inflammatory pathway and inhibition of HMGB-1/TLR4/NF-κB signaling pathway. Most of all, metabolites changed specifically between groups of HLJDD and its four variants were related with the  exceptional treatment effects of HLJDD.",Pharmacol Res,10.1016/j.phrs.2017.04.016 ,2017,Cecal Ligation And Puncture (Clp) Model,Cell Experiment,
HBREF000017,31348992,HBFO000856,HBFO000856_31348992,Deng Zhan Xi Xin Zhu She Ye; 灯盏细辛注射液; Deng Zhan Xi Xin Injection; Dengzhanxixin Injection,Formula,Computational systems pharmacology reveals an antiplatelet and neuroprotective mechanism of Deng-Zhan-Xi-Xin injection in the treatment of ischemic stroke,"Herbs are typically prescribed in traditional Chinese medicine (TCM) to treat complex diseases. The multicomponent nature of herbal drug ingredients makes it difficult to readily understand their mode of action. To decipher their molecular mechanisms, here we proposed a novel computational systems pharmacology based approach, which consisted of transcriptome profiling, data collection, statistical analysis, network algorithm, bioinformatics analysis and pharmacological validation. The network algorithm called signed random walk with restart (SRWR) was used to simulate the propagation of drugs' effects on networks. This algorithm could identify proteins either positively or negatively regulated (activated or inhibited) by drugs on human signaling networks. To establish proof of principle, the herbal product Deng-Zhan-Xi-Xin injection (DZXXI), which exhibits pharmacological effects in ischemic stroke but its mechanism was unclear, was analyzed. Eighty-three targets were predicted with high confidence for DZXXI's active compounds in plasma, and 87 differentially expressed genes (DEGs) were identified in MCF7 cells treated with DZXXI. These target genes were further found to be associated with pathways involved in neuronal apoptosis in ischemic stroke, such as NF-kappaB signaling, TNF signaling, and PI3K-Akt signaling. Intersection analysis between DZXXI's putative targets with ischemic stroke-associated genes identified two important targets (PTGS1, PTGS2) corresponding to four DZXXI compounds, which were further validated using in silico and in vitro/vivo models. The most inhibited genes identified by the SRWR algorithm were significantly enriched with ischemic stroke-associated disease genes, antiplatelet associated pathways, and their encoded proteins were enriched in brain, vascular endothelium and platelets. The CMAP analysis based on DEGs suggested that DZXXI could function as both an anti-inflammatory and anti-platelet agent. Taken together, the computational analysis suggested that DZXXI exhibited anti-platelet and neuroprotective effects in the treatment of ischemic stroke. These deductions were preliminarily confirmed by subsequent in vitro/vivo studies. This approach provides a systems perspective to study the relevance between herbal drugs and disease processes, and can reveal possible pharmacological effects of multiple ingredients within herbal product.",Pharmacol Res,10.1016/j.phrs.2019.104365,2019,human; MCF7 cells,Cell Experiment,ischemic stroke-associated disease; ischemic stroke
HBREF000023,21278762,HERB003610,HERB003610_21278762,Luo Xuan Zao; 螺旋藻; Spirulina Major Kuetz.; Spirulina Platensis,Herb,The effects of Spirulina on anemia and immune function in senior citizens,"Anemia and immunological dysfunction (i.e. immunosenescence) are commonly found in older subjects and nutritional approaches are sought to counteract these phenomena. Spirulina is a filamentous and multicellular bule-green alga capable of reducing inflammation and also manifesting antioxidant effects. We hypothesized that Spirulina may ameliorate anemia and immunosenescence in senior  citizens with a history of anemia. We enrolled 40 volunteers of both sexes with an age of 50 years or older who had no history of major chronic diseases. Participants took a Spirulina supplementation for 12 weeks and were administered  comprehensive dietary questionnaires to determine their nutritional regimen during the study. Complete cell count (CCC) and indoleamine 2,3-dioxygenase (IDO) enzyme activity, as a sign of immune function, were determined at baseline and weeks 6 and 12 of supplementation. Thirty study participants completed the entire study and the data obtained were analyzed. Over the 12-week study period, there was a steady increase in average values of mean corpuscular hemoglobin in subjects of both sexes. In addition, mean corpuscular volume and mean corpuscular hemoglobin concentration also increased in male participants. Older women appeared to benefit more rapidly from Spirulina supplements. Similarly, the majority of subjects manifested increased IDO activity and white blood cell count at 6 and 12 weeks of Spirulina supplementation. Spirulina may ameliorate anemia and immunosenescence in older subjects. We encourage large human studies to determine whether this safe supplement could prove beneficial in randomized clinical trials.",Cell Mol Immunol,10.1038/cmi.2010.76 ,2011,50 Years Or Older Volunteers,Clinical Experiment,
HBREF000026,27376063,HERB003658,HERB003658_27376063,Ma Huang; 麻黄; Ephedra; Ephedrae Herba; Herba Ephedrae,Herb,"Efficient Use of a Crude Drug/Herb Library Reveals Ephedra Herb As a Specific Antagonist for TH2-Specific Chemokine Receptors CCR3, CCR4, and CCR8","Chemokine receptors CCR3 and CCR4 are preferentially expressed by TH2 cells, mast cells, and/or eosinophils, all of which are involved in the pathogenesis of allergic diseases. Therefore, CCR3 and CCR4 have long been highlighted as potent  therapeutic targets for allergic diseases. Japanese traditional herbal medicine Kampo consists of multiple crude drugs/herbs, which further consist of numerous chemical substances. Recent studies have demonstrated that such chemical substances appear to promising sources in the development of novel therapeutic agents. Based on these findings, we hypothesize that Kampo-related crude drugs/herbs would contain chemical substances that inhibit the cell migration mediated by CCR3 and/or CCR4. To test this hypothesis, we screened 80 crude drugs/herbs to identify candidate substances using chemotaxis assay. Among those  tested, Ephedra Herb inhibited the chemotaxis mediated by both CCR3 and CCR4, Cornus Fruit inhibited that mediated by CCR3, and Rhubarb inhibited that mediated by CCR4. Furthermore, Ephedra Herb specifically inhibited the chemotaxis mediated by not only CCR3 and CCR4 but CCR8, all of which are selectively expressed by TH2 cells. This result led us to speculate that ephedrine, a major component of Ephedra Herb, would play a central role in the inhibitory effects on the chemotaxis mediated by CCR3, CCR4, and CCR8. However, ephedrine exhibited little  effects on the chemotaxis. Therefore, we fractionated Ephedra Herb into four subfractions and examined the inhibitory effects of each subfraction. As the results, ethyl acetate-insoluble fraction exhibited the inhibitory effects on chemotaxis and calcium mobilization mediated by CCR3 and CCR4 most significantly. In contrast, chloroform-soluble fraction exhibited a weak inhibitory effect on the chemotaxis mediated by CCR8. Furthermore, maoto, one of the Kampo formulations containing Ephedra Herb, exhibited the inhibitory effects on the chemotaxis mediated by CCR3, CCR4, and CCR8. Taken together, our data suggest that these crude drugs/herbs might be useful sources to develop new drugs targeting TH2-mediated allergic diseases.",Front Cell Dev Biol,10.3389/fcell.2016.00054 ,2016,TH2 cells,Cell Experiment,Allergic diseases
HBREF000027,25989179,HERB003985,HERB003985_25989179,Mo Gu; 蘑菇; Mushroom Equivalent Plant: Agaricus Bisporus; Fructificatio Agarici Bispori; Fructificatio Agarici Campestris,Herb,A phase I trial of mushroom powder in patients with biochemically recurrent prostate cancer: Roles of cytokines and myeloid-derived suppressor cells for Agaricus bisporus-induced prostate-specific antigen responses,"BACKGROUND: Each year in the United States, nearly 50,000 prostate cancer patients exhibit a rise in prostate-specific antigen (PSA) levels, which can indicate disease recurrence. For patients with biochemically recurrent prostate cancer, we evaluated the effects of white button mushroom (WBM) powder on serum PSA levels and determined the tolerability and biological activity of WBM. METHODS: Patients with continuously rising PSA levels were enrolled in the study. Dose escalation was conducted in cohorts of 6; this ensured that no more than 1 patient per cohort experienced dose-limiting toxicity (DLT). The primary objective was to evaluate treatment feasibility and associated toxicity. The secondary objectives were to determine WBM's effect on serum PSA/androgen levels; myeloid-derived suppressor cells (MDSCs); and cytokine levels. RESULTS: Thirty-six patients were treated; no DLTs were encountered. The overall  PSA response rate was 11%. Two patients receiving 8 and 14 g/d demonstrated complete response (CR): their PSA declined to undetectable levels that continued  for 49 and 30 months. Two patients who received 8 and 12 g/d experienced partial  response (PR). After 3 months of therapy, 13 (36%) patients experienced some PSA  decrease below baseline. Patients with CR and PR demonstrated higher levels of baseline interleukin-15 than nonresponders; for this group, we observed therapy-associated declines in MDSCs. CONCLUSIONS: Therapy with WBM appears to both impact PSA levels and modulate the  biology of biochemically recurrent prostate cancer by decreasing immunosuppressive factors.",Cancer,10.1002/cncr.29421 ,2015,Patients With Continuously Rising Psa Levels,Clinical Experiment,
HBREF000028,26852333,HERB007244,HERB007244_26852333,Zong Lv; 棕榈; Fortune Windmillpalm Petiole; Petiolus Trachycarpi; Trachycarpi Petiolus,Herb,Exosome-like vesicles released from lipid-induced insulin-resistant muscles modulate gene expression and proliferation of beta recipient cells in mice,"AIMS/HYPOTHESIS: The crosstalk between skeletal muscle (SkM) and beta cells plays a role in diabetes aetiology. In this study, we have investigated whether SkM-released exosome-like vesicles (ELVs) can be taken up by pancreatic beta cells and can deliver functional cargoes. METHODS: Mice were fed for 16 weeks with standard chow diet (SCD) or with standard diet enriched with 20% palmitate (HPD) and ELVs were purified from quadriceps muscle. Fluorescent ELVs from HPD or SCD quadriceps were injected i.v. or intramuscularly (i.m.) into mice to determine their biodistributions. Micro (mi)RNA quantification in ELVs was determined using quantitative real-time RT-PCR (qRT-PCR)-based TaqMan low-density arrays. Microarray analyses were performed to  determine whether standard diet ELVs (SD-ELVs) and high palmitate diet ELVs (HPD-ELVs) induced specific transcriptional signatures in MIN6B1 cells. RESULTS: In vivo, muscle ELVs were taken up by pancreas, 24 h post-injection. In  vitro, both SD-ELVs and HPD-ELVs transferred proteins and miRNAs to MIN6B1 cells  and modulated gene expressions whereas only HPD-ELVs induced proliferation of MIN6B1 cells and isolated islets. Bioinformatic analyses suggested that transferred HPD-ELV miRNAs may participate in these effects. To validate this, we demonstrated that miR-16, which is overexpressed in HPD-ELVs, was transferred to  MIN6B1 cells and regulated Ptch1, involved in pancreas development. In vivo, islets from HPD mice showed increased size and altered expression of genes involved in development, including Ptch1, suggesting that the effect of palm oil  on islet size in vivo was reproduced in vitro by treating beta cells with HPD-ELVs. CONCLUSIONS/INTERPRETATION: Our data suggest that muscle ELVs might have an endocrine effect and could participate in adaptations in beta cell mass during insulin resistance.",Diabetologia,10.1007/s00125-016-3882-y ,2016,Mice,Animal Experiment,Diabetes 
HBREF000029,31202812,HERB000960,HERB000960_31202812,Cu; 醋; Vinegar,Herb,Dietary vinegar prevents kidney stone recurrence via epigenetic regulations,"BACKGROUND: Epidemiological evidence of over 9000 people suggests that daily intake of vinegar whose principal bioactive component is acetic acid is associated with a reduced risk of nephrolithiasis. The underlying mechanism, however, remains largely unknown. METHODS: We examined the in vitro and in vivo anti-nephrolithiasis effects of vinegar and acetate. A randomized study was performed to confirm the effects of vinegar in humans. FINDINGS: We found individuals with daily consumption of vinegar compared to those without have a higher citrate and a lower calcium excretion in urine, two critical molecules for calcium oxalate (CaOx) kidney stone in humans. We observed that oral administration of vinegar or 5% acetate increased citrate and reduced calcium in urinary excretion, and finally suppressed renal CaOx crystal formation in a rat model. Mechanism dissection suggested that acetate enhanced acetylation  of Histone H3 in renal tubular cells and promoted expression of microRNAs-130a-3p, -148b-3p and -374b-5p by increasing H3K9, H3K27 acetylation at their promoter regions. These miRNAs can suppress the expression of Nadc1 and Cldn14, thus enhancing urinary citrate excretion and reducing urinary calcium excretion. Significantly these mechanistic findings were confirmed in human kidney tissues, suggesting similar mechanistic relationships exist in humans. Results from a pilot clinical study indicated that daily intake of vinegar reduced stone recurrence, increased citrate and reduced calcium in urinary excretion in CaOx stone formers without adverse side effects. INTERPRETATION: Vinegar prevents renal CaOx crystal formation through influencing urinary citrate and calcium excretion via epigenetic regulations. Vinegar consumption is a promising strategy to prevent CaOx nephrolithiasis occurrence and recurrence. FUND: National Natural Science Foundations of China and National  Natural Science Foundation of Guangdong Province.",EBioMedicine,10.1016/j.ebiom.2019.06.004 ,2019,People; Rat,Clinical & Animal Experiment,
HBREF000031,28951519,HBIN022956,HBIN022956_28951519,"Degalactotigonin; 39941-51-0; DTXSID90276515; 5260-40-2; CHEMBL454566; 3-O-(beta-Lycotetraosyl)-(25R)-5alpha-spirostan-3beta-ol; DTXCID80227793; Degalactotigonin, analytical standard; AKOS040763715; (3beta,5alpha,25R)-Spirostan-3-yl O-beta-D-glucopyranosyl-(1-2)-O-(beta-D-xylopyranosyl-(1-3))-O-beta-D-glucopyranosyl-(1-4)-beta-D-galactopyranoside",Ingredient,"Degalactotigonin, a Natural Compound from Solanum nigrum L., Inhibits Growth and Metastasis of Osteosarcoma through GSK3β Inactivation-Mediated Repression of the Hedgehog/Gli1 Pathway","Purpose: Agents extracted from natural sources with antitumor property have attracted considerable attention from researchers and clinicians because of their safety, efficacy, and immediate availability. Degalactotigonin (DGT), extracted from Solanum nigrum L, has anticancer properties without serious side effects. Here, we explored whether DGT can inhibit the growth and metastasis of osteosarcoma.Experimental Design: MTT, colony formation, and apoptosis assays were performed to analyze the effects of DGT on osteosarcoma cell viability in vitro The migration and invasion abilities were measured using a Transwell assay. Animal models were used to assess the roles of DGT in both tumor growth and metastasis of osteosarcoma. Gli1 expression and function were measured in osteosarcoma cells and clinical samples. After DGT treatment, Gli1 activation and the phosphorylation status of multiple cellular kinases were measured with a luciferase reporter and phospho-kinase antibody array.Results: DGT inhibited proliferation, induced apoptosis, and suppressed migration and invasion in osteosarcoma cells. DGT, injected intraperitoneally after tumor inoculation, significantly decreased the volume of osteosarcoma xenografts and dramatically diminished the occurrence of osteosarcoma xenograft metastasis to the lungs. Mechanistically, DGT inhibited osteosarcoma growth and metastasis through repression of the Hedgehog/Gli1 pathway, which maintains malignant phenotypes and is involved in the prognosis of osteosarcoma patients. DGT decreased the activity of multiple intracellular kinases that affect the survival of osteosarcoma patients, including GSK3β. In addition, DGT represses the Hedgehog/Gli1 pathway mainly through GSK3β inactivation.Conclusions: Our studies provide evidence that  DGT can suppress the growth and metastasis of human osteosarcoma through modulation of GSK3β inactivation-mediated repression of the Hedgehog/Gli1 pathway. Clin Cancer Res; 24(1); 130-44.  2017 AACR.",Clin Cancer Res,10.1158/1078-0432.CCR-17-0692 ,2018,Osteosarcoma Cells; Animal models,Animal & Cell Experiment,
HBREF000034,31848186,HERB006344,HERB006344_31848186,Yan Cao; 烟草; Common Tobacco; Folium Nicotianae Tabaci,Herb,Effects of Tobacco Smoking on the Tumor Immune Microenvironment in Head and Neck Squamous Cell Carcinoma,"PURPOSE: Patients with head and neck squamous cell carcinoma (HNSCC) who actively smoke during treatment have worse survival compared with never-smokers and former-smokers. We hypothesize the poor prognosis in tobacco smokers with HNSCC is, at least in part, due to ongoing suppression of immune response. We characterized the tumor immune microenvironment (TIM) of HNSCC in a retrospective cohort of 177 current, former, and never smokers. EXPERIMENTAL DESIGN: Tumor specimens were subjected to analysis of CD3, CD8, FOXP3, PD-1, PD-L1, and pancytokeratin by multiplex immunofluorescence, whole-exome sequencing, and RNA sequencing. Immune markers were measured in tumor core, tumor margin, and stroma. RESULTS: Our data indicate that current smokers have significantly lower numbers  of CD8+ cytotoxic T cells and PD-L1+ cells in the TIM compared with never- and former-smokers. While tumor mutation burden and mutant allele tumor heterogeneity score do not associate with smoking status, gene-set enrichment analyses reveal significant suppression of IFNα and IFNγ response pathways in current smokers. Gene expression of canonical IFN response chemokines, CXCL9, CXCL10, and CXCL11,  are lower in current smokers than in former smokers, suggesting a mechanism for the decreased immune cell migration to tumor sites. CONCLUSIONS: These results suggest active tobacco use in HNSCC has an immunosuppressive effect through inhibition of tumor infiltration of cytotoxic T  cells, likely as a result of suppression of IFN response pathways. Our study highlights the importance of understanding the interaction between smoking and TIM in light of emerging immune modulators for cancer management.",Clin Cancer Res,10.1158/1078-0432.CCR-19-1769 ,2019,Patients With Head And Neck Squamous Cell Carcinoma (Hnscc),Clinical Experiment,Head and neck squamous cell carcinoma ; Tumor immune microenvironment 
HBREF000045,31494573,HERB006344,HERB006344_31494573,Yan Cao; 烟草; Common Tobacco; Folium Nicotianae Tabaci,Herb,"Systemic biomarkers of inflammation, oxidative stress and tissue injury and repair among waterpipe, cigarette and dual tobacco smokers","BACKGROUND: Waterpipe tobacco (WPT) smoking is associated with deleterious effects on cardio-pulmonary systems which may have adverse repercussions in pathophysiology and progression of chronic lung and cardiovascular diseases. We compared the biomarkers of systemic inflammation, lipid mediators, injury/repair  and oxidative stress between groups of non-smokers (NS), exclusive WPT smokers (WPS), exclusive cigarette smokers (CS) and dual WPS and CS (DS). METHODS: Two cohorts were recruited. Cohort I consisted of WPS (n=12), CS (n=26), DS (n=10) and NS (n=25). Cohort II consisted of WPS (n=33) and NS (n=24). Plasma  and urine samples were collected and analysed for various systemic biomarkers. RESULTS: Compared with NS, plasma levels of inflammatory mediators (interleukin (IL)-6, IL-8, IL1β and tumor necrosis factor-α) were significantly higher in WPS  and CS, and were further augmented in DS. Endothelial biomarkers (intracellular adhesion molecule-1, prostaglandin E-2 and metalloproteinase-9) were significantly higher in CS. Most notably, pro-resolving lipid mediator (resolvin  E1) and biomarkers of immunity, tissue injury, and repair were significantly lower in WPS and CS. Urinary levels of 8-isoprostane were significantly higher in all smoking groups in cohort I, while 8-isoprostane, myeloperoxidase, receptor for advanced glycation end products (RAGE), En-RAGE and matrix metalloproteinase-9 were significantly higher in all smoking groups in cohort II. CONCLUSIONS: Biomarkers of inflammation, oxidative stress, immunity, tissue injury and repair were elevated in WPS and CS groups. Furthermore, concurrent use of WPT and cigarettes is more harmful than cigarette or WPT smoking alone. These  data may help inform the public and policy-makers about the dangers of WPT smoking and dual use of tobacco products.",Tob Control,10.1136/tobaccocontrol-2019-054958 ,2019,People,Clinical Experiment,Inflammation; Oxidative stress; Immunity ; Tissue injury and repair
HBREF000058,23506616,HERB006741,HERB006741_23506616,Yu Xing Cao; 鱼腥草; Heartleaf Houttuynia Herb; All-Grass of Heartleaf Houttuynia; Herba Houttuyniae; Houttuyniae Herba,Herb,Houttuynia cordata Thunb extract modulates G0/G1 arrest and Fas/CD95-mediated death receptor apoptotic cell death in human lung cancer A549 cells,"BACKGROUND: Houttuynia cordata Thunb (HCT) is commonly used in Taiwan and other Asian countries as an anti-inflammatory, antibacterial and antiviral herbal medicine. In this study, we investigated the anti-human lung cancer activity and  growth inhibition mechanisms of HCT in human lung cancer A549 cells. RESULTS: In order to investigate effects of HCT on A549 cells, MTT assay was used to evaluate cell viability. Flow cytometry was employed for cell cycle analysis,  DAPI staining, and the Comet assay was used for DNA fragmentation and DNA condensation. Western blot analysis was used to analyze cell cycle and apoptotic  related protein levels. HCT induced morphological changes including cell shrinkage and rounding. HCT increased the G0/G1 and Sub-G1 cell (apoptosis) populations and HCT increased DNA fragmentation and DNA condensation as revealed  by DAPI staining and the Comet assay. HCT induced activation of caspase-8 and caspase-3. Fas/CD95 protein levels were increased in HCT-treated A549 cells. The  G0/G1 phase and apoptotic related protein levels of cyclin D1, cyclin A, CDK 4 and CDK 2 were decreased, and p27, caspase-8 and caspase-3 were increased in A549 cells after HCT treatment. CONCLUSIONS: The results demonstrated that HCT-induced G0/G1 phase arrest and Fas/CD95-dependent apoptotic cell death in A549 cells.",J Biomed Sci,10.1186/1423-0127-20-18 ,2013,Lung Cancer A549 Cells,Cell Experiment,
HBREF000060,21904380,HBIN047173,HBIN047173_21904380,Triptolide; 38748-32-2; Triptolid; NSC 163062; PG490; UNII-19ALD1S53J; NSC-163062; 19ALD1S53J; TRIPTOLIDE [MI]; MFCD00210565,Ingredient,"MRx102, a triptolide derivative, has potent antileukemic activity in vitro and in a murine model of AML","Triptolide, isolated from the herb Tripterygium wilfordii, has been shown to potently induce apoptosis in various malignant cells by inhibiting RNA synthesis  and nuclear factor-κB activity. Previously, we showed that triptolide promotes apoptosis in acute myeloid leukemia (AML) cells via the mitochondria-mediated pathway, in part, by decreasing levels of the anti-apoptotic proteins XIAP and Mcl-1. MRx102 is a triptolide derivative, currently in preclinical development. Here we show that MRx102 potently promoted apoptosis in AML cell lines, with EC(50) values of 14.5±0.6 nM and 37.0±0.9 nM at 48 h for OCI-AML3 and MV4-11 cells, respectively. MRx102, at low nanomolar concentrations, also induced apoptosis in bulk, CD34(+) progenitor, and more importantly, CD34(+)CD38(-) stem/progenitor cells from AML patients, even when they were protected by coculture with bone marrow derived mesenchymal stromal cells. MRx102 decreased XIAP and Mcl-1 protein levels and inhibited RNA synthesis in OCI-AML3 cells. In vivo, MRx102 greatly decreased leukemia burden and increased survival time in non-obese diabetic/severe combined immunodeficiency mice harboring Ba/F3-ITD cells. Collectively, we demonstrated that MRx102 has potent antileukemic activity both in vitro and in vivo, has the potential to eliminate AML stem/progenitor cells and overcome microenvironmental protection of leukemic cells, and warrants  clinical investigation.",Leukemia,10.1038/leu.2011.246 ,2012,"Murine,Aml Cell Lines",Animal & Cell Experiment,Leukemia
HBREF000062,30268831,HBIN047148,HBIN047148_30268831,"Tripterine; Celastrol; celastrol; 34157-83-0; Tripterin; (2R,4aS,6aS,12bR,14aS,14bR)-10-hydroxy-2,4a,6a,9,12b,14a-hexamethyl-11-oxo-1,2,3,4,4a,5,6,6a,11,12b,13,14,14a,14b-tetradecahydropicene-2-carboxylic acid; (2R,4aS,6aR,6aS,14aS,14bR)-10-hydroxy-2,4a,6a,6a,9,14a-hexamethyl-11-oxo-1,3,4,5,6,13,14,14b-octahydropicene-2-carboxylic acid; NSC 70931; UNII-L8GG98663L; CHEBI:63959",Ingredient,Celastrol ameliorates cisplatin nephrotoxicity by inhibiting NF-κB and improving mitochondrial function,"BACKGROUND: Celastrol is an active ingredient of Chinese medicine Tripterygium wilfordii which is clinically used to treat the immune diseases. Currently, celastrol is documented as a potent agent for treating cancer and inflammatory disorders. This study was to investigate the effect of celastrol on cisplatin nephrotoxicity and the underlying mechanism. METHODS: Male C57BL/6 mice were treated with cisplatin (20 mg/kg) with or without celastrol treatment (1 and 2 mg/kg/day). In vitro, human proximal tubule epithelial cell line (HK-2) and mouse renal tubule epithelial cells (RTECs) were  treated with cisplatin (5 μg/mL) with or without celastrol administration. Then renal injury and cell damage were evaluated. FINDINGS: In vivo, after celastrol treatment, cisplatin-induced kidney injury was significantly ameliorated as shown by the improvement of renal function (BUN, serum creatinine, and cystatin C), kidney morphology (PAS staining) and oxidative stress (MDA) and the suppression of renal tubular injury markers of KIM-1 and NGAL. Meanwhile, the renal apoptosis and inflammation induced by cisplatin were also strikingly attenuated in celastrol-treated mice. In vitro, celastrol treatment markedly inhibited cisplatin-induced renal tubular cell apoptosis, suppressed NF-κB activation, and improved mitochondrial function evidenced by the restored mtDNA copy number, mitochondrial membrane potential, and OXPHOS activity in cisplatin-treated renal tubular epithelial cells. INTERPRETATION: This work suggested that celastrol could protect against cisplatin-induced acute kidney injury possibly through suppressing NF-κB and improving mitochondrial function. FUND: The National Natural Science Foundation of China, National Key Research and Development Program, and Natural Science Foundation of Jiangsu Province.",EBioMedicine,10.1016/j.ebiom.2018.09.031 ,2018,"Male C57Bl/6 Mice,Human Proximal Tubule Epithelial Cell Line (Hk-2) And Mouse Renal Tubule Epithelial Cells (Rtecs)",Animal & Cell Experiment,Inflammation 
HBREF000064,31277646,HERB003354,HERB003354_31277646,Lian Hua; 楝花; Chinaberry-Tree Flower; Melia Azedarach,Herb,5'-hydroxy Auraptene stimulates osteoblast differentiation of bone marrow-derived mesenchymal stem cells via a BMP-dependent mechanism,"BACKGROUND: Identifying bone anabolic agents is a superior strategy for the treatment of osteoporosis. Naturally, derived coumarin derivatives have shown osteoanabolic effect in vitro and in vivo. In this study, we investigated the effect of 5'-Hydroxy Auraptene (5'-HA), a coumarin derivative that newly isolated from Lotus lalambensis Schweinf on the differentiation of the mouse bone marrow-derived mesenchymal (skeletal) stem cells (mBMSCs) into osteoblast and adipocyte. METHODS: The effect of 5'-HA on mBMSCs cell proliferation and osteoblast differentiation was assessed by measuring cell viability, quantitative alkaline phosphatase (ALP) activity assay, Alizarin red staining for matrix mineralization and osteogenic gene array expression. Adipogenesis was measured by Oil Red O staining and quantitative real time PCR (qPCR) analysis of adipogenic markers. Regulation of BMPs signaling pathways by 5'-HA was measured by Western blot analysis and qPCR. RESULTS: 5'-HA showed to stimulate the differentiation of mBMSCs into osteogenic  cell lineage in a dose-dependent manner, without affecting their differentiation  into adipocytic cell lineage. Treatment of mBMSCs with 5'-HA showed to promote significantly the BMP2-induced osteogenesis in mBMSCs via activating Smad1/5/8 phosphorylation and increasing Smad4 expression. Blocking of BMP signaling using  BMPR1 selective inhibitor LDN-193189 significantly inhibited the stimulatory effect of 5'-HA on osteogenesis. CONCLUSIONS: Our data identified 5'-HA, as a novel coumarin derivative that function to stimulate the differentiation of mBMSCs into osteoblasts in BMP-signaling dependent mechanism.",J Biomed Sci,10.1186/s12929-019-0544-7 ,2019,Mouse Bone Marrow-Derived Mesenchymal (Skeletal) Stem Cells (Mbmscs),Cell Experiment,Osteoporosis
HBREF000065,31569788,HERB003361,HERB003361_31569788,Lian Qiao; 连翘; Weeping Forsythia Capsule; Fructus Forsythiae; Forsythiae Fructus,Herb,"Anti-Inflammatory Mechanisms of Koreanaside A, a Lignan Isolated from the Flower of Forsythia koreana, against LPS-Induced Macrophage Activation and DSS-Induced Colitis Mice: The Crucial Role of AP-1, NF-κB, and JAK/STAT Signaling","The current treatment options for inflammatory bowel disease (IBD) are unsatisfactory. Therefore, novel and safer therapies are needed. We previously reported that koreanaside A (KA) showed high radical scavenging activity and suppressed vascular cell adhesion molecule 1 (VCAM-1) expression in vascular smooth muscle cells. However, the molecular mechanisms involved in its anti-inflammatory effect have not been reported. KA inhibited pro-inflammatory mediators such as inducible nitric oxide synthase (iNOS), cyclooxygenase-2 (COX-2), nitric oxide (NO), and prostaglandin E2 (PGE2). KA inhibited the production and mRNA expression of interleukin (IL)-6 and tumor necrosis factor-α  (TNF-α) induced by LPS. KA downregulated the myeloid differentiation primary response 88 (MyD88)-dependent inflammatory gene expressions in the MyD88-overexpressed cells. KA suppressed the LPS-induced transcriptional and DNA-binding activities of activator protein-1 (AP-1) and nuclear factor-kappa B (NF-κB). KA was found to inhibit the phosphorylation of Janus kinase 1/2 (JAK1/2) and signal transducers and activators of transcription 1/3 (STAT1/3). In DSS-induced colitis mice, KA relieved the symptoms of colitis by suppressing inflammatory cell infiltration, restoring tight junction (TJ)- and epithelial-mesenchymal transition (EMT)-related protein expression, and inactivating AP-1, NF-κB, and STAT1/3. Therefore, KA reduced inflammatory responses by downregulating AP-1, NF-κB, and JAK/STAT signaling in LPS-induced macrophages and DSS-induced colitis mice.",Cells,10.3390/cells8101163 ,2019,Colitis Mice,Animal Experiment,Inflammatory bowel disease 
HBREF000067,28076758,HERB003444,HERB003444_28076758,Ling Zhi; 灵芝; Glossy Ganoderma; Lucid Ganoderma; Ganoderma,Herb,Polysaccharides from Ganoderma lucidum Promote Cognitive Function and Neural Progenitor Proliferation in Mouse Model of Alzheimer's Disease,"Promoting neurogenesis is a promising strategy for the treatment of cognition impairment associated with Alzheimer's disease (AD). Ganoderma lucidum is a revered medicinal mushroom for health-promoting benefits in the Orient. Here, we  found that oral administration of the polysaccharides and water extract from G. lucidum promoted neural progenitor cell (NPC) proliferation to enhance neurogenesis and alleviated cognitive deficits in transgenic AD mice. G. lucidum  polysaccharides (GLP) also promoted self-renewal of NPC in cell culture. Further  mechanistic study revealed that GLP potentiated activation of fibroblast growth factor receptor 1 (FGFR1) and downstream extracellular signal-regulated kinase (ERK) and AKT cascades. Consistently, inhibition of FGFR1 effectively blocked the GLP-promoted NPC proliferation and activation of the downstream cascades. Our findings suggest that GLP could serve as a regenerative therapeutic agent for the treatment of cognitive decline associated with neurodegenerative diseases.",Stem Cell Reports,10.1016/j.stemcr.2016.12.007 ,2017,Transgenic Ad Mice,Animal Experiment,Alzheimer's disease
HBREF000069,21490426,HERB003444,HERB003444_21490426,Ling Zhi; 灵芝; Glossy Ganoderma; Lucid Ganoderma; Ganoderma,Herb,"GMI, an immunomodulatory protein from Ganoderma microsporum, induces autophagy in non-small cell lung cancer cells","Autophagy is a self-digestive process that degrades the cytoplasmic constituents. Immunomodulatory protein, one major bioactive component of Ganoderma, has antitumor activity. In this study, recombinant fungal immunomodulatory protein, GMI, was cloned from Ganoderma microsporum and purified. We demonstrated that GMI induces lung cancer cell death by activating autophagy, but does not induce apoptotic cell death. On western blot, GMI increased LC3 conversion and decreased p53 expression in a time- and concentration-dependent manner. Cytoplasmic calcium chelator BAPTA-AM was used to prove that GMI promotes autophagy via a calcium-mediated signaling pathway. 3-methyladenine (3-MA), an autophagy inhibitor, enhanced the cytotoxicity of GMI on cell viability assay. Using VZV-G  pseudotyped lentivirus-shRNA system for autophagy-related genes silencing, the capabilities of GMI to reduce cell viability and colony formation were abolished  in autophagy-defective cells. Furthermore, GMI did not stimulate apoptosis after  blocking of autophagy by 3-MA or shRNA knockdown system. In xenograft studies, oral administration of GMI inhibited the tumor growth and induced autophagy significantly in nude mice that had received a subcutaneous injection of A549 cells. This is the first study to reveal the novel function of GMI in activating  autophagy. GMI may be a potential chemopreventive agent against non-small cell lung cancer.",Autophagy,10.4161/auto.7.8.15698 ,2011,"Nude Mice That Had Received A Subcutaneous Injection Of A549 Cells,Non-Small Cell Lung Cancer Cells",Animal & Cell Experiment,
HBREF000070,29914094,HERB003444,HERB003444_29914094,Ling Zhi; 灵芝; Glossy Ganoderma; Lucid Ganoderma; Ganoderma,Herb,Ganoderma lucidum Ameliorates Non-Alcoholic Steatosis by Upregulating Energy Metabolizing Enzymes in the Liver,"Non-alcoholic steatosis is a common health problem worldwide due to altered food  habits and life styles, and it is intimately linked with various metabolic disorders. In the present study, we investigated the molecular mechanism of Ganoderma lucidum (GL) against the development of non-alcoholic steatosis using in vivo and in vitro settings. C57BL/6 mice fed with normal diet (ND) or high fat diet (HFD) were administered GL extract or vehicle for 16 weeks. HFD feeding increased serum alanine aminotransferase level and hepatic lipid droplet, but these increases were significantly attenuated by GL. GL inhibited the increases in epididymal and perirenal adipose tissue weights and serum cholesterol and LDL  levels in HFD-fed mice. Fasting blood glucose levels were elevated in HFD-fed mice compared to ND-fed mice, and glucose and insulin sensitivities were deteriorated. These changes were markedly improved by GL. GL restored the reduction of AMP-activated protein kinase (AMPK) and acetyl-CoA carboxylase (ACC) phosphorylation in the liver of HFD-fed mice, and increased AMPK and ACC phosphorylation in HepG2 and 3T3-L1 cells. GL induced GLUT4 protein expression in 3T3-L1 cells. Finally, GL attenuated lipid accumulation induced by free fatty acid in HepG2 cells. Taken together, our results indicate that GL has a potential to improve non-alcoholic steatosis and the associated complicated disorders via the induction of energy metabolizing enzymes.",J Clin Med,10.3390/jcm7060152 ,2018,C57Bl/6 Mice,Animal Experiment,Non-alcoholic fatty liver; non-alcoholic steatosis
HBREF000072,31186406,HERB003444,HERB003444_31186406,Ling Zhi; 灵芝; Glossy Ganoderma; Lucid Ganoderma; Ganoderma,Herb,Autophagic flux disruption contributes to Ganoderma lucidum polysaccharide-induced apoptosis in human colorectal cancer cells via MAPK/ERK activation,"Targeting autophagy may serve as a promising strategy for cancer therapy. Ganoderma lucidum polysaccharide (GLP) has been shown to exert promising anti-cancer effects. However, the underlying mechanisms remain elusive. Whether GLP regulates autophagy in cancer has never been reported. In this study, GLP induced the initiation of autophagy in colorectal cancer (CRC) HT-29 and HCT116 cells, as evidenced by enhanced level of LC3-II protein, GFP-LC3 puncta, and increased formation of double membrane vacuoles. However, GLP treatment caused marked increase of p62 expression. Addition of late stage autophagy inhibitor, chloroquine (CQ), further enhanced LC3-II and p62 level, as well as increased autophagosome accumulation, suggesting a blockage of autophagic flux by GLP in CRC cells. We then found GLP blocked autophagosome and lysosome fusion as determined by mRFP-GFP-LC3 colocalization analysis. Mechanistic study revealed that GLP-induced disruption of autophagosome-lysosome fusion is due to reduced lysosome acidification and lysosomal cathepsin activities. Cell viability and flow cytometry assays revealed that GLP-induced autophagosome accumulation is responsible for GLP-induced apoptosis in CRC cells. In line with this, inhibition of autophagy initiation by 3-methyladenine (3-MA), an early stage autophagy inhibitor, attenuated GLP-induced apoptosis. In contrast, suppression of autophagy at late stage by CQ enhanced the anti-cancer effect of GLP. Furthermore, we demonstrated that GLP-induced autophagosome accumulation and apoptosis is mediated via MAPK/ERK activation. Finally, GLP inhibited tumor growth and also inhibited autophagic flux in vivo. These results unveil new molecular mechanism underlying anti-cancer effects of GLP, suggesting that GLP is a potent autophagy inhibitor and might be useful in anticancer therapy.",Cell Death Dis,10.1038/s41419-019-1653-7 ,2019,Colorectal Cancer (Crc) Ht-29 And Hct116 Cells,Cell Experiment,Colorectal cancer
HBREF000074,26992741,HERB003444,HERB003444_26992741,Ling Zhi; 灵芝; Glossy Ganoderma; Lucid Ganoderma; Ganoderma,Herb,Ling Zhi-8 reduces lung cancer mobility and metastasis through disruption of focal adhesion and induction of MDM2-mediated Slug degradation,"We recently reported that recombinant Ling Zhi-8 (rLZ-8), a medicinal mushroom Ganoderma lucidum recombinant protein, effectively prevents lung cancer cells proliferation in vivo mice model. In our current study, we demonstrated that rLZ-8 suppressed tumor metastasis and increased the survival rate in Lewis lung carcinoma cell-bearing mice. The epithelial to mesenchymal transition (EMT) process is regarded as the critical event in tumor metastasis. Herein, we showed  that rLZ-8 effectively induced changes in EMT by interfering with cell adhesion and focal adhesion kinase (FAK) functions in lung cancer cells. Slug, a transcription factor, represses E-cadherin transcription and is regarded as a critical event in EMT and tumor metastasis. Functional studies revealed that downregulation of Slug as a result of rLZ-8-induced FAK inactivation enhanced E-cadherin expression and repressed cancer cell mobility. Moreover, we found that rLZ-8 enhanced the ubiquitination proteasome pathway (UPP)-mediated degradation of Slug in CL1-5 cells. Mechanistically, we demonstrated that rLZ-8 promoted the  interaction between MDM2 and Slug, resulting in Slug degradation; however, MDM2-shRNA abolished rLZ-8-enhanced Slug degradation. This study is the first to  determine anti-metastatic activity of rLZ-8 and its potential mechanism, with how the regulation of EMT and cell mobility is via the negative modulation of FAK, and thereby leading to the ubiquitination and degradation of Slug. Our findings suggest that the targets of FAK play a key role in metastasis. Moreover, rLZ-8 may be useful as a chemotherapeutic agent for treating lung cancer.",Cancer Lett,10.1016/j.canlet.2016.03.018 ,2016,"Lewis Lung Carcinoma Cell-Bearing Mice,Lung Cancer Cells",Animal & Cell Experiment,
HBREF000077,30167641,HERB003479,HERB003479_30167641,Long Dan; 龙胆; Chinese Gentian; Root of Przewalsk Gentian; Gentianae Radix et Rhizoma; Radix et Rhizoma Gentianae,Herb,Analysis of the Effect of Gentian Violet on Apoptosis and Proliferation in Cutaneous T-Cell Lymphoma in an In Vitro Study,"Importance: Triggering the extrinsic apoptotic pathway is an effective way to kill cutaneous T-cell lymphoma (CTCL) cells in vitro and ex vivo. Objective: To compare small molecules that induce extrinsic apoptosis in CTCL to  identify and analyze compounds that induce high levels of tumor cell death and block tumor cell growth. Design, Setting, and Participants: From November 5, 2014, to January 30, 2018, this study performed high-throughput small molecule screening of 1710 compounds followed by detailed analysis of the ability of gentian violet (GV) to promote apoptosis and inhibit proliferation of CTCL cells. Exposures: In vitro and ex vivo analyses using enzyme-linked immunosorbent assays, flow cytometry, and immunoblotting. Main Outcomes and Measures: Apoptosis, cleaved caspases, extrinsic apoptotic death receptors and ligands, cell proliferation, nuclear factor-κB expression, and other factors. Results: This study used high-throughput screening to detect cleaved caspase 8 induced in CTCL cells by 1710 unique compounds. The nonprescription, topical antimicrobial remedy GV induced more total apoptosis than did nitrogen mustard (mechlorethamine). Furthermore, GV induced 4 to 6 times greater apoptosis in CTCL lines than in normal keratinocytes, suggesting a favorable topical toxicity profile. In addition to increasing caspase 8, GV also upregulated death receptors 4 and 5, tumor necrosis factor (TNF)-related apoptosis-inducing ligand, and Fas ligand but not the Fas receptor, TNF receptor, or TNF-α ligand. These results are consistent with induction of extrinsic apoptosis via the Fas and TNF-related apoptosis-inducing ligand pathways. Increased phosphorylation of phospholipase C-γ1, Ca2+ influx, and reactive oxygen species were also detected, indicating that the mechanism of Fas ligand upregulation involves key elements of the activation-induced cell death pathway. In ex vivo studies, 1-μmol/L GV induced up to 90% CTCL apoptosis in Sézary blood cells. In addition, GV reduced expression of antiapoptotic myeloid cell leukemia 1 and proproliferative nuclear factor-κB components and increased inhibitory κB levels. This finding was associated with cell cycle arrest and reduced CTCL tumor cell proliferation. Furthermore, the CTCL killing associated with GV was augmented when used in combination with methotrexate. Conclusions and Relevance: This study found that GV attacked tumor viability and  growth in CTCL. Although purple at neutral pH, GV can be rendered colorless by altering its pH. These preclinical findings may help to broaden knowledge of the  antineoplastic features of GV and provide a rationale for clinical studies of its use as a novel, inexpensive, topical therapy for CTCL that is available worldwide.",JAMA Dermatol,10.1001/jamadermatol.2018.2756 ,2018,Cutaneous T-Cell Lymphoma (Ctcl) Cells,Cell Experiment,
HBREF000078,26177467,HERB003479,HERB003479_26177467,Long Dan; 龙胆; Chinese Gentian; Root of Przewalsk Gentian; Gentianae Radix et Rhizoma; Radix et Rhizoma Gentianae,Herb,Redox-modulating agents target NOX2-dependent IKKε oncogenic kinase expression and proliferation in human breast cancer cell lines,"Oxidative stress is considered a causative factor in carcinogenesis, but also in  the development of resistance to current chemotherapies. The appropriate usage of redox-modulating compounds is limited by the lack of knowledge of their impact on specific molecular pathways. Increased levels of the IKKε kinase, as a result of  gene amplification or aberrant expression, are observed in a substantial number of breast carcinomas. IKKε not only plays a key role in cell transformation and invasiveness, but also in the development of resistance to tamoxifen. Here, we studied the effect of in vitro treatment with the redox-modulating triphenylmethane dyes, Gentian Violet and Brilliant Green, and nitroxide Tempol on IKKε expression and cell proliferation in the human breast cancer epithelial cell lines exhibiting amplification of IKKε, MCF-7 and ZR75.1. We show that Gentian Violet, Brilliant Green and Tempol significantly decrease intracellular superoxide anion levels and inhibit IKKε expression and cell viability. Treatment with Gentian Violet and Brilliant Green was associated with a reduced cyclin D1 expression and activation of caspase 3 and/or 7. Tempol decreased cyclin D1 expression in both cell lines, while activation of caspase 7 was only observed in MCF-7 cells. Silencing of the superoxide-generating NOX2 NADPH oxidase expressed  in breast cancer cells resulted in the significant reduction of IKKε expression.  Taken together, our results suggest that redox-modulating compounds targeting NOX2 could present a particular therapeutic interest in combination therapy against breast carcinomas exhibiting IKKε amplification.",Redox Biol,10.1016/j.redox.2015.06.010 ,2015,Human Breast Cancer Epithelial Cell Lines,Cell Experiment,Breast cancer
HBREF000081,30395946,HERB001193,HERB001193_30395946,Dan Shen; 丹参; Danshen Root; Root of Ligulilobe Sage; Radix et Rhizoma Salviae Miltiorrhizae; Salviae Miltiorrhizae Radix et Rhizoma,Herb,Salvia miltiorrhiza protects against diabetic nephropathy through metabolome regulation and wnt/β-catenin and TGF-β signaling inhibition,"Diabetic nephropathy (DN) is a complication of diabetes that is caused by uncontrolled high blood sugar. It has been reported that Salvia miltiorrhiza (SM) possesses the ability to prevent kidney damage, although the mechanisms remain unclear. The study was to investigate whether and how SM improved DN injury via regulation of metabolome and the molecular mechanisms. In this study, SD rats were fed a high glucose / high fat diet accompanied by 0.5% glucose water. Three  weeks later, the rats were given one intraperitoneal injection of 30 mg/kg STZ each day for three days for DN model. The biochemical indicators and metabolomics of plasma, urine and renal tissue were analyzed. Then the western blotting analysis of renal tissue and glomerular mesangial cells were investigated. The results showed that Salvia miltiorrhiza extracts improved the renal injury and regulation of abnormal glycolipid metabolism. The metabolites in serum, urine and renal tissues have been changed significantly. The involved metabolic pathways mainly include phospholipid, arachidonic acid, and pyrimidine metabolisms. Meanwhile, SM inhibited the relative expression levels of wnt4, β-catenin and TGF-β in renal tissue and high-glucose induced glomerular mesangial cells.",Pharmacol Res,10.1016/j.phrs.2018.10.030 ,2019,Sd Rats,Animal Experiment,Diabetic nephropathy 
HBREF000089,21550075,HERB004694,HERB004694_21550075,Rou Gui; 肉桂; Cassia Bark; Cortex Cinnamomi; Cinnamomi Cortex,Herb,Cinnamon increases liver glycogen in an animal model of insulin resistance,"The objective of this study was to determine the effects of cinnamon on glycogen  synthesis, related gene expression, and protein levels in the muscle and liver using an animal model of insulin resistance, the high-fat/high-fructose (HF/HFr)  diet-fed rat. Four groups of 22 male Wistar rats were fed for 12 weeks with (1) HF/HFr diet to induce insulin resistance, (2) HF/HFr diet containing 20 g cinnamon per kilogram of diet, (3) control diet, and (4) control diet containing  20 g cinnamon per kilogram of diet. In the liver, cinnamon added to the HF/HFr diet led to highly significant increases of liver glycogen. There were no significant changes in animals consuming the control diet plus cinnamon. In the liver, cinnamon also counteracted the decreases of the gene expressions due to the consumption of the HF/HFr diet for the insulin receptor, insulin receptor substrates 1 and 2, glucose transporters 1 and 2, and glycogen synthase 1. In muscle, the decreased expressions of these genes by the HF/HFr diet and glucose transporter 4 were also reversed by cinnamon. In addition, the overexpression of  glycogen synthase 3β messenger RNA levels and protein observed in the muscle of HF/HFr fed rats was decreased in animals consuming cinnamon. These data demonstrate that, in insulin-resistant rats, cinnamon improves insulin sensitivity and enhances liver glycogen via regulating insulin signaling and glycogen synthesis. Changes due to cinnamon in control animals with normal insulin sensitivity were not significant.",Metabolism,10.1016/j.metabol.2011.03.016 ,2011,Male Wistar Rats,Animal Experiment,
HBREF000090,21924548,HBIN019826,HBIN019826_21924548,(-)-caryophyllene oxide; beta-CARYOPHYLLENE OXIDE; Caryophyllene oxide; 1139-30-6; beta-Caryophyllene oxide; beta-Caryophyllene epoxide; (-)-Epoxycaryophyllene; Epoxycaryophyllene; trans-caryophyllene oxide; (-)Carophyllene oxide,Ingredient,β-Caryophyllene oxide inhibits growth and induces apoptosis through the suppression of PI3K/AKT/mTOR/S6K1 pathways and ROS-mediated MAPKs activation,"Both PI3K/AKT/mTOR/S6K1 and mitogen activated protein kinase (MAPK) signaling cascades play an important role in cell proliferation, survival, angiogenesis, and metastasis of tumor cells. In the present report, we investigated the effects of β-caryophyllene oxide (CPO), a sesquiterpene isolated from essential oils of medicinal plants such as guava (Psidium guajava), oregano (Origanum vulgare L.),  cinnamon (Cinnamomum spp.) clove (Eugenia caryophyllata), and black pepper (Piper nigrum L.) on the PI3K/AKT/mTOR/S6K1 and MAPK activation pathways in human prostate and breast cancer cells. We found that CPO not only inhibited the constitutive activation of PI3K/AKT/mTOR/S6K1 signaling cascade; but also caused  the activation of ERK, JNK, and p38 MAPK in tumor cells. CPO induced increased reactive oxygen species (ROS) generation from mitochondria, which is associated with the induction of apoptosis as characterized by positive Annexin V binding and TUNEL staining, loss of mitochondrial membrane potential, release of cytochrome c, activation of caspase-3, and cleavage of PARP. Inhibition of ROS generation by N-acetylcysteine (NAC) significantly prevented CPO-induced apoptosis. Subsequently, CPO also down-regulated the expression of various downstream gene products that mediate cell proliferation (cyclin D1), survival (bcl-2, bcl-xL, survivin, IAP-1, and IAP-2), metastasis (COX-2), angiogenesis (VEGF), and increased the expression of p53 and p21. Interestingly, we also observed that CPO can significantly potentiate the apoptotic effects of various pharmacological PI3K/AKT inhibitors when employed in combination in tumor cells.  Overall, these findings suggest that CPO can interfere with multiple signaling cascades involved in tumorigenesis and used as a potential therapeutic candidate  for both the prevention and treatment of cancer.",Cancer Lett,10.1016/j.canlet.2011.08.001 ,2011,Human Prostate And Breast Cancer Cells,Cell Experiment,Cancer
HBREF000092,30449315,HERB005017,HERB005017_30449315,Sheng Jiang; 生姜; Fresh Ginger; Rhizoma Zingiberis Recens; Zingiberis Rhizoma Recens,Herb,Plant-Derived Exosomal MicroRNAs Shape the Gut Microbiota,"The gut microbiota can be altered by dietary interventions to prevent and treat various diseases. However, the mechanisms by which food products modulate commensals remain largely unknown. We demonstrate that plant-derived exosome-like nanoparticles (ELNs) are taken up by the gut microbiota and contain RNAs that alter microbiome composition and host physiology. Ginger ELNs (GELNs) are preferentially taken up by Lactobacillaceae in a GELN lipid-dependent manner and  contain microRNAs that target various genes in Lactobacillus rhamnosus (LGG). Among these, GELN mdo-miR7267-3p-mediated targeting of the LGG monooxygenase ycnE yields increased indole-3-carboxaldehyde (I3A). GELN-RNAs or I3A, a ligand for aryl hydrocarbon receptor, are sufficient to induce production of IL-22, which is linked to barrier function improvement. These functions of GELN-RNAs can ameliorate mouse colitis via IL-22-dependent mechanisms. These findings reveal how plant products and their effects on the microbiome may be used to target specific host processes to alleviate disease.",Cell Host Microbe,10.1016/j.chom.2018.10.001 ,2018,Mouse,Animal Experiment,
HBREF000094,30071471,HERB005069,HERB005069_30071471,Shi Liu; 石榴; Pomegranate Fruit; Fructus Punixae Granati,Herb,Pomegranate prevents binge alcohol-induced gut leakiness and hepatic inflammation by suppressing oxidative and nitrative stress,"Alcoholic liver disease (ALD) is a major chronic liver disease worldwide and can  range from simple steatosis, inflammation to fibrosis/cirrhosis possibly through  leaky gut and systemic endotoxemia. We investigated whether pomegranate (POM) protects against binge alcohol-induced gut leakiness, endotoxemia, and inflammatory liver damage. After POM pretreatment for 10 days, rats were exposed  to 3 oral doses of binge alcohol (5 g/kg/dose) or dextrose (as control) at 12-h intervals. Binge alcohol exposure induced leaky gut with significantly elevated plasma endotoxin and inflammatory fatty liver by increasing the levels of oxidative and nitrative stress marker proteins such as ethanol-inducible CYP2E1,  inducible nitric oxide synthase, and nitrated proteins in the small intestine and liver. POM pretreatment significantly reduced the alcohol-induced gut barrier dysfunction, plasma endotoxin and inflammatory liver disease by inhibiting the elevated oxidative and nitrative stress marker proteins. POM pretreatment significantly restored the levels of intestinal tight junction (TJ) proteins such as ZO-1, occludin, claudin-1, and claundin-3 markedly diminished after alcohol-exposure. In addition, the levels of gut adherent junction (AJ) proteins  (e.g., β-catenin and E-cadherin) and desmosome plakoglobin along with associated  protein α-tubulin were clearly decreased in binge alcohol-exposed rats but restored to basal levels in POM-pretreated rats. Immunoprecipitation followed by  immunoblot analyses revealed that intestinal claudin-1 protein was nitrated and ubiquitinated in alcohol-exposed rats, whereas these modifications were significantly blocked by POM pretreatment. These results showed for the first time that POM can prevent alcohol-induced gut leakiness and inflammatory liver injury by suppressing oxidative and nitrative stress.",Redox Biol,10.1016/j.redox.2018.07.012 ,2018,Rats,Animal Experiment,
HBREF000095,24930437,HERB005260,HERB005260_24930437,Song Jie You; 松节油; Turpentine Oil; Oleum Terebinthinae,Herb,Keratins 8 and 18 are type II acute-phase responsive genes overexpressed in human liver disease,"BACKGROUND & AIMS: Keratins (Ks) 7, 8, 18 and 19 constitute important markers and modifiers of liver disease. In mice, K8 and K18 are stress inducible and a dysregulated K8 > K18 stoichiometry predisposes to formation of Mallory-Denk bodies (MDBs), i.e. aggregates characteristic of chronic liver disorders such as  alcoholic liver disease (ALD). In our study, we analyse the expression and the regulation of keratins in context of human liver disease. METHODS: K7, K8, K18 and K19 mRNA levels were determined in liver biopsies from patients with ALD, non-alcoholic steatohepatitis (NASH), chronic hepatitis B (HBV), hepatitis C (HCV) and from control subjects. HepG2 and Hep3B cells were treated with IL-1β, IL-6 and TNF-α. Mice were injected with turpentine, an established IL-6 inducer. RESULTS: K7, K8 and K18 were 1.5- to 3-fold upregulated in livers of ALD and HCV  patients with a more active disease, but not in HBV/NASH subjects, while K19 was  significantly elevated in all analysed disorders. K8 and K18 expression displayed a strong correlation (r = 0.89), but dysregulated levels with the K8 > K18 state  were seen in ALD. All keratins were overexpressed in subjects with moderate vs. minimal inflammation, while K7, K8 and K18 were upregulated in patients with advanced liver fibrosis. In HepG2/Hep3B cells, IL-6 treatment but not IL-1β or TNF-α significantly increased K8 and K18 expression and elevated K18 levels were  seen after turpentine injection. CONCLUSIONS: Keratins represent type II acute-phase responsive genes overexpressed in specific human liver disorders. A K8 > K18 state occurs in ALD and predisposes to MDB formation.",Liver Int,10.1111/liv.12608 ,2015,HepG2/Hep3B cells,Cell Experiment,
HBREF000096,21393479,HERB005260,HERB005260_21393479,Song Jie You; 松节油; Turpentine Oil; Oleum Terebinthinae,Herb,Inhibition of bone morphogenetic protein signaling attenuates anemia associated with inflammation,"Anemia of inflammation develops in settings of chronic inflammatory, infectious,  or neoplastic disease. In this highly prevalent form of anemia, inflammatory cytokines, including IL-6, stimulate hepatic expression of hepcidin, which negatively regulates iron bioavailability by inactivating ferroportin. Hepcidin is transcriptionally regulated by IL-6 and bone morphogenetic protein (BMP) signaling. We hypothesized that inhibiting BMP signaling can reduce hepcidin expression and ameliorate hypoferremia and anemia associated with inflammation. In human hepatoma cells, IL-6-induced hepcidin expression, an effect that was inhibited by treatment with a BMP type I receptor inhibitor, LDN-193189, or BMP ligand antagonists noggin and ALK3-Fc. In zebrafish, the induction of hepcidin expression by transgenic expression of IL-6 was also reduced by LDN-193189. In mice, treatment with IL-6 or turpentine increased hepcidin expression and reduced serum iron, effects that were inhibited by LDN-193189 or ALK3-Fc. Chronic turpentine treatment led to microcytic anemia, which was prevented by concurrent  administration of LDN-193189 or attenuated when LDN-193189 was administered after anemia was established. Our studies support the concept that BMP and IL-6 act together to regulate iron homeostasis and suggest that inhibition of BMP signaling may be an effective strategy for the treatment of anemia of inflammation.",Blood,10.1182/blood-2010-10-313064 ,2011,Mice,Animal Experiment,
HBREF000097,28924552,HERB005762,HERB005762_28924552,Wu Wei Zi; 五味子; Schisandrae Chinensis Fructus; Chinese Magnoliavine Fruit; Fructus Schisandrae Chinensis,Herb,Schisandra sphenanthera extract (Wuzhi Tablet) protects against chronic-binge and acute alcohol-induced liver injury by regulating the NRF2-ARE pathway in mice,"Alcohol abuse leads to alcoholic liver disease and no effective therapy is currently available. Wuzhi Tablet (WZ), a preparation of extract from Schisandra  sphenanthera that is a traditional hepato-protective herb, exerted a significant  protective effect against acetaminophen-induced liver injury in our recent studies, but whether WZ can alleviate alcohol-induced toxicity remains unclear. This study aimed to investigate the contribution of WZ to alcohol-induced liver injury by using chronic-binge and acute models of alcohol feeding. The activities of ALT and AST in serum were assessed as well as the level of GSH and the activity of SOD in the liver. The expression of CYP2E1 and proteins in the NRF2-ARE signaling pathway including NRF2, GCLC, GCLM, HO-1 were measured, and the effect of WZ on NRF2 transcriptional activity was determined. We found that both models resulted in liver steatosis accompanied by increased transaminase activities, but that liver injury was significantly attenuated by WZ. WZ administration also inhibited CYP2E1 expression induced by alcohol, and elevated  the level of GSH and the activity of SOD in the liver. Moreover, the NRF2-ARE signaling pathway was activated by WZ and the target genes were all upregulated.  Furthermore, WZ significantly activated NRF2 transcriptional activity. Collectively, our study demonstrates that WZ protected against alcohol-induced liver injury by reducing oxidative stress and improving antioxidant defense, possibly by activating the NRF2-ARE pathway.",Acta Pharm Sin B,10.1016/j.apsb.2017.04.002 ,2017,Mice,Animal Experiment,Alcoholic liver disease; Liver injury
HBREF000100,20947104,HERB006236,HERB006236_20947104,Xing Ren; 杏仁; Apricot Seed Equivalent Plant: Prunus Armeniaca Var Ansu; Semen Armeniacae Vulgaris; Semen Armeniacae Ansi; Semen Armeniacae Sibricse; Semen Armeniacae Mandshuricae,Herb,Postprandial effects of almond consumption on human osteoclast precursors--an ex vivo study,"Consumption of almonds has been associated with increased bone mineral density, but the direct effects of almonds on bone cells are not known. We determined whether serum obtained following the consumption of a meal containing 60 g of almonds affects human osteoclast formation, function, and gene expression in vitro. Human osteoclast precursors were cultured in medium containing 10% serum obtained from 14 healthy subjects at baseline and 4 hours following the consumption of 3 test meals containing almonds, potatoes, and rice and balanced for macronutrient composition. Osteoclast formation was determined by the number  of tartrate-resistant acid phosphatase (TRAP)(+) multinucleated cells, and osteoclast function was assessed by measuring TRAP activity in the culture medium and calcium released from OsteoAssay (Lonza Walkersville, Walkersville, MD, USA)  plates. The expression of cathepsin K, receptor activator of nuclear factor kB, and matrix metalloproteinase-9 genes was measured by real-time reverse transcriptase-polymerase chain reaction. Compared with serum obtained at baseline, serum obtained 4 hours following the consumption of the almond meal reduced osteoclast formation by approximately 20%, TRAP activity by approximately 15%, calcium release by approximately 65%, and the expression of cathepsin K, receptor activator of nuclear factor kB, and matrix metalloproteinase-9 by 13% to 23%. No effects were observed with serum obtained from the other test meals. Serum obtained 4 hours following the consumption of an almond meal inhibits osteoclast formation, function, and gene expression in cultured human osteoclast  precursors, and provides evidence for a positive effect of almonds on bone health.",Metabolism,10.1016/j.metabol.2010.08.012 ,2011,Human Osteoclast Precursors,Cell Experiment,Bone health
HBREF000102,25595578,HBIN021985,HBIN021985_25595578,Curcumin; 458-37-7; Diferuloylmethane; Natural yellow 3; Kacha haldi; Indian saffron; Curcuma; Gelbwurz; Haldar; Curcumin I,Ingredient,Curcumin ameliorates high glucose-induced neural tube defects by suppressing cellular stress and apoptosis,"OBJECTIVE: Curcumin is a naturally occurring polyphenol present in the roots of the Curcuma longa plant (turmeric), which possesses antioxidant, antitumorigenic, and antiinflammatory properties. Here, we test whether curcumin treatment reduces high glucose-induced neural tube defects (NTDs), and if this occurs via blocking  cellular stress and caspase activation. STUDY DESIGN: Embryonic day 8.5 mouse embryos were collected for use in whole-embryo culture under normal (100 mg/dL) or high (300 mg/dL) glucose conditions, with or without curcumin treatment. After 24 hours in culture, protein levels of oxidative stress makers, nitrosative stress makers, endoplasmic reticulum (ER) stress makers, cleaved caspase 3 and 8, and the level of lipid peroxides were determined in the embryos. After 36 hours in culture, embryos were examined for evidence of NTD formation. RESULTS: Although 10 μmol/L of curcumin did not significantly reduce the rate of  NTDs caused by high glucose, 20 μmol/L of curcumin significantly ameliorated high glucose-induced NTD formation. Curcumin suppressed oxidative stress in embryos cultured under high glucose conditions. Treatment reduced the levels of the lipid peroxidation marker, 4-hydroxynonenal, nitrotyrosine-modified protein, and lipid  peroxides. Curcumin also blocked ER stress by inhibiting phosphorylated protein kinase RNA-like ER kinase, phosphorylated inositol-requiring protein-1α (p-IRE1α), phosphorylated eukaryotic initiation factor 2α (p-eIF2α), C/EBP-homologous protein, binding immunoglobulin protein, and x-box binding protein 1 messenger RNA splicing. Additionally, curcumin abolished caspase 3 and  caspase 8 cleavage in embryos cultured under high glucose conditions. CONCLUSION: Curcumin reduces high glucose-induced NTD formation by blocking cellular stress and caspase activation, suggesting that curcumin supplements could reduce the negative effects of diabetes on the embryo. Further investigation will be needed to determine if the experimental findings can translate into clinical settings.",Am J Obstet Gynecol,10.1016/j.ajog.2015.01.017 ,2015,Day 8.5 Mouse Embryos,Animal Experiment,
HBREF000105,29807115,HBIN021985,HBIN021985_29807115,Curcumin; 458-37-7; Diferuloylmethane; Natural yellow 3; Kacha haldi; Indian saffron; Curcuma; Gelbwurz; Haldar; Curcumin I,Ingredient,Curcumin suppresses oncogenicity of human colon cancer cells by covalently modifying the cysteine 67 residue of SIRT1,"SIRT1, an NAD+-dependent histone/protein deacetylase, has diverse physiological actions. Recent studies have demonstrated that SIRT1 is overexpressed in colorectal cancer, suggesting its oncogenic potential. However, the molecular mechanisms by which overexpressed SIRT1 induces the progression of colorectal cancer and its inhibition remain largely unknown. Curcumin (diferuloymethane), a  major component of the spice turmeric derived from the plant Curcuma longa L., has been reported to exert chemopreventive and anti-carcinogenic effects on colon carcinogenesis. In the present study, we found that curcumin reduced the expression of SIRT1 protein without influencing its mRNA expression in human colon cancer cells, suggesting posttranslational regulation of SIRT1 by this phytochemical. Notably, ubiquitination and subsequent proteasomal degradation of  SIRT1 were induced by curcumin treatment. Results of nano-LC-ESI-MS/MS revealed the direct binding of curcumin to cysteine 67 of SIRT1. In line with this result, the protein stability and clonogenicity of a mutant SIRT1 in which cysteine 67 was substituted by alanine were unaffected by curcumin. Taken together, these observations suggest that curcumin facilitates the proteasomal degradation of oncogenic SIRT1 through covalent modification of SIRT1 at the cysteine 67 residue.",Cancer Lett,10.1016/j.canlet.2018.05.036 ,2018,Human Colon Cancer Cells,Cell Experiment,
HBREF000106,22258452,HBIN021985,HBIN021985_22258452,Curcumin; 458-37-7; Diferuloylmethane; Natural yellow 3; Kacha haldi; Indian saffron; Curcuma; Gelbwurz; Haldar; Curcumin I,Ingredient,Targeting pioneering factor and hormone receptor cooperative pathways to suppress tumor progression,"Nuclear receptors and pioneer factors drive the development and progression of prostate cancer. In this disease, aggressive disease phenotypes and hormone therapy failures result from resurgent activity of androgen receptor (AR) and the upregulation of coactivator protein p300 and pioneer factors (e.g., GATA2 and FOXA1). Thus, a major emphasis in the field is to identify mechanisms by which castrate-resistant AR activity and pioneer factor function can be combinatorially suppressed. Here we show that the turmeric spice isoflavone curcumin suppresses p300 and CBP occupancy at sites of AR function. Curcumin reduced the association  of histone acetylation and pioneer factors, thereby suppressing AR residence and  downstream target gene expression. Histone deacetylase inhibitors reversed the effects of curcumin on AR activity, further underscoring the impact of curcumin on altering the chromatin landscape. These functions precluded pioneer factor occupancy, leading ultimately to a suppression of ligand-dependent and ligand-independent AR residence on chromatin. Moreover, these functions were conserved even in cells with heightened pioneer factor activity, thus identifying a potential strategy to manage this subclass of tumors. Biological relevance was  further identified using in vivo xenograft models mimicking disease progression.  Curcumin cooperated in vivo with androgen deprivation as indicated by a reduction in tumor growth and delay to the onset of castrate-resistant disease. Together, our results show the combinatorial impact of targeting AR and histone modification in prostate cancer, thus setting the stage for further development of curcumin as a novel agent to target AR signaling.",Cancer Res,10.1158/0008-5472.CAN-11-0943 ,2012,Cells; Mice,Animal & Cell Experiment,
HBREF000108,21237271,HBIN021985,HBIN021985_21237271,Curcumin; 458-37-7; Diferuloylmethane; Natural yellow 3; Kacha haldi; Indian saffron; Curcuma; Gelbwurz; Haldar; Curcumin I,Ingredient,Curcumin protects against A53T alpha-synuclein-induced toxicity in a PC12 inducible cell model for Parkinsonism,"Parkinson's disease (PD) is a progressive neurodegenerative movement disorder characterized by selective loss of dopaminergic neurons and the presence of Lewy  bodies. The pathogenesis of PD remains incompletely understood, but it appears to involve both genetic susceptibility and environmental factors. Treatment for PD that prevents neuronal death in the dopaminergic system and abnormal protein deposition in the brain is not yet available. Evidence from human and animal studies has suggested that oxidative damage critically contributes to neuronal loss in PD. Here we test whether curcumin, a potent antioxidant compound, derived from the curry spice turmeric, can protect against mutant A53T α-synuclein-induced cell death. We used PC12 cells that inducibly express A53T α-synuclein. We found that curcumin protected against A53T α-synuclein-induced cell death in a dose-dependent manner. We further found that curcumin can reduce  mutant α- synuclein-induced intracellular reactive oxygen species (ROS) levels, mitochondrial depolarization, cytochrome c release, and caspase-9 and caspase-3 activation. This study demonstrate that curcumin protected against A53T mutant α-synuclein-induced cell death via inhibition of oxidative stress and the mitochondrial cell death pathway, suggesting that curcumin may be a candidate neuroprotective agent for A53T α-synuclein-linked Parkinsonism, and possibly for  other genetic or sporadic forms of PD.",Pharmacol Res,10.1016/j.phrs.2011.01.004 ,2011,Pc12 Cells That Inducibly Express A53T Α-Synuclein,Cell Experiment,
HBREF000111,26609559,HBIN021985,HBIN021985_26609559,Curcumin; 458-37-7; Diferuloylmethane; Natural yellow 3; Kacha haldi; Indian saffron; Curcuma; Gelbwurz; Haldar; Curcumin I,Ingredient,Curcumin inhibits activation of TRPM2 channels in rat hepatocytes,"Oxidative stress is a hallmark of many liver diseases including viral and drug-induced hepatitis, ischemia-reperfusion injury, and non-alcoholic steatohepatitis. One of the consequences of oxidative stress in the liver is deregulation of Ca(2+) homeostasis, resulting in a sustained elevation of the free cytosolic Ca(2+) concentration ([Ca(2+)]c) in hepatocytes, which leads to irreversible cellular damage. Recently it has been shown that liver damage induced by paracetamol and subsequent oxidative stress is, in large part, mediated by Ca(2+) entry through Transient Receptor Potential Melastatin 2 (TRPM2) channels. Involvement of TRPM2 channels in hepatocellular damage induced  by oxidative stress makes TRPM2 a potential therapeutic target for treatment of a range of oxidative stress-related liver diseases. We report here the identification of curcumin ((1E,6E)-1,7-bis(4-hydroxy-3-methoxyphenyl)-1,6-heptadiene-3,5-dione), a natural  plant-derived polyphenol in turmeric spice, as a novel inhibitor of TRPM2 channel. Presence of 5μM curcumin in the incubation medium prevented the H2O2- and paracetamol-induced [Ca(2+)]c rise in rat hepatocytes. Furthermore, in patch  clamping experiments incubation of hepatocytes with curcumin inhibited activation of TRPM2 current by intracellular ADPR with IC50 of approximately 50nM. These findings enhance understanding of the actions of curcumin and suggest that the known hepatoprotective properties of curcumin are, at least in part, mediated through inhibition of TRPM2 channels.",Redox Biol,10.1016/j.redox.2015.11.001 ,2016,"Wistar Rats,Hek 293T Cell Line",Animal & Cell Experiment,Liver damage; Oxidative stress 
HBREF000112,27077805,HBIN021985,HBIN021985_27077805,Curcumin; 458-37-7; Diferuloylmethane; Natural yellow 3; Kacha haldi; Indian saffron; Curcuma; Gelbwurz; Haldar; Curcumin I,Ingredient,Activation of PPARγ/P53 signaling is required for curcumin to induce hepatic stellate cell senescence,"Activation of quiescent hepatic stellate cells (HSCs) is the major event in hepatic fibrogenesis, along with enhancement of cell proliferation and overproduction of extracellular matrix. Although inhibition of cell proliferation and induction of apoptosis are potential strategies to block the activation of HSCs, a better understanding of the senescence of activated HSCs can provide a new therapeutic strategy for prevention and treatment of liver fibrosis. The antioxidant curcumin, a phytochemical from turmeric, has been shown to suppress HSC activation in vitro and in vivo. The current work was aimed to evaluate the effect of curcumin on senescence of activated HSCs and to elucidate the underlying mechanisms. In this study, curcumin promoted the expression of senescence marker Hmga1 in rat fibrotic liver. In addition, curcumin increased the number of senescence-associated β-galactosidase-positive HSCs in vitro. At the same time, curcumin induced HSC senescence by elevating the expression of senescence markers P16, P21 and Hmga1, concomitant with reduced abundance of HSC  activation markers α-smooth muscle actin and α1(I)-procollagen in cultured HSCs.  Moreover, curcumin affected the cell cycle and telomerase activity. We further demonstrated that P53 pharmacological inhibitor pifithrin-α (PFT-α) or transfection with P53 siRNA abrogated the curcumin-induced HSC senescence in vitro. Meanwhile, curcumin disruption of P53 leading to increased senescence of activated HSCs was further verified in vivo. Further studies indicated that curcumin promoted the expression of P53 through a PPARγ activation-dependent mechanism. Moreover, promoting PPARγ transactivating activity by a PPARγ agonist  15d-PGJ2 markedly enhanced curcumin induction of senescence of activated HSCs. However, the PPARγ antagonist PD68235 eliminated curcumin induction of HSC senescence. Taken together, our results provided a novel insight into the mechanisms underlying curcumin inhibition of HSC activation through inducing senescence.",Cell Death Dis,10.1038/cddis.2016.92 ,2016,Hepatic Stellate Cells; Rat,Animal & Cell Experiment,
HBREF000116,31499195,HERB002856,HERB002856_31499195,Jiao Gu Lan; 绞股蓝; Gynostemmae Pentaphylli Herba; Gynostemma Pentaphyllum,Herb,Mushroom polysaccharides and jiaogulan saponins exert cancer preventive effects by shaping the gut microbiota and microenvironment in ApcMin/+ mice,"The incidence of colorectal cancer (CRC) is alarming among younger peoples. While no effective chemopreventive drug available in the market, researchers have been  searching for alternative strategies against CRC that are in demand. Therefore, we tested the cancer-preventive properties of Ganoderma lucidum (Lingzhi) polysaccharides (GLP), along with the saponins extracted from Gynostemma pentaphyllum (GpS), an herbal tea with prebiotic-like effects. Here, we report that saponins from Gynostemma pentaphyllum (GpS) and polysaccharides from Ganoderma lucidum (GLP together with GpS) profoundly improved the inflamed gut barrier of ApcMin/+ mice by reducing polyps, shifting colonic M1 to M2 macrophages, positively reverting E-cadherin/N-cadherin ratio, and downregulating oncogenic signaling molecules. The treatments also markedly promoted short-chain  fatty acids (SCFAs)-producing bacteria and abridged sulfate-reducing bacteria in  a time-dependent manner. G-protein coupled-receptors were significantly stimulated in the treated mice, accompanied by the modulated expressions of histone deacetylases, anti-cancer gut hormone PYY, and PPAPγ. These findings suggest that some of the herbal medicinal foods could modulate the relationship between the host and the gut microbiota (GM) to exert their beneficial properties to the host. Our study also implicates that these dietary mushroom polysaccharides and the Gp saponins have the potential to be developed as new preventive medicines against CRC.",Pharmacol Res,10.1016/j.phrs.2019.104448 ,2019,Mice,Animal Experiment,Cancer
HBREF000118,28358365,HBIN018800,HBIN018800_28358365,Brahmic acid; Madecassic Acid; Madecassic acid; 18449-41-7; 6beta-hydroxyasiatic acid; UNII-M7O1N24J82; ORISTRACT MDA; CHEBI:73058; M7O1N24J82; NSC 88135,Ingredient,"Madecassic acid, the contributor to the anti-colitis effect of madecassoside, enhances the shift of Th17 toward Treg cells via the PPARγ/AMPK/ACC1 pathway","The imbalance between Th17 and Treg cells substantially contributes to the intestinal immune disturbance and subsequent tissue injury in ulcerative colitis. The triterpenoid-rich fraction of Centella asiatica was able to ameliorate dextran sulfate sodium-induced colitis in mice. Here we explored its active ingredient and underlying mechanism with a focus on restoring the Th17/Treg balance. The four main triterpenoids occurring in C. asiatica were shown to attenuate colitis in mice by oral administration. The most effective ingredient madecassoside lost anti-colitis effect when applied topically in the colon, and madecassic acid was recognized to be the active form of madecassoside. Oral administration of madecassic acid decreased the percentage of Th17 cells and downregulated the expression of RORγt, IL-17A, IL-17F, IL-21 and IL-22 and increased the percentage of Treg cells and the expression of Foxp3 and IL-10 in the colons of mice with colitis, but it did not affect Th1 and Th2 cells. Under Th17-polarizing conditions, madecassic acid downregulated ACC1 expression and enhanced the shift of Th17 cells toward Treg cells, but it did not affect the differentiation of Treg cells under Treg-polarizing conditions. Both compound C and AMPK siRNA inhibited the madecassic acid-mediated downregulation of ACC1 expression and shift of Th17 cells to Treg cells under Th17-polarizing conditions. GW9662, T0070907 and PPARγ siRNA blocked the effect of madecassic acid on AMPK activation, ACC1 expression and shift of Th17 cells to Treg cells. Furthermore, madecassic acid was identified as a PPARγ agonist, as it promoted PPARγ transactivation. The correlation between activation of PPARγ and AMPK, downregulation of ACC1 expression, restoration of Th17/Treg balance and attenuation of colitis by madecassic acid was validated in mice with DSS-induced  colitis. In conclusion, madecassic acid was the active form of madecassoside in ameliorating colitis by restoring the Th17/Treg balance via regulating the PPARγ/AMPK/ACC1 pathway.",Cell Death Dis,10.1038/cddis.2017.150 ,2017,Mice,Animal Experiment,Colitis
HBREF000119,28119810,HBIN017057,HBIN017057_28119810,Asiatic acid; Asiatic Acid; 464-92-6; Dammarolic acid; MFCD00238541; NSC 166063; UNII-9PA5A687X5; CHEBI:2873; HSDB 7662; 9PA5A687X5,Ingredient,Asiatic acid inhibits lung cancer cell growth in vitro and in vivo by destroying mitochondria,"Asiatic acid (AA), a pentacyclic triterpene found in Centella asiatica, displays  significant anti-proliferative effects on cancer cells in vitro although the underlying mechanism of this effect remains unknown. This study investigated the  efficacy and mechanism of action of AA against lung cancer both in vivo and in vitro. Using the MTT assay, AA was found to induce apoptosis in a dose- and time-dependent manner, an effect enhanced by pretreatment with an autophagy inhibitor. It also elevated expression of microtubule-associated protein 1 light  chain 3 (LC3) and decreased the expression of p62. Furthermore, exposure to AA resulted in collapse of the mitochondrial membrane potential and generation of reactive oxygen species (ROS), suggesting mitochondria are the target of AA. In the mouse lung cancer xenograft model, oral administration of AA significantly inhibited tumor volume and weight accompanied by significant apoptosis of lung cancer cells. In addition, it led to a significant decrease in the expression of  proliferating cell nuclear antigen (PCNA). In summary, the results show that AA significantly reduces lung cancer cell growth both in vitro and in vivo and that  the associated apoptosis is mediated through mitochondrial damage.",Acta Pharm Sin B,10.1016/j.apsb.2016.04.003 ,2017,"Human A549 And H1299 Lung Cancer Cell Lines And Mouse Lewis Lung Cancer (Llc) Cells,C57Bl/6J Mice (6-8 Weeks Old)",Animal & Cell Experiment,Lung cancer 
HBREF000120,31376499,HBIN020653,HBIN020653_31376499,"Cinnamaldehyde; trans-Cinnamaldehyde; 14371-10-9; 104-55-2; Cinnamic aldehyde; (E)-Cinnamaldehyde; 3-Phenylacrylaldehyde; Cinnamal; Zimtaldehyde; 2-Propenal, 3-phenyl-",Ingredient,Trans-cinnamaldehyde improves neuroinflammation-mediated NMDA receptor dysfunction and memory deficits through blocking NF-κB pathway in presenilin1/2 conditional double knockout mice,"A chronic neuroinflammatory response has been considered as a critical pathogenesis promoting neurodegenerative progression in Alzheimer's disease (AD). During neuroinflammatory process, microglia are excessively activated and simultaneously release numerous pro-inflammatory mediators that cause synaptic dysfunction in the forebrain prior to neuronal degeneration and memory deficits in AD. Thus, prevention of neuroinflammation-mediated synaptic dysfunction may be a potential therapeutic approach against neurodegenerative disorders. Trans-cinnamaldehyde (TCA) is a primary bioactive component derived from the stem bark of Cinnamomum cassia, and it possesses potent anti-inflammatory and neuroprotective activities in in vivo and in vitro experiments. However, the in-depth molecular mechanisms of TCA underlying anti-neuroinflammatory and neuroprotective effects on memory deficits in AD are still unclear. The presenilin 1 and 2 conditional double knockout (PS cDKO) mice exhibit AD-like phenotypes including obvious neuroinflammatory responses and synaptic dysfunction and memory deficits. Here, PS cDKO were used to evaluate the potential neuroprotective effects of TCA against neuroinflammation-mediated dementia by performing behavioral tests, electrophysiological recordings and molecular biology analyses. We observed that TCA treatment reversed abnormal expression of  synaptic proteins and tau hyperphosphorylation in the hippocampus and prefrontal  cortex of PS cDKO mice. TCA treatment also ameliorated NMDA receptor (NMDAR) dysfunction including impaired NMDAR-mediated responses and long-term potentiation (LTP) induction in the hippocampus of PS cDKO mice. Moreover, TCA possesses an ability to suppress neuroinflammatory responses by diminishing microglial activation and levels of pro-inflammatory mediators in the hippocampus and prefrontal cortex of PS cDKO mice. Importantly, improving NMDAR dysfunction and memory deficits of PS cDKO mice was due to the inhibition of neuroinflammatory responses through TCA's interruptive effect on the nuclear factor kappa B (NF-κB) signaling pathway. Therefore, TCA may be a potential anti-neuroinflammatory agent for deterring neurodegenerative progression of AD.",Brain Behav Immun,10.1016/j.bbi.2019.07.032 ,2019,Presenilin 1 And 2 Conditional Double Knockout (Ps Cdko) Mice,Animal Experiment,
HBREF000121,30807230,HBIN017473,HBIN017473_30807230,"Cumambrin a; Cumambrin A; 20482-33-1; DTXSID80174450; [(3aR,4S,6R,6aR,9aR,9bR)-6-hydroxy-6,9-dimethyl-3-methylidene-2-oxo-4,5,6a,7,9a,9b-hexahydro-3aH-azuleno[4,5-b]furan-4-yl] acetate; Azuleno(4,5-b)furan-2(3H)-one, 4-(acetyloxy)-3a,4,5,6,6a,7,9a,9b-octahydro-6-hydroxy-6,9-dimethyl-3-methylene-, (3aR-(3aalpha,4alpha,6alpha,6aalpha,9aalpha,9bbeta))-; ((3aR,4S,6R,6aR,9aR,9bR)-6-hydroxy-6,9-dimethyl-3-methylidene-2-oxo-4,5,6a,7,9a,9b-hexahydro-3aH-azuleno(4,5-b)furan-4-yl) acetate; CHEMBL190755; DTXCID9096941",Ingredient,"Cumambrin A prevents OVX-induced osteoporosis via the inhibition of osteoclastogenesis, bone resorption, and RANKL signaling pathways","Being the principal cells responsible for bone resorption and pathologic bone loss, osteoclasts have become the main target for antiresorptive treatment. Cumambrin A is a natural compound isolated from Chrysanthemum indicum L. and belongs to a member of the sesquiterpene lactone family. To date, the therapeutic effect of cumambrin A on osteoporosis and its mechanisms of action are not known. In this study, we found that cumambrin A can significantly inhibit osteoclast formation and bone resorption through the suppression of receptor activator of NF-κB ligand (RANKL)-induced NF-κB and nuclear factor of activated T-cell activity and ERK phosphorylation. Furthermore, cumambrin A inhibits the expression of osteoclast marker genes including cathepsin K, calcitonin receptor, and V-ATPase d2. Using an in vivo ovariectomized mouse model, we showed that cumambrin A protects against estrogen withdrawal-induced bone loss. Collectively, our results reveal that cumambrin A can suppress osteoclast formation, bone resorption, and RANKL-induced signaling pathways, suggesting that cumambrin A is  a potential therapeutic agent for the treatment of osteoporosis.-Zhou, L., Liu, Q., Hong, G., Song, F., Zhao, J., Yuan, J., Xu, J., Tan, R. X., Tickner, J., Gu,  Q., Xu, J. Cumambrin A prevents OVX-induced osteoporosis via the inhibition of osteoclastogenesis, bone resorption, and RANKL signaling pathways.",FASEB J,10.1096/fj.201800883RRR ,2019,Ovariectomized Mouse,Animal Experiment,
HBREF000124,31635402,HBIN019690,HBIN019690_31635402,Capsaicin; 404-86-4; (E)-Capsaicin; Zostrix; CAPSAICINE; Qutenza; Styptysat; Axsain; trans-Capsaicin; Isodecenoic acid vanillylamide,Ingredient,"Capsaicin Targets tNOX (ENOX2) to Inhibit G1 Cyclin/CDK Complex, as Assessed by the Cellular Thermal Shift Assay (CETSA)","Capsaicin (8-methyl-N-vanillyl-6-noneamide), which is an active component in red  chili peppers, is used as a chemopreventive agent that shows favorable cytotoxicity against cancer cells. Accumulating evidence indicates that capsaicin preferentially inhibits a tumor-associated NADH oxidase (tNOX, ENOX2) that is ubiquitously expressed in cancer but not in non-transformed cells. This attenuates cancer cell growth by inducing apoptosis. The capsaicin-mediated inhibition of tNOX was recently shown to prolong the cell cycle. However, the molecular events underlying this regulation have not yet been investigated. In the present study, we used a cellular thermal shift assay (CETSA) to detect ""target engagement"" of capsaicin and its consequent impact on cell cycle progression. Our results indicated that capsaicin engaged with tNOX and triggered the proteasomal degradation of tNOX, which leads to the inhibition of NAD+-dependent SIRT1 deacetylase. Ultimately, the acetylation levels of c-Myc and p53 were enhanced, which suppressed the activation of G1 cyclin/Cyclin-dependent  kinase complexes and triggered cell cycle arrest in cancer cells. The results obtained when tNOX was overexpressed in non-cancer cells validated its importance in cell cycle progression. These findings provide the first molecular insights into the regulatory role of tNOX and the anti-proliferative property of capsaicin in regulating the cell cycle of bladder cancer cells.",Cells,10.3390/cells8101275 ,2019,,Cell Experiment,Bladder cancer
