Meta-analysis_id,Subject_id,Subject_name,Subject_type,CRD_id,CRD_title,Review_question,Study_type_included,Condition_being_studied,Participant,Animal,Human_disease_modelled,Intervention,Comparator_control,Main_outcome,Outcome_measure,Additional_outcome,Study_method,Keyword,Contact,Organisational_affiliation,Funding_source,Other_selection_criteria_or_limitations_applied,Final_publication,Review_of_the_same_topic_by_the_same_author,Published_protocol,Review_type,Language,Country,Review_stage,First_submission_date,Registration_date,Anticipated_start_date,Anticipated_completion_date
HBMA000001,HERB000001,A Bi Xi Ni Ya Ci Tong; 阿比西尼亚刺桐; Abyssinia Coralbean; Erythrina Abyssinica,Herb,CRD42020187081,"Erythrina abyssinica Lam.ex.DC: A systematic review of its ethnobotany, ethnopharmacology and phytochemistry",What are the traditional medicinal uses of Erythrina abyssinica? What chemical compounds are present in Erythrina abyssinica that are responsible for its medicinal properties? What is the efficacy and safety of extracts and pure compounds of Erythrina abyssinica in different disease models? ,"Ethnobotanical surveys, in vitro and in vivo efficacy and toxicity studies, phytochemistry studies","Globally, there has been an increase in natural products research in the last two decades and Erythrina abyssinica (fabaceae) is among those medicinal plants that has been widely researched on. E. abyssinica is among the highly ranked important medicinal plants in the East African region. Many surveys have documented that this plant is harvested by traditional herbal medicine practitioners to prepare herbal remedies for various human and livestock ailments. Several scientific studies have validated the claimed pharmacological activities of this plant and have confirmed that its extracts and pure compounds possesses significant in vitro and in vivo efficacies against various diseases. These versatile pharmacological activities have been attributed to its rich chemical diversity. New and already known chemical compounds have been isolated and characterized from this plant. However, all the data pertaining it is highly fragmented in different journals, books, university libraries and other publication media platforms. This purpose of this review is to synthesize consolidated scientific evidence to support the traditional use of E. abyssinica and also identify new chemical compounds and templates that can be developed into drugs. ",Traditional herbal medicine practitioners,,,Extracts and pure compounds from Erythrina abyssinica,Standard drugs,"Traditional medicinal uses of Erythrina abyssinica Chemical compounds isolated from Erythrina abyssinica with potential pharmacological activity Measures of effect Minimum inhibitory concentrations, inhibition or activation of biological processes, median lethal doses(LD50) and inhibitory concentrations (IC50)",,None Measures of effect None,Systematic review,Erythrina; Ethnobotany; Ethnopharmacology; Humans; Plant Extracts,Samuel Baker Obakiro sobakiro@gmail.com,"Africa Centre of Excellence II in Phytochemicals, Textiles and Renewable Energy (ACE II PTRE)  Moi University, P.O. Box 3900-30100, Eldoret, Kenya and Department of Pharmacology and Therapeutics Faculty of Health Sciences Busitema University P.o Box 1460 Mbale Uganda. https://www.mu.ac.ke","Africa Centre of Excellence II in Phytochemicals, Textiles and Renewable Energy (ACE II PTRE), Moi University Kenya Grant number(s) <span style=font-size: 14px>State the funder, grant or award number and the date of award</span> Credit No. 5798-KE",,,,,,English,"Kenya, Uganda",Review Ongoing,2020-05-20,2020-07-05,2020-06-01,2020-11-27
HBMA000002,HERB000033,A Yue Hun Zi; 阿月浑子; Common Pistache; Pistacia Vera,Herb,CRD42022329928,Pistachio intervention on cardiovascular diseases in adults,Is Pistachio intervention effective on Cardiovascular disease  in adults?  ,Randomized control trials  ,In this review the effect of Pistachio on Cardiovascular disease  will be studied.  ,We will include adult subjects  ,,,Pistacia OR Pistachio OR Pistacia vera OR pistachios OR Pistacia vera nut OR Pistacia vera nuts,Placebo/control  ,Cardiovascular risk factors ,,None ,"Meta-analysis, Systematic review",Adult; Cardiovascular Diseases; Humans; Pistacia,fateme parvizi faparvizi1371@gmail.com, marvdasht health ,no funding  ,,,,,,English,Iran,Review Ongoing,2022-05-04,2022-05-15,2022-04-01,2022-07-02
HBMA000003,HERB000066,Ai Ye; 艾叶; Argy Wormwood Leaf; Leaf of Argy Wormwood; Folium Artemisiae Argyi; Artemisiae Argyi Folium,Herb,CRD42015016920,The effectiveness of moxibustion for treating knee osteoarthritis: a systematic review and meta-analyses,To evaluate the effectiveness and safety of moxibustion treatment for alleviating pain and improving lower limb function for patients with knee osteoarthritis ,"We will include randomised controlled trials (RCTs). For randomised cross-over trials, only phase 1 data will be included in the review because treatment carry over effects are likely.",Knee osteoarthritis is a major cause of pain and functional limitation. Complementary and alternative medical approaches have been employed to relieve symptoms and to avoid the side effects of conventional medication. Moxibustion has been widely used to treat patients with knee osteoarthritis. ,We will select studies that included participants aged 18 years or over with a diagnosis of knee osteoarthritis according to the criteria from the American College of Rheumatology and  knee pain for at least three months.We will exclude studies that include participants who have undergone total knee replacement. ,,,"Moxibustion is a traditional Chinese method of acupuncture treatment, which utilizes the heat generated by burning herbal preparations containing the plant Artemisia vulgaris (it is also called Mugwort or Moxa; the latter is derived from the Japanese moe kusa which means burning herb) to stimulate the acupuncture points. The technique consists of lighting a moxa stick and bringing it close to the skin until it produces hyperaemia due to local vasodilatation. Studies that involved any form of moxibustion (e.g. direct moxibustion, indirect moxibustion, heat-sensitive moxibustion, moxa burner moxibustion, warm needling or natural moxibustion, etc.) as the sole treatment or as a major part of a combination therapy with other intervertion (e.g. conventional drugs, etc.) will be included. And the studies in which moxibustion is used as an adjuvant therapy will be excluded. ","The intervention in the control group may include a placebo, no treatment or other conventional treatments that are currently accepted and widely used for patients.Other herbal medicines or complementary medicines will not be accepted as a control intervention. ","The most important outcome will be pain intensity and function (muscle strength, mobility, stability). Measures of effect There are multiple outcome measures that have been established in Knee OA including the Oxford Knee Score, the Lysholm Knee Scores, the International Knee Documentation Committee (IKDC) Scores, the Hospital for Special Surgery (HSS) Score, and the Western Ontario and McMaster universities (WOMAC) OA Index. Also standardized measures of pain (e.g. the Visual Analogue Scale) will be included. ",,"The secondary outcomes will be the proportion of participants whose symptoms improved after treatment, knees deformity, adverse events during or after the study, etc. Other outcomes according to the authors' reports. ",,"Humans; Moxibustion; Osteoarthritis, Knee",Professor Chen chenrixin321@163.com,The Affiliated Hospital with Jiangxi University of TCM ,"This study was supported by the Major State Basic Research Development Program of People''s Republic of China (Grant number: 2015CB554503), the National Natural Science Foundation of China (Grant number: 81160453), the National Natural Science Foundation of China (Grant number: 81202854), and Jiangxi Key R&amp;D Project. ",,,None ,,,English,China,Review Ongoing,,2015-02-19,2015-03-01,2016-01-31
HBMA000004,HERB000370,Bei Ai; 北艾; Mugwort; Artemisia Vulgaris,Herb,CRD42015016920,The effectiveness of moxibustion for treating knee osteoarthritis: a systematic review and meta-analyses,To evaluate the effectiveness and safety of moxibustion treatment for alleviating pain and improving lower limb function for patients with knee osteoarthritis ,"We will include randomised controlled trials (RCTs). For randomised cross-over trials, only phase 1 data will be included in the review because treatment carry over effects are likely.",Knee osteoarthritis is a major cause of pain and functional limitation. Complementary and alternative medical approaches have been employed to relieve symptoms and to avoid the side effects of conventional medication. Moxibustion has been widely used to treat patients with knee osteoarthritis. ,We will select studies that included participants aged 18 years or over with a diagnosis of knee osteoarthritis according to the criteria from the American College of Rheumatology and  knee pain for at least three months.We will exclude studies that include participants who have undergone total knee replacement. ,,,"Moxibustion is a traditional Chinese method of acupuncture treatment, which utilizes the heat generated by burning herbal preparations containing the plant Artemisia vulgaris (it is also called Mugwort or Moxa; the latter is derived from the Japanese moe kusa which means burning herb) to stimulate the acupuncture points. The technique consists of lighting a moxa stick and bringing it close to the skin until it produces hyperaemia due to local vasodilatation. Studies that involved any form of moxibustion (e.g. direct moxibustion, indirect moxibustion, heat-sensitive moxibustion, moxa burner moxibustion, warm needling or natural moxibustion, etc.) as the sole treatment or as a major part of a combination therapy with other intervertion (e.g. conventional drugs, etc.) will be included. And the studies in which moxibustion is used as an adjuvant therapy will be excluded. ","The intervention in the control group may include a placebo, no treatment or other conventional treatments that are currently accepted and widely used for patients.Other herbal medicines or complementary medicines will not be accepted as a control intervention. ","The most important outcome will be pain intensity and function (muscle strength, mobility, stability). Measures of effect There are multiple outcome measures that have been established in Knee OA including the Oxford Knee Score, the Lysholm Knee Scores, the International Knee Documentation Committee (IKDC) Scores, the Hospital for Special Surgery (HSS) Score, and the Western Ontario and McMaster universities (WOMAC) OA Index. Also standardized measures of pain (e.g. the Visual Analogue Scale) will be included. ",,"The secondary outcomes will be the proportion of participants whose symptoms improved after treatment, knees deformity, adverse events during or after the study, etc. Other outcomes according to the authors' reports. ",,"Humans; Moxibustion; Osteoarthritis, Knee",Professor Chen chenrixin321@163.com,The Affiliated Hospital with Jiangxi University of TCM ,"This study was supported by the Major State Basic Research Development Program of People''s Republic of China (Grant number: 2015CB554503), the National Natural Science Foundation of China (Grant number: 81160453), the National Natural Science Foundation of China (Grant number: 81202854), and Jiangxi Key R&amp;D Project. ",,,None ,,,English,China,Review Ongoing,,2015-02-19,2015-03-01,2016-01-31
HBMA000005,HERB000066,Ai Ye; 艾叶; Argy Wormwood Leaf; Leaf of Argy Wormwood; Folium Artemisiae Argyi; Artemisiae Argyi Folium,Herb,CRD42018100009,Moxibustion for the treatment of hypertension: a systematic review and meta-analysis,To explore the clinical effectiveness of moxibustion for treating hypertension.,"We will include randomised trials to assess the beneficial effects of the treatments, and will supplement these with observational studies (including cohort and case-control studies) for the assessment of harms.","Hypertension is a risk factor affecting the occurrence and prognosis of cardiovascular events. It is often one of the causes and inducing factors for myocardial infarction, cardiac insufficiency, stroke and severe cerebral and cerebrovascular diseases.  Antihypertensive drugs used to treat the condition, however, can cause side effects including liver and kidney damage. Moxibustion, the important component of clinical therapeutics of traditional Chinese medicine, has a reliable efficacy and unique advantages for the treatment of high blood pressure by virtue of its effects of warming meridians and stimulating acupuncture points. ",Participants aged 18 years or over with a diagnosis of hypertension according to the hypertension guidelines from the American Heart Association.,,,"Moxibustion. Moxibustion is a traditional Chinese method of acupuncture treatment, which utilizes the heat generated by burning herbal preparations containing the plant Artemisia vulgaris (it is also called Mugwort or Moxa).  With its extensive application scope and convenient operation, moxibustion is used widely in China and other Asian countries to treat diseases. The form of moxibustion includes direct moxibustion, indirect moxibustion, heat-sensitive moxibustion, moxa burner moxibustion, warm needling or natural moxibustion, etc.  Studies using moxibustion as the main treatment method will be included.  Studies in which moxibustion is used as an adjuvant therapy will be excluded. ","The intervention in the control group may include a placebo, no treatment or other conventional treatments that are currently accepted and widely used for patients. Other herbal medicines or complementary medicines will not be accepted as a control intervention. ","Blood pressure, systolic blood pressure, diastolic blood pressure. Measures of effect ",,None. Measures of effect ,"Intervention, Meta-analysis, Systematic review","Blood Pressure; Humans; Hypertension; Medicine, Chinese Traditional; Moxibustion; Treatment Outcome",Rui He herui000000@126.com,Beijing University of Chinese Medicine ,National Nature Science Foundation of China (No. 81343070); International Cooperation Program of China (ISTCP: 2011DFA31370) ,,,,,,English,China ,Review Ongoing,2018-06-11,2018-07-09,2018-06-11,2018-09-30
HBMA000006,HERB000370,Bei Ai; 北艾; Mugwort; Artemisia Vulgaris,Herb,CRD42018100009,Moxibustion for the treatment of hypertension: a systematic review and meta-analysis,To explore the clinical effectiveness of moxibustion for treating hypertension.,"We will include randomised trials to assess the beneficial effects of the treatments, and will supplement these with observational studies (including cohort and case-control studies) for the assessment of harms.","Hypertension is a risk factor affecting the occurrence and prognosis of cardiovascular events. It is often one of the causes and inducing factors for myocardial infarction, cardiac insufficiency, stroke and severe cerebral and cerebrovascular diseases.  Antihypertensive drugs used to treat the condition, however, can cause side effects including liver and kidney damage. Moxibustion, the important component of clinical therapeutics of traditional Chinese medicine, has a reliable efficacy and unique advantages for the treatment of high blood pressure by virtue of its effects of warming meridians and stimulating acupuncture points. ",Participants aged 18 years or over with a diagnosis of hypertension according to the hypertension guidelines from the American Heart Association.,,,"Moxibustion. Moxibustion is a traditional Chinese method of acupuncture treatment, which utilizes the heat generated by burning herbal preparations containing the plant Artemisia vulgaris (it is also called Mugwort or Moxa).  With its extensive application scope and convenient operation, moxibustion is used widely in China and other Asian countries to treat diseases. The form of moxibustion includes direct moxibustion, indirect moxibustion, heat-sensitive moxibustion, moxa burner moxibustion, warm needling or natural moxibustion, etc.  Studies using moxibustion as the main treatment method will be included.  Studies in which moxibustion is used as an adjuvant therapy will be excluded. ","The intervention in the control group may include a placebo, no treatment or other conventional treatments that are currently accepted and widely used for patients. Other herbal medicines or complementary medicines will not be accepted as a control intervention. ","Blood pressure, systolic blood pressure, diastolic blood pressure. Measures of effect ",,None. Measures of effect ,"Intervention, Meta-analysis, Systematic review","Blood Pressure; Humans; Hypertension; Medicine, Chinese Traditional; Moxibustion; Treatment Outcome",Rui He herui000000@126.com,Beijing University of Chinese Medicine ,National Nature Science Foundation of China (No. 81343070); International Cooperation Program of China (ISTCP: 2011DFA31370) ,,,,,,English,China ,Review Ongoing,2018-06-11,2018-07-09,2018-06-11,2018-09-30
HBMA000007,HERB000066,Ai Ye; 艾叶; Argy Wormwood Leaf; Leaf of Argy Wormwood; Folium Artemisiae Argyi; Artemisiae Argyi Folium,Herb,CRD42023392176,A network meta-analysis of effects of acupuncture and moxibustion on breast cancer-related lymphedema,"What are the effects of acupuncture and moxibustion on breast cancer related lymphedema?  P: Patients were women with lymphedema as a result of surgery, chemotherapy, and/or radiation for breast cancer. There were no restrictions on participants' breast cancer stage, lymphedema grade, age, or country. I: The treatment group was treated with acupuncture and/or moxibustion without restriction of manipulation techniques. Acupuncture includes filiform needle, laser acupuncture or electroacupuncture. Only burning Artemisia vulgaris was allowed in moxibustion treatment, and no other herbs were allowed. C: The treatment group was treated with acupuncture and/or moxibustion without restriction of manipulation techniques. Acupuncture includes filiform needle, laser acupuncture or electroacupuncture. Only burning Artemisia vulgaris was allowed in moxibustion treatment, and no other herbs were allowed. O: The primary outcome of the study was the improvement in the degree of edema, which was assessed by measuring the circumference of the arm. The secondary outcomes included Visual Analog Score (VAS) for swelling/ pain, and the incidences of adverse events related to AM (such as pain, scalding, local infection, coughing). S: Only randomized controlled trials (RCTs) will be included. ",Only randomized controlled trials (RCTs) will be included.,"Breast cancer is one of the most common malignant tumors in women, and the incidence of breast cancer is also increasing worldwide. At present, the treatment for breast cancer is a comprehensive treatment based on surgery, but many complications often occur after breast cancer surgery, among which, the upper limb lymphedema (BCRL) after breast cancer surgery is one of the common complications. BCRL can cause upper limb swelling, fatigue and pain, and even lead to upper limb dysfunction, seriously affecting the quality of life of patients. Therefore, it is particularly important to reduce the degree of edema and improve the quality of life of patients. With the continuous exploration of BCRL treatment, the curative effect of traditional Chinese medicine in treating this disease is outstanding. Among them, acupuncture and moxibustion therapy has shown a good effect in alleviating the swelling of the affected limb and reducing the arm circumference of the affected limb. However, the number of existing clinical studies is small, and most of them are small sample studies. The evidence coverage is insufficient, and there is no direct comparison between different acupuncture and moxibustion therapies.","Patients were women with lymphedema as a result of surgery, chemotherapy, and/or radiation for breast cancer. There were no restrictions on participants' breast cancer stage, lymphedema grade, age, or country.",,,"The treatment group was treated with acupuncture and/or moxibustion without restrictionof manipulation techniques. Acupuncture includes filiform needle, laser acupuncture or electroacupuncture. Only burning Artemisia vulgaris was allowed in moxibustion treatment, and no other herbs were allowed.","The control group could receive any treatments except acupuncture or moxibustion(Such as drug therapy, physical therapy, placebo- acupuncture).","The primary outcome of the study was the improvement in the degree of edema, which was assessed by measuring the circumference of the arm. Measures of effect Number of clinically effective cases; The degree of reduction in arm circumference (expressed in cm).",,"The secondary outcomes included Visual Analog Score (VAS) for swelling/ pain, and the incidences of adverse events related to AM (such as pain, scalding, local infection, coughing). Measures of effect A reduction in pain or swelling scores; Times of adverse events","Intervention, Network meta-analysis, Systematic review",Acupuncture Therapy; Arm; Artemisia; Breast Cancer Lymphedema; Breast Neoplasms; Edema; Electroacupuncture; Female; Humans; Incidence; Lymphedema; Male; Moxibustion; Randomized Controlled Trials as Topic,Junjie Wang wjjie2000@163.com,"Zhejiang Chinese Medical University, Hangzhou310000, China ",There is no funding in this network meta-analysis. ,,,,,,English,China,Review Ongoing,2023-01-16,2023-01-27,2022-11-01,2023-02-28
HBMA000008,HERB000370,Bei Ai; 北艾; Mugwort; Artemisia Vulgaris,Herb,CRD42023392176,A network meta-analysis of effects of acupuncture and moxibustion on breast cancer-related lymphedema,"What are the effects of acupuncture and moxibustion on breast cancer related lymphedema?  P: Patients were women with lymphedema as a result of surgery, chemotherapy, and/or radiation for breast cancer. There were no restrictions on participants' breast cancer stage, lymphedema grade, age, or country. I: The treatment group was treated with acupuncture and/or moxibustion without restriction of manipulation techniques. Acupuncture includes filiform needle, laser acupuncture or electroacupuncture. Only burning Artemisia vulgaris was allowed in moxibustion treatment, and no other herbs were allowed. C: The treatment group was treated with acupuncture and/or moxibustion without restriction of manipulation techniques. Acupuncture includes filiform needle, laser acupuncture or electroacupuncture. Only burning Artemisia vulgaris was allowed in moxibustion treatment, and no other herbs were allowed. O: The primary outcome of the study was the improvement in the degree of edema, which was assessed by measuring the circumference of the arm. The secondary outcomes included Visual Analog Score (VAS) for swelling/ pain, and the incidences of adverse events related to AM (such as pain, scalding, local infection, coughing). S: Only randomized controlled trials (RCTs) will be included. ",Only randomized controlled trials (RCTs) will be included.,"Breast cancer is one of the most common malignant tumors in women, and the incidence of breast cancer is also increasing worldwide. At present, the treatment for breast cancer is a comprehensive treatment based on surgery, but many complications often occur after breast cancer surgery, among which, the upper limb lymphedema (BCRL) after breast cancer surgery is one of the common complications. BCRL can cause upper limb swelling, fatigue and pain, and even lead to upper limb dysfunction, seriously affecting the quality of life of patients. Therefore, it is particularly important to reduce the degree of edema and improve the quality of life of patients. With the continuous exploration of BCRL treatment, the curative effect of traditional Chinese medicine in treating this disease is outstanding. Among them, acupuncture and moxibustion therapy has shown a good effect in alleviating the swelling of the affected limb and reducing the arm circumference of the affected limb. However, the number of existing clinical studies is small, and most of them are small sample studies. The evidence coverage is insufficient, and there is no direct comparison between different acupuncture and moxibustion therapies.","Patients were women with lymphedema as a result of surgery, chemotherapy, and/or radiation for breast cancer. There were no restrictions on participants' breast cancer stage, lymphedema grade, age, or country.",,,"The treatment group was treated with acupuncture and/or moxibustion without restrictionof manipulation techniques. Acupuncture includes filiform needle, laser acupuncture or electroacupuncture. Only burning Artemisia vulgaris was allowed in moxibustion treatment, and no other herbs were allowed.","The control group could receive any treatments except acupuncture or moxibustion(Such as drug therapy, physical therapy, placebo- acupuncture).","The primary outcome of the study was the improvement in the degree of edema, which was assessed by measuring the circumference of the arm. Measures of effect Number of clinically effective cases; The degree of reduction in arm circumference (expressed in cm).",,"The secondary outcomes included Visual Analog Score (VAS) for swelling/ pain, and the incidences of adverse events related to AM (such as pain, scalding, local infection, coughing). Measures of effect A reduction in pain or swelling scores; Times of adverse events","Intervention, Network meta-analysis, Systematic review",Acupuncture Therapy; Arm; Artemisia; Breast Cancer Lymphedema; Breast Neoplasms; Edema; Electroacupuncture; Female; Humans; Incidence; Lymphedema; Male; Moxibustion; Randomized Controlled Trials as Topic,Junjie Wang wjjie2000@163.com,"Zhejiang Chinese Medical University, Hangzhou310000, China ",There is no funding in this network meta-analysis. ,,,,,,English,China,Review Ongoing,2023-01-16,2023-01-27,2022-11-01,2023-02-28
HBMA000009,HERB000066,Ai Ye; 艾叶; Argy Wormwood Leaf; Leaf of Argy Wormwood; Folium Artemisiae Argyi; Artemisiae Argyi Folium,Herb,CRD42021241686,Effects of Acupuncture and Moxibustion on Breast Cancer-Related Lymphedema: A Systematic Review and Meta-Analysis of randomized controlled trials. ,"We conducted this study to determine whether acupuncture and/or moxibustion is safe and effective measure for patients with breast cancer associated lymphedema. P：Patients were women with lymphedema as a result of surgery, chemotherapy, and/or radiation for breast cancer. There were no restrictions on participants' breast cancer stage, lymphedema grade, age, or country. I：The treatment group was treated with acupuncture and/or moxibustion without restriction of manipulation techniques. Only needle acupuncture was allowed, and other forms of acupuncture (such as laser acupuncture or electroacupuncture) were not allowed. Only burning Artemisia vulgaris was allowed in moxibustion treatment, and no other herbs were allowed.  C: The control group could receive any treatments except acupuncture or moxibustion. O: The primary outcome of the study was the improvement in the degree of edema, which was assessed by measuring the circumference or volume of the arm or the fluid content in the limb. The secondary outcomes included clinical efficacy, Visual Analog Score (VAS) for swelling/ pain, Range Of Motion, Quality Of Life, and the incidences of adverse events related to AM (such as bruising, hematoma, pain, allergy, scalding, local infection, coughing, and nausea). S: The Studies were designed as clinical randomized controlled trials (RCTs). ",Randomized controlled trials,"Breast cancer is the most frequently diagnosed cancer among women, and its incidence is gradually increasing. However, the improvement in survival observed in recent decades led to an increased incidence of long-term complications related to the treatments. Among them, breast cancer related lymphedema(BRCL) is one of the most common problems in breast cancer survivors who undergo breast surgery and/or radiation, and it has tremendous implications on quality of life and upper limb function. Thus, limiting the development of edema and improving symptoms have become a common challenge faced by clinicians and patients. Current treatments for BRCL include manual lymphatic drainage, compression bandaging, exercise, education for the reduction phase, and the use of fitted compression garments during maintenance, but the efficacy of these measures is still uncertain. Acupuncture and moxibustion , as a significant component of Traditional Chinese Medicine, has played a full advantage in the treatment of various diseases for thousands of years. Clinically, acupuncture and moxibustion can be used alone or in combination. Some studies demonstrated that AM for BCRL may stabilize symptoms and reduce arm circumference. Some studies suggest that AM was well tolerated, but it did not significantly change arm circumference in BCRL.","Patients were women with lymphedema as a result of surgery, chemotherapy, and/or radiation for breast cancer. There were no restrictions on participants' breast cancer stage, lymphedema grade, age, or country.",,,"The treatment group was treated with acupuncture and/or moxibustion without restriction of manipulation techniques. Only needle acupuncture was allowed, and other forms of acupuncture (such as laser acupuncture or electroacupuncture) were not allowed. Only burning Artemisia vulgaris was allowed in moxibustion treatment, and no other herbs were allowed.  ",The control group could receive any treatments except acupuncture or moxibustion.,"The primary outcome of the study was the improvement in the degree of edema, which was assessed by measuring the circumference or volume of the arm or the fluid content in the limb.  Measures of effect The degree of reduction in arm circumference (expressed in cm or efficiency).  ",,"The secondary outcomes included clinical efficacy, Visual Analog Score (VAS) for swelling/ pain, Range Of Motion, Quality Of Life, and the incidences of adverse events related to AM (such as bruising, hematoma, pain, allergy, scalding, local infection, coughing, and nausea). Measures of effect A reduction in pain or swelling scores. Increased motion of the shoulder. Improvement in quality of life","Intervention, Meta-analysis, Systematic review",Acupuncture Therapy; Breast Neoplasms; Female; Humans; Lymphedema; Moxibustion; Randomized Controlled Trials as Topic,Yu Gao gym3377@163.com,"Beijing Hospital of Traditional Chinese Medicine, Capital Medical University ",13th Five-Year National Science and Technology Major Project for New Drugs（No: 2019ZX09734001） ,,,,,,English,China,Review Ongoing,2021-03-14,2021-04-14,2021-01-24,2021-05-15
HBMA000010,HERB000370,Bei Ai; 北艾; Mugwort; Artemisia Vulgaris,Herb,CRD42021241686,Effects of Acupuncture and Moxibustion on Breast Cancer-Related Lymphedema: A Systematic Review and Meta-Analysis of randomized controlled trials. ,"We conducted this study to determine whether acupuncture and/or moxibustion is safe and effective measure for patients with breast cancer associated lymphedema. P：Patients were women with lymphedema as a result of surgery, chemotherapy, and/or radiation for breast cancer. There were no restrictions on participants' breast cancer stage, lymphedema grade, age, or country. I：The treatment group was treated with acupuncture and/or moxibustion without restriction of manipulation techniques. Only needle acupuncture was allowed, and other forms of acupuncture (such as laser acupuncture or electroacupuncture) were not allowed. Only burning Artemisia vulgaris was allowed in moxibustion treatment, and no other herbs were allowed.  C: The control group could receive any treatments except acupuncture or moxibustion. O: The primary outcome of the study was the improvement in the degree of edema, which was assessed by measuring the circumference or volume of the arm or the fluid content in the limb. The secondary outcomes included clinical efficacy, Visual Analog Score (VAS) for swelling/ pain, Range Of Motion, Quality Of Life, and the incidences of adverse events related to AM (such as bruising, hematoma, pain, allergy, scalding, local infection, coughing, and nausea). S: The Studies were designed as clinical randomized controlled trials (RCTs). ",Randomized controlled trials,"Breast cancer is the most frequently diagnosed cancer among women, and its incidence is gradually increasing. However, the improvement in survival observed in recent decades led to an increased incidence of long-term complications related to the treatments. Among them, breast cancer related lymphedema(BRCL) is one of the most common problems in breast cancer survivors who undergo breast surgery and/or radiation, and it has tremendous implications on quality of life and upper limb function. Thus, limiting the development of edema and improving symptoms have become a common challenge faced by clinicians and patients. Current treatments for BRCL include manual lymphatic drainage, compression bandaging, exercise, education for the reduction phase, and the use of fitted compression garments during maintenance, but the efficacy of these measures is still uncertain. Acupuncture and moxibustion , as a significant component of Traditional Chinese Medicine, has played a full advantage in the treatment of various diseases for thousands of years. Clinically, acupuncture and moxibustion can be used alone or in combination. Some studies demonstrated that AM for BCRL may stabilize symptoms and reduce arm circumference. Some studies suggest that AM was well tolerated, but it did not significantly change arm circumference in BCRL.","Patients were women with lymphedema as a result of surgery, chemotherapy, and/or radiation for breast cancer. There were no restrictions on participants' breast cancer stage, lymphedema grade, age, or country.",,,"The treatment group was treated with acupuncture and/or moxibustion without restriction of manipulation techniques. Only needle acupuncture was allowed, and other forms of acupuncture (such as laser acupuncture or electroacupuncture) were not allowed. Only burning Artemisia vulgaris was allowed in moxibustion treatment, and no other herbs were allowed.  ",The control group could receive any treatments except acupuncture or moxibustion.,"The primary outcome of the study was the improvement in the degree of edema, which was assessed by measuring the circumference or volume of the arm or the fluid content in the limb.  Measures of effect The degree of reduction in arm circumference (expressed in cm or efficiency).  ",,"The secondary outcomes included clinical efficacy, Visual Analog Score (VAS) for swelling/ pain, Range Of Motion, Quality Of Life, and the incidences of adverse events related to AM (such as bruising, hematoma, pain, allergy, scalding, local infection, coughing, and nausea). Measures of effect A reduction in pain or swelling scores. Increased motion of the shoulder. Improvement in quality of life","Intervention, Meta-analysis, Systematic review",Acupuncture Therapy; Breast Neoplasms; Female; Humans; Lymphedema; Moxibustion; Randomized Controlled Trials as Topic,Yu Gao gym3377@163.com,"Beijing Hospital of Traditional Chinese Medicine, Capital Medical University ",13th Five-Year National Science and Technology Major Project for New Drugs（No: 2019ZX09734001） ,,,,,,English,China,Review Ongoing,2021-03-14,2021-04-14,2021-01-24,2021-05-15
HBMA000011,HERB000066,Ai Ye; 艾叶; Argy Wormwood Leaf; Leaf of Argy Wormwood; Folium Artemisiae Argyi; Artemisiae Argyi Folium,Herb,CRD42018117765,Efficacy and safety of grain-moxibustion in hemiplegia: a systematic review and meta‑analysis protocol,"To determine the efficacy and safety of grain-moxibustion in hemiplegia. PICOS: P (Population): patients with hemiplegia; I (Intervention): grain-moxibustion; C (Comparison): conventional medicine therapy; O (Outcome): total effective rate, etc; S (Study design): RCTs. ","Except for those references with incomplete or wrong data, all randomized controlled trial will be included, irrespective of language and publication status.","Stroke is an acute cerebrovascular event caused by brain ischemia, which has become the second leading cause of death. Affecting greatly the ability of patients to take care of themselves, so that stroke has caused great economic burden to the society. There are 10.3 million new strokes and 113 million disability-adjusted life years per year. Economic development is closely related to morbidity, and it was reported that stroke incidence in high-income countries decreased by 42% while incidence showed 100% increase in low-income and middle-income countries in the past four decades.   Spasticity, a common nerve injury symptoms in stroke, which is characterized as passive elongation of the involved muscle. At present, botulinum neurotoxin injection therapy combined with rehabilitation has been applied for stroke patients to reduce the spasticity of limbs with a positive effect on nerve recovery. However, as a bacterial endotoxin, botulinum toxin can cause allergic reactions, such as dizziness, tachycardia, redness, swelling, etc. Therefore, it is necessary to find other effective alternative therapies to minimize the devastating effects of stroke. ","Patients involved suffered from hemiplegia (and meeting at least one of the current or past definitions of hemiplegia). No age, sex or race limit.",,,"In Asia, acupuncture and moxibustion are widely used in the rehabilitation of stroke patients with spastic hemiplegia as the comprehensive therapy. As a percutaneous therapy, moxibustion can permeate the volatile components and heat into acupoints through burned mugwort (Artemisia vulgaris) floss according to the theory of TCM, spastic hemiplegia in stroke is mainly related to the imbalance of Yin and Yang. Phlegh-damp, weakness, pathogenic wind and blood stasis are the main pathological factors. Moxibustion can warm up cold phlegm and dispel wind by its drug action and warm effect, and further induce flow of blood and qi to facilitate recovery from cerebral ischemic. Grain-moxibustion, different from indirect moxibustion, has the advantages of large amount of stimulation, concentrated position and strong permeability through direct acting on acupoints. It can stimulate human immune function instantaneously to promote qi and activating blood, finally restore balance of limb function. Avoiding the pain of acupuncture and overdose inhalation of mugwort smoke, it not only improves the peripheral circulation, but also affects the central cerebral cortex reflectively. ","RCTs comparing grain-moxibustion used alone versus drugs will be included. If, however, trials have assessed the combined effect of grain-moxibustion with other interventions, such as another herbal formula, qigong, tai chi, acupuncture, yoga or massage, they will be excluded, as the therapeutic effect of the grain-moxibustion may not be distinguishable from the effect of the additional therapy. In addition, studies using non-conventional medicine in their control groups will also be excluded. ",Total effective rate. Measures of effect To be calculated at the end of the test.,,Quality of life index (QLI) Measures of effect To be calculated at the end of the test.,Systematic review,Acupuncture Therapy; Hemiplegia; Humans; Moxibustion,Guoming Chen 1252309411@qq.com,Guangzhou University of Chinese Medicine http://www.gzucm.edu.cn/,No funding ,,,,,,English,China,Review Ongoing,2018-11-26,2018-12-13,2018-12-18,2020-12-18
HBMA000012,HERB000370,Bei Ai; 北艾; Mugwort; Artemisia Vulgaris,Herb,CRD42018117765,Efficacy and safety of grain-moxibustion in hemiplegia: a systematic review and meta‑analysis protocol,"To determine the efficacy and safety of grain-moxibustion in hemiplegia. PICOS: P (Population): patients with hemiplegia; I (Intervention): grain-moxibustion; C (Comparison): conventional medicine therapy; O (Outcome): total effective rate, etc; S (Study design): RCTs. ","Except for those references with incomplete or wrong data, all randomized controlled trial will be included, irrespective of language and publication status.","Stroke is an acute cerebrovascular event caused by brain ischemia, which has become the second leading cause of death. Affecting greatly the ability of patients to take care of themselves, so that stroke has caused great economic burden to the society. There are 10.3 million new strokes and 113 million disability-adjusted life years per year. Economic development is closely related to morbidity, and it was reported that stroke incidence in high-income countries decreased by 42% while incidence showed 100% increase in low-income and middle-income countries in the past four decades.   Spasticity, a common nerve injury symptoms in stroke, which is characterized as passive elongation of the involved muscle. At present, botulinum neurotoxin injection therapy combined with rehabilitation has been applied for stroke patients to reduce the spasticity of limbs with a positive effect on nerve recovery. However, as a bacterial endotoxin, botulinum toxin can cause allergic reactions, such as dizziness, tachycardia, redness, swelling, etc. Therefore, it is necessary to find other effective alternative therapies to minimize the devastating effects of stroke. ","Patients involved suffered from hemiplegia (and meeting at least one of the current or past definitions of hemiplegia). No age, sex or race limit.",,,"In Asia, acupuncture and moxibustion are widely used in the rehabilitation of stroke patients with spastic hemiplegia as the comprehensive therapy. As a percutaneous therapy, moxibustion can permeate the volatile components and heat into acupoints through burned mugwort (Artemisia vulgaris) floss according to the theory of TCM, spastic hemiplegia in stroke is mainly related to the imbalance of Yin and Yang. Phlegh-damp, weakness, pathogenic wind and blood stasis are the main pathological factors. Moxibustion can warm up cold phlegm and dispel wind by its drug action and warm effect, and further induce flow of blood and qi to facilitate recovery from cerebral ischemic. Grain-moxibustion, different from indirect moxibustion, has the advantages of large amount of stimulation, concentrated position and strong permeability through direct acting on acupoints. It can stimulate human immune function instantaneously to promote qi and activating blood, finally restore balance of limb function. Avoiding the pain of acupuncture and overdose inhalation of mugwort smoke, it not only improves the peripheral circulation, but also affects the central cerebral cortex reflectively. ","RCTs comparing grain-moxibustion used alone versus drugs will be included. If, however, trials have assessed the combined effect of grain-moxibustion with other interventions, such as another herbal formula, qigong, tai chi, acupuncture, yoga or massage, they will be excluded, as the therapeutic effect of the grain-moxibustion may not be distinguishable from the effect of the additional therapy. In addition, studies using non-conventional medicine in their control groups will also be excluded. ",Total effective rate. Measures of effect To be calculated at the end of the test.,,Quality of life index (QLI) Measures of effect To be calculated at the end of the test.,Systematic review,Acupuncture Therapy; Hemiplegia; Humans; Moxibustion,Guoming Chen 1252309411@qq.com,Guangzhou University of Chinese Medicine http://www.gzucm.edu.cn/,No funding ,,,,,,English,China,Review Ongoing,2018-11-26,2018-12-13,2018-12-18,2020-12-18
HBMA000013,HERB000066,Ai Ye; 艾叶; Argy Wormwood Leaf; Leaf of Argy Wormwood; Folium Artemisiae Argyi; Artemisiae Argyi Folium,Herb,CRD42022357108,"Effect of moxibustion on inflammatory cytokines in patients with low back pain: a systematic review, meta-analysis, and meta-regression",Is moxibustion effective on the regulation of inflammatory cytokines for patients with low back pain? It is a systematic review and meta-analysis of randomized controlled trials.,Randomized controlled trials (RCTs) focused on human trials will be included.,"Low back pain (LBP) is a common problem worldwide. The pathological features of LBP involve many links, which include the production of pro-inflammatory mediators. Recent evidence supports that pro-inflammatory cytokines as well as anti-inflammatory cytokines play an important part in LBP. To date, many pharmacological therapies have been widely used to treat LBP by regulating inflammatory cytokines, but the side effects of Western medicine are common in clinic. Therefore, alternative therapy without side effect is gradually becoming a trend to treat LBP.  Moxibustion therapy is a branch of traditional Chinese medicine. In China and Japan, it has been widely used to treat LBP. However, the mechanism of moxibustion to treat LBP remains unclear. Inflammatory response is important in the progression and prognosis of LBP. Therefore, it deserves our exploration to analyze whether moxibustion can treat LBP by regulating inflammatory response. Inflammatory responses are induced by inflammatory cytokine overexpression. Several studies showed that patients treated with moxibustion had lower levels of proinflammatory cytokines than those in the control group. But there is a lack of systematic review to summarize the evidence of moxibustion on inflammatory cytokines in patients with LBP.  ","This systematic review focus on patients with LBP. Disorders that lead to LBP, such as lumbar disc herniation (LDH), intervertebral disc degeneration (IDD), spinal stenosis, sciatica, ankylosing spondylitis, failed back surgery syndrome, will also be included.",,,"This systematic review focus on moxibustion therapy. As a complementary medicine, moxibustion is a technique that involves the burning of mugwort (moxa, Artemisia argyi) to facilitate healing over specific acupuncture points.",There is no restriction on interventions in the control group.,"The primary outcomes considered are inflammatory cytokines, including TNF-α, interferon (IFN-) α, IFN-γ, IL-1β, IL-2, IL-4, IL-6, IL-10, IL-17. ",,The secondary outcome is incidence rate of adverse events related to moxibustion intervention. ,"Meta-analysis, Systematic review",Cytokines; Humans; Low Back Pain; Moxibustion,Zhenni Zhao 18811996786@163.com,Nanjing University of Chinese Medicine ,None ,,,,,,English,China,Review Ongoing,2022-08-31,2022-09-11,2022-03-01,2022-09-30
HBMA000014,HERB000370,Bei Ai; 北艾; Mugwort; Artemisia Vulgaris,Herb,CRD42022357108,"Effect of moxibustion on inflammatory cytokines in patients with low back pain: a systematic review, meta-analysis, and meta-regression",Is moxibustion effective on the regulation of inflammatory cytokines for patients with low back pain? It is a systematic review and meta-analysis of randomized controlled trials.,Randomized controlled trials (RCTs) focused on human trials will be included.,"Low back pain (LBP) is a common problem worldwide. The pathological features of LBP involve many links, which include the production of pro-inflammatory mediators. Recent evidence supports that pro-inflammatory cytokines as well as anti-inflammatory cytokines play an important part in LBP. To date, many pharmacological therapies have been widely used to treat LBP by regulating inflammatory cytokines, but the side effects of Western medicine are common in clinic. Therefore, alternative therapy without side effect is gradually becoming a trend to treat LBP.  Moxibustion therapy is a branch of traditional Chinese medicine. In China and Japan, it has been widely used to treat LBP. However, the mechanism of moxibustion to treat LBP remains unclear. Inflammatory response is important in the progression and prognosis of LBP. Therefore, it deserves our exploration to analyze whether moxibustion can treat LBP by regulating inflammatory response. Inflammatory responses are induced by inflammatory cytokine overexpression. Several studies showed that patients treated with moxibustion had lower levels of proinflammatory cytokines than those in the control group. But there is a lack of systematic review to summarize the evidence of moxibustion on inflammatory cytokines in patients with LBP.  ","This systematic review focus on patients with LBP. Disorders that lead to LBP, such as lumbar disc herniation (LDH), intervertebral disc degeneration (IDD), spinal stenosis, sciatica, ankylosing spondylitis, failed back surgery syndrome, will also be included.",,,"This systematic review focus on moxibustion therapy. As a complementary medicine, moxibustion is a technique that involves the burning of mugwort (moxa, Artemisia argyi) to facilitate healing over specific acupuncture points.",There is no restriction on interventions in the control group.,"The primary outcomes considered are inflammatory cytokines, including TNF-α, interferon (IFN-) α, IFN-γ, IL-1β, IL-2, IL-4, IL-6, IL-10, IL-17. ",,The secondary outcome is incidence rate of adverse events related to moxibustion intervention. ,"Meta-analysis, Systematic review",Cytokines; Humans; Low Back Pain; Moxibustion,Zhenni Zhao 18811996786@163.com,Nanjing University of Chinese Medicine ,None ,,,,,,English,China,Review Ongoing,2022-08-31,2022-09-11,2022-03-01,2022-09-30
HBMA000015,HERB002515,Huang Hua Hao; 黄花蒿; Sweet Wormwood Equivalent Plant: Artemisia Apiacea; Artemisia Annua,Herb,CRD42022338850,Efficacy and safety of Artemisia Annua sublingual immunotherapy in seasonal allergic rhinitis: a systematic review and meta-analysis of randomised controlled trials,Does Artemisia Annua sublingual immunotherapy play an effective role in the treatment of seasonal allergic rhinitis (SAR)?,"Systematic reviews (and Meta-analysis, if available) of observational and interventional studies.","The prevalence of AR has increased year by year, imposing a significant burden on socio-economics. Recently, Artemisia annua Allergen Sublingual Immunotherapy Drops have been available in the Chinese market and they have been tested and found to be effective and safe in the treatment of patients with SAR with or without allergic conjunctivitis in a series of RCTS conducted by Luo Zhang (2017) ’s team. In the research, we aim to evaluate the efficacy and safety of Artemisia allergen sublingual immunotherapy in patients with SAR and provide further evidence for SAR treatment strategies.","Inclusion: patients with a confirmed diagnosis of SAR, who did not receive allergen immunotherapy (AIT).  Exclusion: patients with SAR who received AIT before. ",,,Artemisia annua Allergen Sublingual Immunotherapy Drops were used for the treatment of SAR.,Comparator(s)/control: placebo or no treatment.  Comparison pairs: Artemisia annua Allergen Sublingual Immunotherapy Drops versus placebo or no treatment. ,"The primary outcomes of our study contained two aspects, including the total nasal symptom score (TNSS), the combined symptom, the medication score (CSMS), the combined score of medication and the rhinoconjunctivitis symptom (CSMRS), which were for evaluating the efficacy, and the safety were evaluated by serious adverse events report. Measures of effect Absolute and relative risks for the outcomes outlined above were displayed using forest plots and calculated using random effects models.",,"Daily total nasal symptom score (dTNSS); Daily rescue medication score (dRMS); total medication score (TMS), visual analog score (VAS); Serious Adverse Events (SAEs), and Adverse Events (AEs). Measures of effect Absolute and relative risks for the outcomes outlined above; and reported hazard ratios and 95% confidence intervals (CIs).",Systematic review,"Artemisia annua; Desensitization, Immunologic; Humans; Randomized Controlled Trials as Topic; Rhinitis, Allergic, Perennial; Rhinitis, Allergic, Seasonal; Sublingual Immunotherapy",Jia Huang hj1990@126.com,Affiliated Hospital of Guangdong Medical University https://www.sshospital.cn ,No funding sources ,,,,,,English,China,Review Ongoing,2022-06-10,2022-06-21,2022-06-10,2022-09-25
HBMA000016,HERB000066,Ai Ye; 艾叶; Argy Wormwood Leaf; Leaf of Argy Wormwood; Folium Artemisiae Argyi; Artemisiae Argyi Folium,Herb,CRD42020192572,Correction of Breech Presentation with Moxibustion and Acupuncture,The aim of this systematic review and meta-analysis is to evaluate the effectiveness and safety of moxibustion and acupuncture in correcting breech presentation.,"We will select eligible studies based on the following inclusion criteria: (1) the study was an RCT. Studies will be excluded based on the following criteria: (1) the study was non-randomized, quasi-experimental, observational, qualitative, or did not involve human subjects. ","Breech presentation is a common malposition in the third trimester of pregnancy. Serious complications, such as traumatic injuries or asphyxia, can occur during vaginal delivery. Some non-invasive therapies are available, including knee-chest position management and external cephalic version (ECV). However, there is insufficient evidence to support knee-chest position management, and ECV is a painful procedure for pregnant women.",We will select eligible studies based on the following inclusion criteria:  (1) pregnant women in the 28th-35th week of gestation with a normal pregnancy and an ultrasound diagnosis of breech (non-vertex) presentation are included. ,,,"The interventions will be consisted of moxibustion alone, traditional acupuncture or electro-acupuncture alone, or moxibustion and acupuncture combined.Moxibustion and acupuncture have a long history in the treatment of various problems, including fetal malposition. The interventions are similar because they both stimulate acupoints to achieve a therapeutic effect. Moxibustion is a traditional Chinese procedure that utilizes the heat generated from a burning moxa stick (made from herbal preparations containing Artemisia vulgaris) to stimulate acupuncture points. ","We will select eligible studies based on the following inclusion criteria: (1) comparisons between interventions and control measures (e.g., observation, usual care, or knee-chest position).",The primary outcome will be the fetal presentation at birth. Measures of effect The primary outcome will be presented as relative risks.,,The secondary outcome will be adverse events. Measures of effect The secondary outcome will be presented as relative risks.,"Intervention, Meta-analysis, Systematic review",Humans,JIAN-AN LIAO frank771124@hotmail.com,Keelung Chang Gung Memorial Hospital ,not applicable ,,,,,,English,Taiwan,Review Ongoing,2020-06-16,2020-07-16,2020-06-16,2020-07-16
HBMA000017,HERB000370,Bei Ai; 北艾; Mugwort; Artemisia Vulgaris,Herb,CRD42020192572,Correction of Breech Presentation with Moxibustion and Acupuncture,The aim of this systematic review and meta-analysis is to evaluate the effectiveness and safety of moxibustion and acupuncture in correcting breech presentation.,"We will select eligible studies based on the following inclusion criteria: (1) the study was an RCT. Studies will be excluded based on the following criteria: (1) the study was non-randomized, quasi-experimental, observational, qualitative, or did not involve human subjects. ","Breech presentation is a common malposition in the third trimester of pregnancy. Serious complications, such as traumatic injuries or asphyxia, can occur during vaginal delivery. Some non-invasive therapies are available, including knee-chest position management and external cephalic version (ECV). However, there is insufficient evidence to support knee-chest position management, and ECV is a painful procedure for pregnant women.",We will select eligible studies based on the following inclusion criteria:  (1) pregnant women in the 28th-35th week of gestation with a normal pregnancy and an ultrasound diagnosis of breech (non-vertex) presentation are included. ,,,"The interventions will be consisted of moxibustion alone, traditional acupuncture or electro-acupuncture alone, or moxibustion and acupuncture combined.Moxibustion and acupuncture have a long history in the treatment of various problems, including fetal malposition. The interventions are similar because they both stimulate acupoints to achieve a therapeutic effect. Moxibustion is a traditional Chinese procedure that utilizes the heat generated from a burning moxa stick (made from herbal preparations containing Artemisia vulgaris) to stimulate acupuncture points. ","We will select eligible studies based on the following inclusion criteria: (1) comparisons between interventions and control measures (e.g., observation, usual care, or knee-chest position).",The primary outcome will be the fetal presentation at birth. Measures of effect The primary outcome will be presented as relative risks.,,The secondary outcome will be adverse events. Measures of effect The secondary outcome will be presented as relative risks.,"Intervention, Meta-analysis, Systematic review",Humans,JIAN-AN LIAO frank771124@hotmail.com,Keelung Chang Gung Memorial Hospital ,not applicable ,,,,,,English,Taiwan,Review Ongoing,2020-06-16,2020-07-16,2020-06-16,2020-07-16
HBMA000018,HERB000140,Ba La Gui Dong Qing; 巴拉圭冬青; Paraguay Tea; Ilex Paraguariensis,Herb,CRD42022311228,Effect of yerba mate (Ilex paraguariensis) on lipid levels: a systematic review and meta-analysis.,What is the impact on the lipid levels of patients who consume yerba mate (Ilex paraguariensis)?,"(1) Experimental or observational studies developed in humans;  (2) In the case of experimental or observational studies with a cohort design, studies that reported lipid values at baseline and at the end of follow-up, both in the yerba mate arm and in the control arm, were included.  On the other hand, in the case of studies with cross-sectional or case-control designs, they were included when lipid values were reported in the groups with different levels of yerba mate consumption. ",dyslipidemia. consumption of yerba mate (Ilex paraguariensis) as a possible lipid-lowering compound?,Inclusion: adults with dyslipidemia with regular consumption of yerba mate (Ilex paraguariensis) Exclusion: Concomitant use of lipid-lowering medication  ,,,"The studies evaluated included patients with dyslipidemia who frequently consume yerba mate (Ilex paraguariensis) (intervention group), based on the premise that this substance could contribute to lowering lipid levels.",The placebo group of the studies included non-pharmacological measures aimed at lowering lipids such as diet and physical activity.,"The primary outcome of interest was lipid levels (total cholesterol, C-LDL, C-HDL and triglycerides). ",,none ,"Meta-analysis, Systematic review",Humans; Ilex paraguariensis; Lipids; Plant Extracts,,,,,,,,,English,,,,,,
HBMA000019,HERB000140,Ba La Gui Dong Qing; 巴拉圭冬青; Paraguay Tea; Ilex Paraguariensis,Herb,CRD42022341867,Effects of the Yerba Mate (Ilex Paraguariensis) on several health-related outcomes.,"In healthy and health-related metabolic impairment subjects, is the Yerba Mate (Ilex Paraguariensis) better than a placebo to improve metabolic, anthropometric, and physical performance outcomes?",Only randomised controlled trials,"Metabolic syndrome, diabetes, dyslipidemia, hypertension, immunodeficiency","Subjects with metabolic syndrome, diabetes, dyslipidemia, hypertension, immunodeficiency or healthy",,,"Yerba mate (Ilex Paraguariensis) as extract, supplement, tea, or traditional mate","Another herbal supplement, placebo yerba mate or no intervention","Lipid, and anthropometric profile. Physical Performance measures as energetic expenditure ",,"Gastric emptying, hungry, mood state, rate of perceived exertion ","Intervention, Meta-analysis, Systematic review",Humans; Ilex paraguariensis; Plant Extracts,Nicolas Bevacqua nbevacqua@ugr.edu.ar,Universidad del Gran Rosario ,No funding sources ,,,,,,English,Argentina,Review Ongoing,2022-06-23,2022-07-04,2022-07-11,2023-01-27
HBMA000020,HERB000152,Ba Xi Ke Ke; 巴西可可; Guarana; Paullinia Cupana,Herb,CRD42018083312,Effects of guarana (Paullinia cupana) on cardiovascular healthy: a systematic review,Does consumption and/or supplementation of guarana have an action on cardiovascular health and control of risk factors in humans?,Randomized controlled trials will be considered as standard for evaluating the effects of different medical interventions. They should therefore be well designed so that the chances of bias are minimized.,"Guarana (Paullinia cupana), a Brazilian plant native to the Amazon region, presents great economic, social and therapeutic importance. Its seed has a significant antioxidant characteristic, due to the considerable presence of bioactive compounds such as catechins, epicatechins, proanthocyanidins, caffeine, and to a lesser extent, theophylline and theobromine, being therefore of scientific interest. The consumption of food sources of antioxidants may represent an approach in inhibiting the damage caused by excess free radicals, becoming an alternative in the prevention and control of cardiovascular diseases, and their associated complications. These diseases constitute one of the main causes of prolonged hospitalizations and are determinant in the allocation of public resources in hospitalizations in the country, significantly implicating the mortality rate in all Brazilian regions. The objective of this systematic review was to analyze and synthesize the main evidences generated by controlled and randomized clinical trials on the ingestion of guaraná (Paullinia cupana), which, through supplementation, encapsulated, powdered or other forms of administration, have implications for risk factors and cardiovascular health in humans.","They will be considered as human participants, regardless of age (children, adults and elderly), regardless of gender (female and male), cardiovascular disease with or without an association of risk factors (hypertension, high cholesterol, smokers, sedentary, and / or diabetics), making continuous use or not of associated drug treatment.",,,"Studies with administration or supplementation using guarana (Paullinia cupana) in their various forms of administration (powdered and diluted, by infusion or through single capsules or in combination with other compounds having similar active principles, in order to compare the effects of consumption). Administration may be done in divided doses (daily or weekly) or in a single dose (mega dose). Interventions with the presence of a control group will be considered, being considered the participants who received placebo or another type of intervention or no intervention.",Not applicable.,"Randomized controlled trials, which relate and evaluate consumption and [or supplementation of guarana (Paullinia cupana) to the detriment of cardiovascular health; conducted in humans. ",,The associated risk factors of cardiovascular health after consumption and or supplementation of guarana (Paullinia cupana). ,"Intervention, Meta-analysis, Systematic review",Caffeine; Cardiovascular System; Humans; Paullinia; Plant Extracts,Andressa Ferreira Campos andressa_nutri@live.com,University of Sao Paulo www.fsp.usp.br,CAPES ,,,,,, (there is not an English language summary),Brazil,Review Ongoing,2017-12-03,2018-01-08,2017-05-07,2018-06-03
HBMA000021,HERB000152,Ba Xi Ke Ke; 巴西可可; Guarana; Paullinia Cupana,Herb,CRD42018102070,The use of guaraná (Paullinia cupana) as a dietary supplement for fatigue in patients with cancer: a systematic review,What is the influence of the use of guaraná (Paullinia cupana) on fatigue in patients with cancer?,We will include only randomised controlled trials (RCTs),Fatigue in patients with cancer. Guarana Supplements in adults and elderly.,"Patients diagnosed or cancer survivors, over 18 years of age, both sexes,  fatigue as a primary outcome, studies using guarana (Paullinia cupana). Will be excluded pregnant women, patients with cachexia, another intervention concomitant to the use of guarana",,,"The Supplementation of guarana has been used for the non-pharmacological treatment of fatigue in cancer patients. Fatigue is a symptom, of multifactorial origins that leads to suffering and loss of physical capacity in this population. Dietary supplements are low cost for the management of this symptom.",Placebo. Dietary Supplements or instructions not used to improve the fatigue.,Fatigue including any specific instrument for the evaluation. ,,"Quality of life, sleep quality, pain, nutritional status, adverse effects and inflammatory mediators ","Intervention, Systematic review",Dietary Supplements; Galactans; Humans; Mannans; Neoplasms; Paullinia; Plant Gums; guar gum,Daise  Araujo daise_araujo@msn.com,Federal University of Maranhao www.ufma.br,None ,,,,,,English,Brazil,Review Ongoing,2018-06-23,2018-07-23,2018-07-02,2019-07-02
HBMA000022,HERB000152,Ba Xi Ke Ke; 巴西可可; Guarana; Paullinia Cupana,Herb,CRD42021273118,Effects of Guarana Supplementation on the Autonomic Nervous System – A Systematic Review,Which are the effects of guarana supplementation on the autonomic nervous system?,"We will include randomised or non-randomized trials to assess the beneficial effects of the treatments, crossover, single or double blind, and placebo-controlled clinical trials.",Cardiovascular diseases from changes in heart rate variability (HRV). Guarana and exercise can help prevent these diseases in adults,"Inclusion: Adults, men and women (between 18 and 45 years old) in good health and free from illicit drugs and without prescription drugs. Exclusion: Elderlies, adolescents, pregnant women, regular smokers, severe physical illnesses, psychiatric disorders (including depression and anxiety) or neurological disease, metabolic, endocrine and cardiac disorders, chronic alcohol consumption, as well as use of psychotropic drugs or medications that affect the cardiovascular system. ",,,The ingestion of an effervescent drink or capsule containing guarana and may be a session of physical exercise. The type of physical exercise has not been established.,"Placebo, such as drinks and effervescent tablets, capsules and water added with unsweetened syrup.","The results will be presented through the assessment of acute behavioral and mood effects, cognitive performance, heart rate variability, acute cerebral electrophysiological changes and potential psychoactive effects. Measures of effect HRV will be evaluated in the time domain (RMSSD - square root of the mean square of the differences between cardiac intervals) and in the frequency domain (HF - high frequency, ranging from 0.15 to 0.4Hz).",,Maximum oxygen consumption before and after the intervention ,Systematic review,Autonomic Nervous System; Caffeine; Dietary Supplements; Humans; Paullinia; Plant Extracts,Isabela De Pretto Mansano isabela.pretto@unesp.br, Universidade Estadual Paulista Júlio de Mesquita Filho (UNESP) https://www2.unesp.br/,There were no funders for this review ,,,,,,"English, Portuguese-Brazil",Brazil,Review Ongoing,2021-09-10,2021-10-11,2020-09-14,2021-11-08
HBMA000023,HERB000152,Ba Xi Ke Ke; 巴西可可; Guarana; Paullinia Cupana,Herb,CRD42021278178,Effects Of Guaraná Supplementation Before The Exercise On Oxidative Stress – A Systematic Review,What are the effects of guarana supplementation before physical exercise in the oxidative stress?,"We will include randomised or non-randomized trials to assess the beneficial effects of the treatments, crossover, single or double blind, and placebo-controlled clinical trials.",To show how guarana can help to reduce oxidative stress over physical exercise and can help prevent from cardiovascular and metabolic diseases in adults.,"Inclusion: Adults, men and women (between 20 and 35 years old) in good health and free from illicit drugs and without prescription drugs. Exclusion: pregnant or breastfeeding women, smokers, cardiovascular, thyroid, liver or kidney diseases, diabetes, psychiatric or seizure disorders, chronic use of medication and/or use of antioxidant supplementation in the 2 months prior to the study, vegetarian diet and sensitivity to caffeine, prostatic hypertrophy and narrow-angle glaucoma. ",,,The ingestion of an effervescent drink or capsule containing guarana and a session of physical exercise. The type of physical exercise has not been established.,"Placebo, such as drinks and effervescent tablets, capsules and water added with unsweetened syrup.",Verify the effects of guarana supplementation before exercise on oxidative stress. ,,Maximum oxygen consumption before and after the intervention ,Systematic review,Antioxidants; Dietary Supplements; Humans; Oxidative Stress; guar gum,Isabela De Pretto Mansano isabela.pretto@unesp.br,Universidade Estadual Paulista Júlio de Mesquita Filho (UNESP) https://www2.unesp.br/,There is no funding sources or sponsors for this review ,,,,,,"English, Portuguese-Brazil",Brazil,Review Ongoing,2021-10-01,2021-11-01,2020-09-07,2021-12-13
HBMA000024,HERB000178,Cai Dou; 菜豆; Kidney Bean; Phaseolus Vulgaris,Herb,CRD42022355744,Effects of White Kidney Bean Extract (Phaseolus vulgaris L.)on weight and body composition: a systematic review and meta-analysis of controlled clinical trials,To evaluate the efficacy and safety of White Kidney Bean Extract on weight and body composition in obseity and overweight people," Type of studies: randomized clinical trials (RCTs) only, without any limitations regarding the language, race and region. ","The rising prevalence of overweight and obesity is a global concern, increasing the risk of numerous non-communicable diseases and reducing quality of life. A healthy diet and exercise remain the cornerstone treatments for obesity. white kidney bean extract (WKBE) has been suggested to inhibit the enzyme α-amylase, limiting carbohydrate digestion and absorption with small but potentially meaningful attendant beneficial effects on body weight and metabolic health. in the present study, we tried to systematically review the RCTs investigated the effect of white kidney bean extract on weight, BMI and waist circumference.","We will include controlled clinical trials which have studied the influence of white kidney bean extract on body weight, BMI and waist circumference in comparison with placebo.",,,white kidney bean extract,"No intervention, placebo","body weight, body fat and waist circumference，side effects ",,"BMI, blood biochemistry markers, cholesterol, triglycerides, blood glucose ","Meta-analysis, Systematic review",Body Composition; Dietary Supplements; Humans; Phaseolus; Plant Extracts,Ruye Wang oyeahowry0412@163.com,zhejiang chinese medicial university ,none ,,,,,,English,China,Review Ongoing,2022-08-24,2022-09-04,2022-08-01,2023-08-01
HBMA000025,HERB006632,Yin Xing Ye; 银杏叶; Ginkgo Leaf; Ginkgo Folium; Folium Ginkgo,Herb,CRD42013006049,Ginkgo biloba for prevention of dementia,To assess the efficacy and safety of Ginkgo biloba for prevention of conversion to dementia in non-demented elderly population. ,Randomized  double-blind controlled studies.,Dementia. ,"The inclusion criteria were: randomized  double-blind controlled studies, research outcome comparing extracts of Ginkgo biloba and placebo as prevention for dementia of any cause. ",,,Ginkgo biloba (or Egb761 or Tanakan). ,Placebo. ,Dementia incidence rate. ,,Adverse events. ,,Dementia; Ginko biloba; Humans,Thammanard Charernboon dr.thammanard@gmail.com,"Department of Psychiatry, Faculty of Medicine, Thammasat Hospital,  Thammasat University www.med.tu.ac.th",none ,," Charernboon T,Jaisin K. Ginkgo Biloba for Prevention of Dementia: A Systematic Review and Meta-Analysis. 2015;98(5):508-514  ",,,,English,Thailand,Review Completed published,,2013-10-18,2013-08-01,2013-12-31
HBMA000026,HERB006632,Yin Xing Ye; 银杏叶; Ginkgo Leaf; Ginkgo Folium; Folium Ginkgo,Herb,CRD42015023354,Comparative efficacy and safety of Huperzine A and Ginkgo biloba extract in patients with Alzheimer’s disease: a network meta-analysis of randomized controlled trials,Huperzine A and Ginkgo biloba extract are the commonly used medicines in Alzheimer Disease which come from Chinese herbal medicine. Some studies have already showed efficacy and safety of those two medicines. But we don't know which is better and the relationship between them. This network meta-analysis aim to compare the efficacy and safety of Huperzine A and Ginkgo biloba extract in patients with AD in randomized control studies. ,"A study will be included if it was a randomized controlled trial.Studies will be excluded if:a) they are animal studies;b) they are reviews,conference presentations or unpublished reports;c)they are duplicated reports;d) there is no control group.",Alzheimer disease ,"Inclusion criteria: The study included patients diagnosed with AD based on the International Classification of Diseases (ICD-10),Diagnostic and Statistical Manual of Mental Disorders(DSM-III, DSM-IIIR and DSM-IV), National Institute of Neurological and Communicative Disorders and Stroke and the AD dementia and Related Disorders Association (NINCD-ADRDA), Chinese Classification of Mental Disorders(CCMD-3) or other well-recognized AD diagnostic criteria at home and abroad were included in the analysis. Exclusion criteria: 1) Combined with other types of dementia or cognitive impairment disease. 2) Age less than 50 years old. ",,,Huperzine A or Ginkgo biloba extract ,The comparison is placebo or positive treatment drugs. ,"MMSE (Mini Metal Status Examination), HDS(Hastgawa Dementia Scale), ADAS-cog (Alzheimer’s disease assessment scale-cognitive), WMS (Wechsler Memory Scale) and Activities of Daily Living (ADL). ",,Study dropouts and the prevalence of adverse effects. ,,Alkaloids; Alzheimer Disease; Biological Products; Ginkgo biloba; Humans; Sesquiterpenes,Dr Feng 5500613@qq.com,None None,"The study is supported by a Grant from the International Science &amp; Technology Cooperation Project of the Ministry of Science and Technology of China (Project Grant no. 2012DFA31760) and the China-Australia International Research Centre for Chinese Medicine, funded by the Guangdong Provincial Academy of Chinese Medical Sciences &amp; Guangdong Provincial Hospital of Chinese Medicine (GPACMS &amp; GPHCM), Guangdong, China, and RMIT University, Australia. ",,,,,,English,"Australia, China",Review Ongoing,,2015-06-10,2015-07-01,2015-11-30
HBMA000027,HERB006632,Yin Xing Ye; 银杏叶; Ginkgo Leaf; Ginkgo Folium; Folium Ginkgo,Herb,CRD42017068922,A systematic review of Ginkgo Biloba EGb 761 efficacy in chronic dizziness,Efficacy of Ginkgo Biloba EGb 761 on the improvement of chronic dizziness ,Randomized clinical trails double blind,Improvement in chronic dizziness ,Adults only ,,,Efficacy of Ginkgo Biloba Egb 761 compared with placebo or betahistine ,Placebo or betahistine ,"Improvement of dizziness  Number of episodes, intensity and frequency ",,Adverse effects ,Systematic review,Biological Products; Dizziness; Ginkgo biloba; Humans; Phytotherapy; Plant Extracts,Dr Campanholo caiocampanholo@yahoo.com.br,Universidade Federal de São Paulo www.unifesp.br,Universidade Federal de São Paulo Disciplina de Saúde Baseada em Evidência  Financing by the author ,,,,,,Portuguese-Brazil (there is not an English language summary),Brazil,Review Ongoing,,2017-06-13,2013-02-05,2017-11-30
HBMA000028,HERB006632,Yin Xing Ye; 银杏叶; Ginkgo Leaf; Ginkgo Folium; Folium Ginkgo,Herb,CRD42017073756,A protocol for a network meta-analysis of existing pharmacologic therapies in patients with sudden sensorineural hearing loss,This protocol describes methodology for a systematic review and network meta-analysis that will assess the relative effects of competing treatments for management of idiopathic SSNHL in terms of hearing recovery and other key patient outcomes. ,Randomized controlled trials of any duration will be included.,"Hearing loss is one of the leading causes of disability worldwide, with greater than 20% of Canadian adults having measurable hearing loss in at least one ear. Patients with hearing loss experience impaired quality of life, and emotional and financial consequences that affect themselves and their families. Sudden sensorineural hearing loss (SSNHL) is a common but difficult to treat form of hearing loss that has a sudden onset of = 72 hours associated with various etiologies, with the majority of cases being idiopathic. ","Inclusion: Adult patients with idiopathic single-sided SSNHL, defined as a 30 decibel hearing loss in three consecutive frequencies in one ear whose onset occurs in &lt;3 days, with cause being disruption of the cochlea of the inner ear, the vestibular nerve or higher regions of auditory processing. Exclusion: Cases of binaural and non-idiopathic single-sided SSNHL will not be included; such cases are usually associated with underlying conditions and should be managed in accordance. ",,,"The following interventions and comparators will be of interest: systemic steroids (dexamethasone, hydrocortisone,  betamethasone, prednisone, cortisone, prednisolone, methylprednisolone); antivirals (valacyclovir, acyclovir); systemic volume expansion (hydroxyethyl starch); anti-thrombotics (pentoxifylline, batroxobin, recombinant tissue plasminogen activator); vasodilators (prostaglandin E 1, naftidrofuryl); increased tissue oxygenation therapies (carbogen); hyperbaric oxygen therapy; intratympanic steroid-combination therapies (intratympanic methylprednisolone, intratympanic dexamethasone); anti-inflammatory therapies (Dextran 40, Dextran 40 + procaine hydrochloride); anti-platelet  vasodilatation (prostacyclin, pentoxifylline); other therapies [magnesium aspartate, magnesium sulphate, fibrinogen/LDL apheresis, mannitol, nifedipine, fludiazepam, diazepam, hyperbaric oxygen, vitamin A, vitamin E, zinc, Chinese herbal medicine, Ginkgo biloba extract, AM-111 (a c-Jun N-terminal Kinase (JNK) ligand), Ozone therapy (auto-haemotherapy)]. ",See above. ,"Hearing measures assessed via audiometric tests [i.e., pure tone audiometry, speech recognition scores (including word recognition and speech discrimination scores, and speech reception threshold (SRT)], and via clinical tests (i.e., tuning fork by Rinner test, and Weber test) where available. ",,"Extent of recovery (e.g., Sieigel’s Criteria, or other such endpoint measures that categorize patients’ recovery as complete, marked, slight, or none based on decibels of improved hearing); quality of life (generic and disease-specific measures); reduction of tinnitus [could be measured via different techniques such as psychoacoustic tests of tinnitus (e.g., pitch match, loudness match, maskability, residual inhibition), rating scales (e.g., verbal rating scale, numerical rating scale, visual analog scale, poster style, mechanical device, etc.), questionnaires describing functional effects (e.g., tinnitus questionnaire, tinnitus handicap questionnaire, tinnitus severity scale, subjective tinnitus severity scale/tinnitus reaction questionnaire, tinnitus severity grading, tinnitus severity index, tinnitus handicap inventory, intake interview for tinnitus retraining therapy), and patients’ global perception of treatment-related changes]; incidence of vestibular endpoints (e.g., vertigo); harms (e.g., withdrawals due to adverse effects, otitis media, residual tympanic membrane perforation). ",Network meta-analysis," Hearing Loss, Sensorineural, Hearing Loss, Sudden, Humans, Network Meta-Analysis",Brian Hutton bhutton@ohri.ca,The Ottawa Hospital Research Institute (OHRI) http://www.ohri.ca/home.asp,"This systematic review and NMA was funded by Canadian Institute of Health Research’s (CIHR), Grant number PJT-153108.  BH is supported by a New Investigator Award from the Canadian Institutes of Health Research ",,"A systematic review and network meta-analysis of existing pharmacologic therapies in patients with idiopathic sudden sensorineural hearing loss. Nadera Ahmadzai, Shaun Kilty, Wei Cheng, Leila Esmaeilisaraji, Dianna Wolfe, James P Bonaparte, David Schramm, Elizabeth Fitzpatrick, Vincent Lin, Becky Skidmore, David Moher, Brian Hutton. PLOS One 2019; 14(9): e0221713. https://www.ncbi.nlm.nih.gov/pmc/articles/PMC6733451/pdf/pone.0221713.pdf ",,,,English,Canada,Review Completed published,2021-04-15,2017-08-04,2017-07-01,2018-06-30
HBMA000029,HERB006632,Yin Xing Ye; 银杏叶; Ginkgo Leaf; Ginkgo Folium; Folium Ginkgo,Herb,CRD42017074563,A systematic review and meta-analysis of ginkgo biloba versus placebo for the treatment of geriatric cognitive disorders with psychiatric symptoms,How does ginkgo biloba impact on geriatric cognitive disorders with psychiatric symptoms compared with placebo? ,Randomised placebo-controlled trials.,"Geriatric cognitive disorders with psychiatric symptoms are common all over the world. Some people will suffer symptoms associated with Alzheimer disease (AD), whilst others will experience problems associated with vascular dementia (VD). Ginkgo biloba is wildly used to prevent the progression of these diseases. ",Inclusion: male and female outpatients aged 55 years or older who score at least 5 on the 12-item neuropsychiatric inventory (NPI). Exclusion: people with a total score on the Hamilton rating scale for depression (HAMD) of over 20. ,,,"Neuropsychiatric symptoms (NPS) are frequently observed in geriatric cognitive disorder subjects, and ginkgo biloba is known to alleviate them. In pre-clinical studies, ginkgo biloba extract EGb761 has been found to improve mitochondrial function and neuronal energy metabolism, and to promote neuroplasticity, and in clinical trials, EGb 761 improved cognition, NPS, activities of daily living, and the overall clinical condition of patients with dementia. ",Placebo: a group of patients who were not exposed to the ginkgo biloba. ,A total score of 6 or higher on the 12-item neuropsychiatric inventory (NPI). ,,Scoring on the Hamilton rating scale for depression (HAMD). ,"Meta-analysis, Systematic review","Aged; Aged, 80 and over; Age Factors; Alzheimer Disease; Cognition; Cognition Disorders; Cognitive Aging; Dementia; Dementia, Vascular; Ginkgo biloba; Humans; Mental Disorders; Phytotherapy; Plant Preparations; Treatment Outcome",Wantong Zhang wantong_zhang@hotmail.com,"Xiyuan Hospital, Affiliated Hospital of China Academy of Chinese Medicine Science ",None ,,,,,,English,China,Review Ongoing,,2017-08-16,2017-08-21,2017-09-15
HBMA000030,HERB006632,Yin Xing Ye; 银杏叶; Ginkgo Leaf; Ginkgo Folium; Folium Ginkgo,Herb,CRD42018092556,Effectiveness of interventions for cancer-related cognitive impairment,"KQ 1: In adult cancer patients in whom there are concerns about cognitive impairment, what is the effectiveness of interventions targeted to address cognitive function?  KQ 1 a: Does the effectiveness between interventions vary by disease characteristics (early vs. advanced cancer, tumor type)?  KQ 1 b: Does the effectiveness between interventions vary by cancer treatment characteristics, depending on:  (1) Type of treatment (chemotherapy, hormonal therapies, radiation, and surgery)?  (2) Time since treatment?   KQ 1 c: Does the effectiveness between interventions vary depending on the setting the intervention in which it was delivered (e.g. academic vs. community)?   KQ 1 d: Does the effectiveness between interventions vary by demographic characteristics (age, sex, race or ethnicity, education)?   KQ 1 e: Does the effectiveness between interventions vary by cognitive impairment severity?   KQ 1 f: Does the effectiveness between interventions vary if cognitive function is evaluated by self-report compared to objective measures?    KQ 2: In adult cancer patients in whom there are concerns about cognitive impairment, what are the risks of harms of these interventions for cognitive function?  ","Randomized controlled trials, nonrandomized controlled trials, prospective controlled cohort studies, retrospective controlled cohort studies, case-control studies.",Cancer-related cognitive impairment,Inclusion: Adult (18 years or older) cancer patients of all races and ethnicities in whom there are concerns about cognitive impairment based on any validated measure  Exclusion: Children under age 18; Childhood onset of cancer; Central Nervous System (CNS) cancers; Metastases with CNS involvement. ,,,"Behavioral: cognitive rehabilitation, cognitive training, cognitive behavioral therapy, acceptance and commitment therapy, meditation, biofeedback Physical activity: Qigong, Tai Chi, yoga, any formal exercise program Pharmacotherapies: donepezil, memantine, modafinil, methylphenidate, EPO-stimulating agents Alternative medicines: vitamin E, ginkgo biloba. ","Direct comparisons of eligible interventions or comparisons of eligible interventions to placebo, usual care, or other control condition.",Clinically or statistically significant differences in cognitive function defined by any validated objective or self-report measure. ,,"Clinically or statistically significant differences in: quality of life, frailty, functional capacity, need for assisted living or skilled nursing facility, mortality, rehospitalizations, emergency department visits, overall adverse events, specific adverse events, serious adverse events, withdrawals due to adverse events, drug interactions (where applicable).  All measures will be included for these secondary outcomes. ",Systematic review,Cognition; Cognition Disorders; Cognitive Dysfunction; Humans; Neoplasms,Zev Nakamura zev.nakamura@unchealth.unc.edu,University of North Carolina ,N/A ,,,,,,English,United States of America,Review Ongoing,2018-03-29,2018-04-10,2018-04-01,2018-09-30
HBMA000031,HERB006632,Yin Xing Ye; 银杏叶; Ginkgo Leaf; Ginkgo Folium; Folium Ginkgo,Herb,CRD42018110211,Ginkgo biloba extract as an adjunctive treatment for ischemic stroke: a systematic review and meta-analysis of randomized clinical trials,To determine the effectiveness and safety of Ginkgo biloba extract for different stages of ischemic stroke using evidence from randomized controlled trials. ,We will include randomised trials to assess the beneficial effects of the treatments.,Ischemic stroke.,Inclusion: adults with ischemic stroke (as diagnosed using brain computer tomography or magnetic resonance imaging). Exclusion: adults with hemorrhage or a Ginkgo biloba extract allergy.  ,,,"Ginkgo biloba extract, applied to patients in different stages of ischemic stroke.",Placebo groups of hospital inpatients who have not been exposed to Ginkgo biloba extract. ,For patients in the acute ischemic stroke (as measured using Barthel Index scores): neurological function deficit scores and recurrence rates. For patients in the sequelae stage of ischemic stroke (as measured using the MOS item short-form health survey (SF-36)): recurrence rates. Measures of effect ,,The mortality of patients with ischemic stroke who received Ginkgo biloba extract or placebo. Measures of effect ,"Intervention, Meta-analysis, Systematic review",Brain Ischemia; Ginkgo biloba; Humans; Phytotherapy; Plant Extracts; Stroke; Treatment Outcome,hongjian ji hongjianji2006@163.com,"Shanghai Research Center for Modernization of Traditional Chinese Medicine, Shanghai Institute of Materia Medica, Chinese Academy of Sciences  ",Financial support from the National Nature Science Foundation of China (81530095) and National Standardization Program for Chinese Medicine (ZYBZH-C-SH-49) ,,,,,,English,China,Review Ongoing,2018-10-29,2018-11-14,2018-09-20,2018-12-31
HBMA000032,HERB006632,Yin Xing Ye; 银杏叶; Ginkgo Leaf; Ginkgo Folium; Folium Ginkgo,Herb,CRD42019128034,Ginkgo biloba use in acute ischaemic stroke,To identify the clinical effects of ginkgo biloba in acute ischaemic stroke,Randomized control trials,Patients with acute ischaemic stroke,Patients with acute iscahemic stroke,,,Use of ginkgo biloba or its extract,Usual care,Changes in NIHSS or Mathew's scale. Measures of effect As per the definition used in the study.,,"Adverse events, other safety outcomes. Measures of effect At the end of the study.","Meta-analysis, Systematic review",Ginkgo biloba; Ginkgo biloba extract; Humans; Plant Extracts; Stroke,Shaun Lee shaun.lee@monash.edu,Monash University Malaysia ,None ,,https://www.worldscientific.com/doi/10.1142/S0192415X20500263 ,,,,English,Malaysia,Review Completed published,2019-03-09,2019-04-08,2019-03-09,2019-04-30
HBMA000033,HERB006632,Yin Xing Ye; 银杏叶; Ginkgo Leaf; Ginkgo Folium; Folium Ginkgo,Herb,CRD42019131787,"Efficacy and safety of using medicines with nootropic effect (complex of peptides derived from the pig&#39;s brain, deproteinized hemoderivat blood of calves, Ginkgo biloba extract EGb 761, Divaza) in the treatment of vascular cognitive impairment in patients without dementia: a systematic review","1) What is the clinical efficacy of using nootropic medicines (complex of peptides derived from the pig's brain, deproteinized hemoderivat blood of calves, Ginkgo biloba extract EGb 761, Divaza) in regard to cognitive functions in patients with vascular cognitive impairment without dementia? 2) How safe is it to use nootropic medicines (complex of peptides derived from the pig's brain, deproteinized hemoderivat blood of calves, Ginkgo biloba extract EGb 761, Divaza) in regard to cognitive functions in patients with vascular cognitive impairment without dementia? ",The systematic review will include the results of double-blind placebo-controlled studies to assess the efficacy and safety of nootropic medicines in the VCI treatment in patients without dementia,"The Anatomical Therapeutic Chemical (ATC) classification group N06BX (“other psychostimulants and nootropics”) that affect higher integrative functions of the brain and increase the brain resistance to the damaging effects of hypoxia - complex of peptides derived from the pig's brain, Divaza, will be considered. As well as the ATC groups B06AB (“other hematological products”) and N06DX (“other anti-dementia drugs”), which activate the metabolism in brain tissues and improve cerebral and peripheral circulation - deproteinized hemoderivat blood of calves and Ginkgo biloba extract EGb 761. The medicines that found in different groups of ATC belong to the group of agents acting primarily on the central nervous system, according to the classification of M.D. Mashkovsky.  They are widely used for the improvement of cognitive functions in patients with VCI in Russian practice. According to the American Heart Association and the American Stroke Association (Gorelick et al., 2011), VCI is defined as cognitive impairment associated with stroke or subclinical damage of cerebral vessels, ranging from mild to severe severity of cognitive disorders. ","Inclusion criteria. The analysis will include only randomized clinical trials (RCTs), which reported on the efficacy and safety of any of these medicines (complex of peptides derived from the pig's brain, deproteinized hemoderivat blood of calves, Ginkgo biloba, EGb 761 extract, Divaza) as a treatment for VCI in patients without dementia. Non-inclusion criteria. Experimental studies, as well as studies in which control groups did not receive any of the designated cognitive enhancement medicines or did not use placebo, would not be included. ",,,"Only relevant published RCTs will be selected for the analysis. The RCTs should demonstrate the results of cognitive function changes, while patients were taking one of the nootropic medicines (complex of peptides derived from the pig's brain, deproteinized hemoderivat blood of calves, Ginkgo biloba extract EGb 761, Divaza) as a therapy for VCI in patients without dementia. At least one of the following scales must be used: Mini-Mental State Examination (MMSE) (Folstein et al., 1975), Montreal Cognitive Assessment (MoCA).",A prospective intervention should be randomly distributed among clinical study participants with simultaneous control. Placebo should be used as a control.,"The systematic review will include the results of double-blind placebo-controlled studies to assess the efficacy and safety of nootropic medicines in the VCI treatment in patients without dementia. Change in cognitive functions from baseline to the level recorded on the last available observation or proportion of patients with cognitive functions changes. The cognitive functions should be determined using at least one of the following scales: Mini-Mental State Examination (MMSE), Montreal cognitive assessment scale (MoCA) during the nootropics therapy (complex of peptides derived from the pig's brain, deproteinized hemoderivat blood of calves, Ginkgo biloba extract EGb 761, Divaza) as a therapy for VCI in patients without dementia. ",,"Secondary efficacy criteria will include an assessment of the global clinical impression on the Clinical global impression scale (CGI), as well as the frequency of adverse effects (AE) while taking one of these medicines (complex of peptides derived from the pig's brain, deproteinized hemoderivat blood of calves, Ginkgo biloba extract EGb 761, Divaza) or placebo. ","Narrative synthesis, Systematic review",Antibodies; Brain; Cattle; Cognitive Dysfunction; Ginkgo biloba extract; Humans; Nootropic Agents; Peptides; Plant Extracts,Victoria Fateeva v.v.fateeva@mail.ru,"Federal State Autonomous Educational Institution of Higher Education I.M. Sechenov First Moscow State Medical University of the Ministry of Health of the Russian Federation (Sechenov University) OOO «NPF «MATERIA MEDICA HOLDING» https://www.sechenov.ru, https://materiamedica.ru","The studies of the combination of released–active form of antibodies to S100 protein and released–active form of antibodies to endothelial NO synthase, mentioned in this review, were funded by a grant from OOO «NPF «MATERIA MEDICA HOLDING» (Moscow, Russia). The statistical analysis was provided by OOO «NPF «MATERIA MEDICA HOLDING» ",,,,,,English,Russian Federation,Review Ongoing,2019-04-10,2019-05-17,2019-03-22,2020-06-30
HBMA000034,HERB006632,Yin Xing Ye; 银杏叶; Ginkgo Leaf; Ginkgo Folium; Folium Ginkgo,Herb,CRD42020151309,Ginkgo biloba for Alzheimer&#39;s Disease and amnestic mild cognitive impairment: a meta-ananlysis,"To evaluate the efficacy of Ginkgo biloba on cognitive impairment, including amnestic mild cognitive impairment and Alzheimer's Disease.",Randomized controlled trials.,"The prevalence of cognitive impairment is increasing, but there are few effective drugs available.  There are many clinical trials that attempt to use herbs or herbal extracts to improve cognition. Ginkgo biloba, one kind of plant extract, has been proved to be effective for dizziness, although the efficacy of this extract for patients with cognitive impairment is not yet clear. ","Adults more than 18 years of age, with Alzheimer's Disease or amnestic cognitive impairment, receiving Ginkgo biloba, or placebo/other drugs, and participating in randomized controlled trials, will be included.",,,Treatment with Ginkgo biloba.,Treatment with placebo or other drugs.,"The efficacy of Ginkgo biloba for treating cognitive impairment, assessed using the responder rate and CGIC improvement. Measures of effect The outcomes will be assessed after the treatment.",,Adverse events. Measures of effect The outcomes will be assessed during and after the treatment.,"Intervention, Meta-analysis, Systematic review","Alzheimer Disease; Cognitive Dysfunction; Complementary Therapies; Dementia; Dementia, Vascular; Ginkgo biloba; Humans; Phytotherapy; Plant Extracts; Treatment Outcome",Xiaoyu Wang fccwangxy23@zzu.edu.cn,The First Affiliated Hospital of Zhengzhou University ,None ,,,,,,English,China,Review Ongoing,2019-09-18,2020-03-04,2021-05-20,2021-08-31
HBMA000035,HERB006632,Yin Xing Ye; 银杏叶; Ginkgo Leaf; Ginkgo Folium; Folium Ginkgo,Herb,CRD42020156354,Are ginkgo biloba based drugs potentially inappropriate medication (PIM) for the elderly – a systematic review for the update of the Austrian PIM List,"P: Patients 65 years I: Ginkgo biloba based drugs C: Placebo or other alternative treatment or no treatment O: mortality, quality of life, adverse events S: randomized controlled trials, systematic reviews, observational studies (no case reports, case series, letters, editorials ","Randomized controlled trials, systematic reviews, observational cohort and case-control studies","Ginkgo biloba based drugs are often prescribed to elderly patients with dementia, cognitive dysfunction or etc. It is unclear whether the harms associated with Ginkgo biloba based drug use like headache, diarrhea etc. and other adverse events outweigh the possible benefits of ginkgo intake.","Inclusion criteria: Patients over 65 years of age who are taking ginkgo biloba based drugs as regular medication for cognitive dysfunction, decline or impairment. ",,,Regular prescription of ginkgo biloba based drugs ,Placebo or alternative treatment or non-drug-treatment or no treatment.,"Primary outcome: any serious adverse event (see search term) Secondary outcomes: non-serious adverse events, quality of life Measures of effect No prespecified timing",,See search term Measures of effect No prespecified timing,"Intervention, Meta-analysis, Systematic review",Aged; Austria; Ginkgo biloba; Humans; Inappropriate Prescribing; Potentially Inappropriate Medication List; Risk Factors,Elisabeth Klager elisabeth.klager@gmail.com,Medical University of Vienna https://www.meduniwien.ac.at/web/,Main Association of Austrian Social Security Organisations (Hauptverband der Österreichischen Sozialversicherungsträger) ,,,,,,English,Austria,Review Ongoing,2019-10-28,2020-04-28,2019-05-01,2020-04-30
HBMA000036,HERB006632,Yin Xing Ye; 银杏叶; Ginkgo Leaf; Ginkgo Folium; Folium Ginkgo,Herb,CRD42020159841,Pharmacological treatments with different doses for mild to moderate Alzheimer&#39;s disease: a Bayesian network meta-analysis,"To compare the efficacy, acceptability and safety of different dose pharmacological treatments involving 16 interventions for mild to moderate Alzheimer's disease by applying a network meta-analysis method.",All randomised controlled trial comparing pharmacological treatments with different doses for mild to moderate Alzheimer's disease.,"Alzheimer’s disease (AD) is the leading cause of dementia and account for 50%-75% of all cases and it is an irreversible neurodegenerative disease characterised as progressive memory loss and cognitive dysfunction. At present, there is no cure for AD.",Inclusion: Participants with Alzheimer's disease as dignosed using the criteria of the Diagnostic and Statistical Manual of Mental Disorders (DSM) or the National Institute of Neurological and Communicative Disorders and Stroke and the Alzheimer's Disease and Related Disorders Association (NINCDS-ADRDA) and participants in the stage of mild to moderate (within a range of 10-26 (inclusive) using a minimental state examination [MMSE] score). Exclusion: Participants mixed other types of dementia or neurological disorders unrelated to Alzheimer's disease (AD) or the outcome data of AD could not be independent from those with other types of dementia. ,,,"Pharmacologic interventions with different doses, such as donepezil, galantamine, rivastigmine, memantine, huperzine A, and Ginkgo biloba extract alone or in combination, must be used to treat mild to moderate Alzheimer's disease and treatments must be assigned by randomisation. We will include all specific drug dosages within the therapeutic range.","Each intervention is compared with each other, therefore any intervention can be the comparator. .","The primary outcomes are cognitive function, acceptability and safety. Measures of effect The mean overall change in cognitive function from baseline to endpoint assessed by the Alzheimer's Disease Assessment Scale-cognition subscale (ADAS-cog) or the MMSE sacle, the number of patients who completed trial during the treatment period and the number of patients who have any adverse effects.",,"The secondary outcomes are the mean overall change in function, behavioral symptoms and clinical global impression. Measures of effect The change from baseline to endpoint of function assessed by the Alzheimer's Disease Cooperative Study-Activities of Daily Living (ADCS-ADL), the change from baseline to endpoint of behavioral symptoms assessed by the Neuropsychiatric Inventory (NPI) and the change from baseline to endpoint of clinical global impression assessed by the Clinician's Interview-Based Impression of Change plus Caregiver Input (CIBIC-Plus).","Network meta-analysis, Systematic review",Alzheimer Disease; Bayes Theorem; Humans; Network Meta-Analysis,Dr Tingting Zhang 18653623701@163.com,None ,the National Science and Technology Major Project for “Essential new drug research and development” (No.2019ZX09301114) ,,,,,,English,China,Review Ongoing,2019-11-27,2020-04-28,2019-10-01,2020-01-31
HBMA000037,HERB006632,Yin Xing Ye; 银杏叶; Ginkgo Leaf; Ginkgo Folium; Folium Ginkgo,Herb,CRD42020166805,Efficacy and safety of Ginkgo biloba for patients with early diabetic nephropathy: a protocol for systematic review and meta-analysis,To investigate the clinical efficacy and safety of Ginkgo biloba in the treatment of early diabetic nephropathy.,Randomized control trials,Patients with early diabetic nephropathy,"Inclusion: patients with early diabetic nephropathy (as diagnosed using any recognized diagnostic criteria). Exclusion: subjects with infection, fever, cancer patients, kidney transplantation, liver disease, severe cardiopulmonary disease. ",,,Ginkgo biloba,"Routine treatment refers to diet, blood sugar, blood pressure, anticoagulation, and other positive intervention drugs. Positive intervention drugs can be used in both groups, and include ACEI/ARB drugs and calcium ion antagonists. However, other interventions or routine treatment should be consistent between the two groups. ","UAER, 24h urine protein quantitation, renal function (BUN, Scr). Measures of effect From the beginning of the experiment to the last available follow-up.",,"Adverse reactions, blood pressure, blood lipids, blood sugar, and hemorrheology. Measures of effect From the beginning of the experiment to the last available follow-up.","Meta-analysis, Systematic review",Diabetic Nephropathies; Ginkgo biloba; Ginkgo biloba extract; Humans; Plant Extracts,Hongyun Wang 2451905129@qq.com,Hubei University of Chinese Medicine https://www.hbtcm.edu.cn/,"This work was supported by the State Administration of Traditional Chinese Medicine, National Traditional Chinese Medicine Clinical Research Base (No.JDZX2015194) ",,,,,,English,China,Review Ongoing,2020-01-28,2020-07-10,2020-02-01,2020-12-31
HBMA000038,HERB006632,Yin Xing Ye; 银杏叶; Ginkgo Leaf; Ginkgo Folium; Folium Ginkgo,Herb,CRD42020168126,Effects of Ginkgo Biloba extract for vascular dementia in animal models: a systematic review and meta-analysis,"Can Ginkgo biloba extract improve the learning and memory ability of the vascular dementia animal model? Context and rationale Vascular dementia is a heterogeneous group of brain disorders of which the cognitive impairment can be ascribed to cerebrovascular pathologies; more than 20% of cases of dementia are vascular dementia, making it the second most prevalent form of dementia, second only to Alzheimer’s disease. This disease not only seriously affects the quality of patients’ life, but also becomes a heavy burden to the family and the community. Since long, Ginkgo biloba special extract is listed in the group of antidementia drugs together with cholinesterase inhibitors and memantine. There are numerous pre-clinical studies and clinical studies demonstrated that ginkgo biloba extract potentially has a positive effect on improving the cognitive function of vascular dementia. However, most efficacy and effectiveness studies are small, suffer from methodological limitations, and are subject to considerable controversy. Moreover, the underlying mechanism of treating cognitive impairment has not yet been completely explained. So there are more and more animal studies performed to explore the underlying mechanism. In this context, we intended to carry out a systematic review and meta-analysis of published studies applying vascular dementia animal models and taking ginkgo biloba extract as an intervention, aiming to promote the successful rate of translating animal research outcomes into human clinical studies outcomes. ","Inclusion criteria: Animal experiments performed by a randomized design were included. Exclusion criteria: Non-animal-based experiments, such as clinical studies, were removed.",,,"Inclusion criteria: The animal models of vascular dementia were included, regardless of the modeling methods(all species, all sexes). Exclusion criteria: Studies involving any other types of dementia were excluded.",Vascular dementia,"Inclusion criteria: Ginkgo biloba extract. There are no restrictions on the route of administration, dose, frequency, and duration of the intervention. Exclusion criteria: Studies unrelative to ginkgo biloba extract were excluded. Studies on the compounds containing ginkgo biloba leaves were also excluded.","Inclusion criteria: As for the control interventions, animal models that accepted positive drugs or got no intervention as comparisons were adopted. Exclusion criteria: Studies without appropriate control groups were excluded.",,Inclusion criteria: The Morris water maze test was used to evaluate cognitive functions in animal models. Exclusion criteria: no relevant outcomes reported,,,"Animals; Dementia, Vascular; Ginkgo biloba extract; Models, Animal; Plant Extracts",Feizhou Li africali@foxmail.com,Hubei University of Chinese Medicine ,This study was supported by the National Key R&amp;D Program of China (2019YFC1708502). Grant number(s) 2019yfc1708502,Duplicate publications are excluded,,,,Pre-clinical animal intervention review,English,China,Review Ongoing,2020-05-31,2020-06-03,2020-06-01,2020-12-31
HBMA000039,HERB006632,Yin Xing Ye; 银杏叶; Ginkgo Leaf; Ginkgo Folium; Folium Ginkgo,Herb,CRD42020169406,Ginkgo biloba for tinnitus [Cochrane protocol],To assess the effects of Ginkgo biloba for tinnitus in adults and children. ,"We will include studies with following design characteristics:  randomised controlled trials, including cluster-randomised (cross-over trials will be eligible if data from before the cross-over can be extracted, to avoid the potential for a carry-over phenomenon).</ul> We will exclude studies with the following design characteristics:  quasi-randomised controlled studies.</ul> We will apply no restrictions on language, year of publication or publication status. ",The Cochrane ENT Group,Adults and children with acute (≤ 3 months) or chronic (&gt; 3 months) subjective idiopathic tinnitus. ,,,"The review will include all courses of Ginkgo biloba, regardless of dose regimens or formulations and for any duration of treatment  The main comparison will be:  Ginkgo biloba versus placebo.</ul> Other possible comparison pairs include:  Ginkgo biloba versus no intervention; Ginkgo biloba versus education and information only.</ul> Concurrent use of other medication or other treatment will be acceptable if used equally in each group. For example, Ginkgo biloba with an additional intervention versus placebo with an identical intervention. Where an additional intervention was used equally in both groups, we will analyse this as a separate comparison. For technical reasons the intervention and comparators fields for Cochrane protocols are identical and each may include information on both interventions and comparators ","The review will include all courses of Ginkgo biloba, regardless of dose regimens or formulations and for any duration of treatment  The main comparison will be:  Ginkgo biloba versus placebo.</ul> Other possible comparison pairs include:  Ginkgo biloba versus no intervention; Ginkgo biloba versus education and information only.</ul> Concurrent use of other medication or other treatment will be acceptable if used equally in each group. For example, Ginkgo biloba with an additional intervention versus placebo with an identical intervention. Where an additional intervention was used equally in both groups, we will analyse this as a separate comparison. For technical reasons the intervention and comparators fields for Cochrane protocols are identical and each may include information on both interventions and comparators ","  Tinnitus symptom severity (such as the impact of tinnitus on quality of life, activities of daily living and sleep), as measured by the global score on a multi-item tinnitus questionnaire (<link ref=TBL-01 type=TABLE/>Table 1). These include:</ul>    Tinnitus Questionnaire (<link ref=REF-Hallam-1996 type=REFERENCE/>Hallam 1996; <link ref=REF-Hiller-1992 type=REFERENCE/>Hiller 1992);  Tinnitus Functional Index (<link ref=REF-Meikle-2012 type=REFERENCE/>Meikle 2012);  Tinnitus Handicap Inventory (<link ref=REF-Newman-1996 type=REFERENCE/>Newman 1996);  Tinnitus Handicap Questionnaire (<link ref=REF-Kuk-1990 type=REFERENCE/>Kuk 1990);  Tinnitus Reaction Questionnaire (<link ref=REF-Wilson-1991 type=REFERENCE/>Wilson 1991);  Tinnitus Severity Scale (<link ref=REF-Sweetow-1990 type=REFERENCE/>Sweetow 1990).</ul></ul> We will update this list on an ongoing basis whenever other questionnaires are introduced.  Significant adverse effect: bleeding, seizures.</ul> ",,"  Tinnitus loudness (a change in subjective perception) measured using either patient-reported instruments (including visual analogue scales or numerical rating scales) or performance-based procedures (including tinnitus loudness matching or minimum masking level). Tinnitus intrusiveness measured using a self-report multi-item questionnaire or validated subscale (<link ref=REF-Hall-2018a type=REFERENCE/>Hall 2018a). Generalised depression as measured by validated questionnaires, such as the Beck Depression Inventory II (<link ref=REF-Beck-1996 type=REFERENCE/>Beck 1996), the depression scale of the Hospital Anxiety and Depression Scale (HADS; <link ref=REF-Zigmond-1983 type=REFERENCE/>Zigmond 1983), and the Hamilton Rating Scale for Depression (<link ref=REF-Hamilton-1960 type=REFERENCE/>Hamilton 1960). Generalised anxiety as measured by a validated scale, for example the anxiety scale of the HADS or Beck Anxiety Inventory (<link ref=REF-Beck-1988 type=REFERENCE/>Beck 1988) or the Anxiety Sensitivity Index (<link ref=REF-Reiss-1986 type=REFERENCE/>Reiss 1986). Health-related quality of life as measured by a validated scale, for example, the Short-Form 36 (<link ref=REF-Hays-1993 type=REFERENCE/>Hays 1993), WHOQoLBREF (<link ref=REF-Skevington-2004 type=REFERENCE/>Skevington 2004), and other WHOQoL versions, and the Health Utilities Index (<link ref=REF-Furlong-2001 type=REFERENCE/>Furlong 2001). Other adverse effects: gastrointestinal upset, headache, allergic reaction.</ul> We will assess outcomes as short‐term (less than three months) and long‐term (three to six months). We will also consider whether these outcomes are sustained beyond six months. ","Intervention, Systematic review",Ginkgo biloba; Humans; Phytotherapy; Plant Extracts; Tinnitus,Magdalena  Sereda  magdalena.sereda@nottingham.ac.uk,The Cochrane Collaboration http://www.cochrane.org/,National Institute for Health Research ,,,,http://onlinelibrary.wiley.com/doi/10.1002/14651858.CD013514/abstract,,English,United Kingdom,Ongoing,,2020-02-14,2019-12-15,2020-12-31
HBMA000040,HERB006632,Yin Xing Ye; 银杏叶; Ginkgo Leaf; Ginkgo Folium; Folium Ginkgo,Herb,CRD42020212425,Effects and Safety of Oral Preparation of Ginkgo biloba extract on the Vascular vertigo: A Systematic Review and Meta-Analysis,To investigate the efficacy and safety of Ginkgo Biloba Extract for patients with dizziness,"Inclusion: clinical randomized controlled trials Exclusion: We will exclude observational studies, cohort studies, case-control studies, case series and laboratory studies, We also excluded Vertigo other than vascular vertigo. ",Treatment Effects and Safety in the Vascular vertigo,"Subjects meeting the clinical diagnostic criteria for vascular vertigo, there are no limits to research subjects' age, gender, race, condition duration or intensity.",,,Efficacy of Oral Preparation of Ginkgo Biloba Extract with placebo or Positive drug or routine therapy,Placebo or routine therapy or Positive drug alone.,"Percentage of Clinical Effectiveness, Adverse event Measures of effect At the end of the study.",,"The Vertigo Symptom Scale, The Dizziness Handicap Inventory, transcranial doppler ultrasound Measures of effect From the beginning of the experiment to the last available follow-up","Meta-analysis, Systematic review",Ginkgo biloba extract; Humans; Plant Extracts; Vertigo,Sha Rina 1751806160@qq.com,None ,Our Funding sources of Clinical Collaborative Capacity Building Project of Traditional Chinese and Western Medicine for Major and Intractable Diseases-Cerebral Infarction ,,,,,,"Chinese-Simplified, English",China,Review Ongoing,2020-10-27,2020-11-26,2020-10-03,2021-01-30
HBMA000041,HERB006632,Yin Xing Ye; 银杏叶; Ginkgo Leaf; Ginkgo Folium; Folium Ginkgo,Herb,CRD42020213188,Interventions for vascular cognitive impairment: a systematic review and Bayesian network meta-analysis,"Although several traditional pairwise meta-analyses have been published assessing the effect of different inventions on VCI treatment, and also some reviews have been conducted to summarize the potential therapeutics for VCI, there are no sufficient head-to-head comparisons to evaluate the curative effect and comprehensively rank multiple treatment methods. Hence, we will conduct the systematic review and network meta-analysis and this study will be the first attempt to quantitatively analyze the hierarchies of all available treatments basing on both direct and indirect comparisons. 1.Participants:Participants diagnosed as vascular cognitive impairment (including vascular dementia, vascular cognitive impairment with no dementia, and mixed dementia) according to specific criteria(such as NIND-AIREN, ICD-10, DSM-III and other accepted diagnostic criteria). 2.Interventions:all available treatments for vascular cognitive impairment, including both pharmacological and non-pharmacological ways. 3.Control:Control groups include patients with placebo, usual care and no treatment. 4.Outcomes: Primary outcomes:(1)Cognitive function, measured by MMSE, ADAS-cog, or other validated scales;(2)Global function, measured by CIBIC-Plus, ADCS-CGIC, CGIC, CDR, or other validated scales.  Secondary outcomes:(1)Functional performance, measured by ADCS-ADL; (2)Adverse events, including vomiting, nausea, and any other reported adverse events; (3)Mortality. 5.Study design: We will conduct a systematic review and network meta-analysis to quantitatively analyze the hierarchies of all available treatments for vascular cognitive impairment basing on both direct and indirect comparisons. All relevant randomized controlled trials (RCTs) involving participants with vascular cognitive impairment treated with either pharmacological or non-pharmacological interventions will be included.  ",All relevant randomized controlled trials (RCTs) involving participants with vascular cognitive impairment will be included.,"Vascular dementia (VaD), now considered to be the second most common form of dementia, accounts for around 20% of all cases of dementia worldwide. Quite a number of patients in the early stage of VaD present only cognitive impairment without dementia.Hence, an umbrella term ‘vascular cognitive impairment’ (VCI) was proposed to describe a broad range of cognitive dysfunction resulting from all types of vascular pathology, from mild cognitive impairment to dementia. Currently, no standard treatments have been approved for VCI, and various studies have been conducted to explore effective inventions, including both pharmacological and non-pharmacological ways.","Inclusion criteria: We included adult patients (≥18) of both genders diagnosed as vascular cognitive impairment or vascular dementia according to specific criteria, such as the National Institute of Neurological Disorders and Stroke and the Association International pour la Recherche et l' Enseignement en Neurosciences (NIND-AIREN) criteria; the International Classification of Diseases, Tenth Edition (ICD-10) criteria; the Diagnostic and Statistical Manual for Mental Disorders, Three or Four or Five Edition (DSM-III/IV/V) criteria, as well as any other accepted diagnostic criteria, or basing on scores on cognitive impairment scales. Exclusion critera: Participants with any other types of dementia involving with no vascular pathogenesis. ",,,"Any kind of available treatments for vascular cognitive impairment, including both pharmacological and non-pharmacological ways, such as cognitive enhancers(memantine, rivastigmine, galantamine and donepezil), behavior therapies(such as aerobic exercise training and cognitive intervention), calcium channel blockers (such as nimodipine), neuroprotective agents (such as Cerebrolysin, ginkgo biloba folium extract and citicoline) and so on.","Control groups include patients with placebo, usual care and no treatment.  ","Primary outcomes:(1)Cognitive function, measured by MMSE, ADAS-cog, or other validated scales;(2)Global function, measured by CIBIC-Plus, ADCS-CGIC, CGIC, CDR, or other validated scales. Measures of effect For continuous outcomes, mean difference (MD) with 95% confidence interval (CI) will be used to measure treatment effects. And odds ratio (OR) or risk ratio (RR) with 95% CI will be calculated to present treatment effects for binary outcome data. The p values &lt;0.05 will be regarded as statistically significant for all of these types of effects.",,"Secondary outcomes:(1)Functional performance, measured by ADCS-ADL; (2)Adverse events, including vomiting, nausea, and any other reported adverse events; (3)Mortality. Measures of effect For continuous outcomes, mean difference (MD) with 95% confidence interval (CI) will be used to measure treatment effects. And odds ratio (OR) or risk ratio (RR) with 95% CI will be calculated to present treatment effects for binary outcome data. The p values &lt;0.05 will be regarded as statistically significant for all of these types of effects.","Network meta-analysis, Systematic review",Bayes Theorem; Cognitive Dysfunction; Humans; Network Meta-Analysis,Mei-Qi Wang 233050615@qq.com,Jilin University First Hospital ,"This work was supported by the National Natural Science Foundation of China to Yi Yang (Grant No. 81771243), JLUSTIRT (2017TD-12) and Jilin Provincial Key Laboratory (20190901005JC) to Yi Yang. ",,,,,,English,China,Review Ongoing,2020-10-07,2020-11-07,2020-10-19,2020-12-31
HBMA000042,HERB006632,Yin Xing Ye; 银杏叶; Ginkgo Leaf; Ginkgo Folium; Folium Ginkgo,Herb,CRD42020216812,Effects and safety of ginkgo biloba extract injection on the vascular vertigoa systematic review and meta-analysis,We aim to explore the efficacy and safety of Ginkgo biloba extract injection for treating the patients with vascular vertigo,"A study will be included if it was a clinical randomized controlled trial. Studies will be excluded if: a) they are animal studies; b) they are reviews, conference presentations or unpublished reports; c)they are observational studies, cohort studies, case-control studies, case series and laboratory studies; d) there is no control group. The patients with vertigo other than vascular vertigo will also be excluded. ",Effects and Safety in the treatment of Vascular vertigo,"Subjects who meet the clinical diagnostic criteria for vascular vertigo are not restricted by age, gender, race, duration or intensity of the illness.",,,Ginkgo biloba extract injection or in conjunction with the routine therapy or with Positive drug,Placebo or the routine therapy or Positive drug,Percentage of Clinical Effectiveness; Adverse event Measures of effect At the end of the study.,,"The Vertigo Symptom Scale, The Dizziness Handicap Inventory, transcranial doppler ultrasound. Measures of effect From the beginning of the experiment to the last available follow-up.","Meta-analysis, Systematic review",Ginkgo biloba; Ginkgo biloba extract; Humans; Lymphatic System; Plant Extracts,,,,,,,,,"Chinese-Simplified, English",,,,,,
HBMA000043,HERB006632,Yin Xing Ye; 银杏叶; Ginkgo Leaf; Ginkgo Folium; Folium Ginkgo,Herb,CRD42021232967,EGb in the treatment for patients with VCI: a systematic review and meta-analysis,To systematically evaluate the efficacy and safety of Ginkgo bilgo leaf alone or in combination with western medicine compared with western medicine or/and conventional basic treatment for vascular cognitive impairment (VCI).,"Randomized controlled trial (RCT), whether blind or not.","Vascular cognitive impairment (VCI) is a common cause of dementia in elderly people, and the prevalence of vascular dementia in elderly people in Asia is high.","This systematic review employed the PICOS strategy, an abbreviation of patient, intervention, comparison, and outcome which was used for all steps in the current systematic review. Firstly, randomized controlled trials (RCTs) that examined the efficacy of EGb for VCI were included. Secondly, we used VCI as the umbrella term incorporating vascular dementia and other cognitive syndromes with a presumed vascular basis (including mild VCI and all subdivisions of major VCI). Thirdly, we included trials with the intervention of EGb (tablets) alone or combined with a drug for VCI (hereafter referred to as DV, and mainly including drugs to promote microcirculation and improve cognition, such as donepezil, nimodipine, huperzine, oxiracetam, piracetam, butylphthalide, amongst others). There are three common kinds of forms of oral Ginkgo leaf products, namely, tablets, capsules, and soft capsules. It has been found in clinical practice that patients prefer tablets to the other two forms. Fourthly, the control therapy could be any kind of DV, blank, or placebo. Normally, patients would be prescribed some basic supporting treatments, including symptomatic treatment for hyperglycemia, hyperlipidemia, and hypertension. The blank or placebo would then be added to the basic supporting treatments.",,,"The intervention drugs in the treatment group were Ginkgo biloba alone or combined with western medicine, while those in the control group were western medicine or blank control. The use of western medicine was consistent between the two groups, and the types were not limited. Cerebrovascular disease related basic treatment drugs (anti-platelet, antihypertensive, lipid regulation, etc.) were consistent between groups. ","Western medicine or blank control, the use of western medicine was consistent between the two groups, the type is not limited.","Outcome measures included cognitive function evaluation, including MMSE, MOCA, and HDS;Daily living ability assessment, including ADL, BI, FAQ. Measures of effect Mean Difference",,Safety was assessed by the occurrence of adverse reactions/events Measures of effect Number,"Meta-analysis, Systematic review",Ginkgo biloba; Humans; Phytotherapy,Min Zhan 1041248276@qq.com,"Xiyuan Hospital, China Academy of Chinese Medical Sciences xyyyjyc@126.com",This study was supported by CACMS Innovation Fund (No. CI2021A00701-3); the project from the China Center for Evidence Based Traditional Chinese Medicine (No. 2020YJSZX-2); the project of Evidence-Based medicine of traditional Chinese medicine (No. ZZ13-024-3); the Fundamental Research Funds of the Central public welfare research institutes grants(No. ZZ13-YQ-075);National Natural Science Foundation Project (No. 81873168); National Key Research and Development Program of China (No.2018YFC1704303). ,,,,,,"Chinese-Trad, English",China,Review Ongoing,2021-02-02,2021-03-05,2021-01-10,2021-03-10
HBMA000044,HERB006632,Yin Xing Ye; 银杏叶; Ginkgo Leaf; Ginkgo Folium; Folium Ginkgo,Herb,CRD42021244209,The efficacy and safety of Ginkgo Biloba Dropping Pills in the treatment of coronary heart disease angina: a systematic review and meta-analysis,How does Ginkgo Biloba Dropping Pills treat coronary heart disease complicated with heart failure?,Randomized controlled trial,Systematic evaluation of the Ginkgo Biloba Dropping Pills on coronary heart disease complicated with heart failure patients,Patients with coronary heart disease complicated with heart failure,,,Give Ginkgo Biloba Dropping Pills + regular Western medicine,Give routine Western medicine,"The effective indexes were total effective rate, times of angina pectoris attack, duration of angina pectoris, curative effect of electrocardiogram, dosage of nitroglycerin, NT-proBNP, LAV, KCCQ and EQ-5D，Cardiovascular death Measures of effect OR、MD",,None Measures of effect None,Systematic review,Coronary Disease; Ginkgo biloba; Humans; Phytotherapy; Plant Extracts,jisen zhao 253773099@qq.com,Shandong University of TCM https://www.sdutcm.edu.cn/,Shandong University of Traditional Chinese Medicine ,,,,,,"Chinese-Simplified, English",China,Review Ongoing,2021-03-21,2021-04-21,2020-12-31,2021-05-01
HBMA000045,HERB006632,Yin Xing Ye; 银杏叶; Ginkgo Leaf; Ginkgo Folium; Folium Ginkgo,Herb,CRD42021258090,Ginkgo biloba for Alzheimer&#39;s Disease and amnestic mild cognitive impairment: a meta-ananlysis,We will analyze the effect and safety of Ginkgo biloba on Alzheimer's Disease and amnestic mild cognitive impairment.,Randomized controlled trials,"Cognitive impairment or dementia is an irreversible disease, which seriously affects the physical and mental health of patients. At present, cholinesterase inhibitors and NMDA receptor antagonists are the main therapeutic drugs. Some traditional Chinese medicine seems to have certain effect.","Patients over 18 years old, with Alzheimer's Disease and amnestic mild cognitive impairment, receiving Ginkgo biloba, or placebo/other drugs, and participating in randomized controlled trials, will be included.",,,Treatment with Ginkgo biloba or Ginkgo preparation,Treatment with plcebo.,"The efficacy of Ginkgo biloba for treating cognitive impairment, will be assessed using responder rate, CGIC improvement, the Alzheimer’s Disease Assessment Scale-Cognitive Subscale and the Syndrom Kurz test. The safey outcome measures will include the adverse events and serious adverse events. Measures of effect The outcomes will be assessed after the treatment.",,None. ,"Meta-analysis, Systematic review",Alzheimer Disease; Cognitive Dysfunction; Ginkgo biloba; Humans; Phytotherapy; Plant Extracts,Xiaoyu Wang fccwangxy23@zzu.edu.cn,The First Affiliated Hospital of Zhengzhou University ,None. ,,,,,,English,China,Review Ongoing,2021-05-30,2021-06-30,2021-05-24,2021-08-31
HBMA000046,HERB006632,Yin Xing Ye; 银杏叶; Ginkgo Leaf; Ginkgo Folium; Folium Ginkgo,Herb,CRD42021262738,The efficacy of Ginkgo Biloba in dementia with neuropsychiatric features: a meta analysis.,"P: patients suffering dementia with neuropsychiatric features I: Ginkgo Biloba C: placebo O:Changes of cognitive function and neuropsychiatric symptoms, including the SKT score and the NPI score ",Randomized controlled trials.,"The prevalence of dementia is increasing, but there are few effective drugs available. There are many clinical trials that attempt to use herbs or herbal extracts to improve cognition. Ginkgo biloba, one kind of plant extract, has been proved to be effective for dizziness. But the efficacy of this extract in dementia is not unclear, especially for those with neuropsychiatric features.","Adults more than 18 years of age, diagnosed with dementia receiving Ginkgo biloba.",,,Treatment with Ginkgo biloba.,Treatment with placebo or other drugs.,"The scores of Alzheimer's Disease Assessment Scale-Cognitive Subscale, the Activities of Daily Living Scale, the Neuropsychiatric Inventor and the SKT cognitive test battery. ",,Adverse events. ,"Meta-analysis, Systematic review",Dementia; Ginkgo biloba; Humans; Phytotherapy,Xiaoyu Wang fccwangxy23@zzu.edu.cn,The First Affiliated Hospital of Zhengzhou University ,None. ,,,,,,English,China,Review Ongoing,2021-06-23,2021-07-25,2021-05-30,2021-08-15
HBMA000047,HERB006632,Yin Xing Ye; 银杏叶; Ginkgo Leaf; Ginkgo Folium; Folium Ginkgo,Herb,CRD42021273956,Herbal medicine as adjunctive therapy with antidepressants for post-stroke depression: a systematic review and network meta-analysis,Which herbal medicine is the best as the adjunctive therapy with antidepressants for adults with PSD?,"We will include RCTs that evaluate the safety and efficacy of adjunctive herbal medicine on PSD, and there were no restrictions regarding the type of language or regions. Based on our purpose to explore which herbal product combined with antidepressant drugs has the best Clinical efficacy, we do not include RCTs involving Chinese herbal decoctions or non-drug therapies such as acupuncture, massage, nursing, and psychological intervention. Retrospective studies, animal studies, case reports, reviews, protocols, unpublished reports, studies in which stroke and depression were not formally diagnosed or unrelated to herbal medicines will be excluded. ","Post-stroke depression (PSD) , is a common and treatable complication of stroke, with a series of depressive symptoms and corresponding somatization symptoms.AS the most commonly emotional disorder after stroke, survivors after stoke experience considerable long-term impairments in sensory and motor coordination, cognition and behavior, which often limit normal daily life activities. Some herbal medicines revealed an unambiguous pre-clinical antidepressant activity.Therefore，the Chinese Guideline for the treatment of Post-Stroke Depression(PSD) recommends Chinese herbal patent medicines extracted from plants as the first-line treatment for patients with mild PSD.Some tradition Chinese patent medicines researches, like Free and Easy Wanderer Plus (FEWP) , showed good efficacy, safety, and tolerability in PSD patients. An updated systematic review showed that the Chinese herbal medicine plus western conventional antidepressant medications (WCM)were superior to the WCM-treated groups for improving the total effective rate based on the Hamilton Rating Scale for Depression 17 items (HAMD-17) scores. Common herbal medicine includes several varieties, such as St. John's Wort Extract, Ginkgo biloba, Eleutherococcus, Wuling Capsules and Shugan Jieyu Capsules. But which one has better clinical antidepressant efficacy still remained unclear.","Patients suffering a recent or past history of ischemic or hemorrhagic stroke have been diagnosed as depression, based on all kinds of diagnosis criteria of cerebrovascular disease and depression in the corresponding guidelines or consensus. Enrolled participants will be medically stable. There is no restriction on gender and ethnicity.",,,"The interventions of interest included all kinds of herbal medicines, such as St. John's Wort Extract, Ginkgo biloba, Eleutherococcus, Wuling Capsules or Shugan Jieyu Capsules.  We excluded studies that involved non-drug treatments such as psychological intervention, acupuncture and moxibustion, or Chinese herbal decoctions. ","The comparators involved placebo, usual care, herbal medcine or conventional antidepressant medications. There are no restriction on treatment duration and frequency.  ","The primary outcome is the proportion of responders that achieved a reduction of 50% or more in the Hamilton Depression Scale, and the HADM score change from baseline. ",,Changes in activities of daily living measured by validated assessment tools such as the National Institute of Health stroke scale(NIHSS).  Adverse events.  ,"Intervention, Meta-analysis, Network meta-analysis, Systematic review",Antidepressive Agents; Depression; Herbal Medicine; Humans; Network Meta-Analysis; Phytotherapy,Jian Zhang 1467714908@qq.com,none ,"Enhancement of Evidence-Based Capacity and Platform Construction of Traditional Chinese Medicine Encephalopathy of the State Administration of Traditional Chinese Medicine（2019XZZX-NB003） Grant number(s) <span style=font-size: 14px>State the funder, grant or award number and the date of award</span> the State Administration of Traditional Chinese Medicine，2019XZZX-NB003，2019",,,,,,English,China,Review Ongoing,2021-08-20,2021-09-19,2021-08-11,2021-12-27
HBMA000048,HERB006632,Yin Xing Ye; 银杏叶; Ginkgo Leaf; Ginkgo Folium; Folium Ginkgo,Herb,CRD42022298443,Efficacy and safety of Ginkgo biloba extract injection for ischemic stroke: an overview of systematic reviews and meta-analyses.,To assess the methodological bias and evidence quality of systematic reviews (SRs) and meta-analyses (MAs) of Ginkgo biloba extract injection on ischemic stroke.,We included SRs/MAs of randomized controlled trials (RCTs) or quasi-RCTs assessing the efficacy and safety of Ginkgo biloba extract injection for ischemic stroke.,ischemic stroke; Ginkgo biloba extract injection; overview of systematic reviews,"Subjects who meet the clinical diagnostic criteria of ischemic stroke are not restricted by age, gender, race, duration or intensity of the illness. ",,,Ginkgo biloba extract injection singly or in conjunction with the routine therapy or with Positive drugs,Placebo or the routine therapy or Positive drugs,Overall effective rate; Neurological impairment score; Adverse events ,,"Barthel Index; Hemorheology index; Activity of daily living, Modified Rankin Scale, Mortality, etc. ","Intervention, Methodology, Narrative synthesis, Review of reviews, Systematic review",Ginkgo biloba; Ginkgo biloba extract; Humans; Ischemic Stroke; Plant Extracts; Systematic Reviews as Topic,Xuran Zhang a3162584610@163.com,Dongzhimen Hospital affiliated to Beijing University of Chinese Medicine ,The funding protocol has not been determined. ,,,,,,"Chinese-Simplified, English",China,Review Ongoing,2021-12-17,2022-01-17,2021-12-17,2022-07-09
HBMA000049,HERB006632,Yin Xing Ye; 银杏叶; Ginkgo Leaf; Ginkgo Folium; Folium Ginkgo,Herb,CRD42022332298,Efficacy and safety of standardized ginkgo biloba extract as adjunctive therapy for cerebral hemorrhage: a systematic review and meta-analysis,Efficacy and safety of standardized ginkgo biloba extract as adjunctive therapy for cerebral hemorrhage: a systematic review and meta-analysis,"Included: randomized controlled trials in patients with cerebral hemorrhage treated conservatively; The intervention measures were ginkgo biloba extract combined with basic treatment. Main outcome measures: response rate, NIHSS score, CSS score, post-treatment hematoma residual volume, cerebral edema volume, hypersensitive C-reactive protein, tumor necrosis factor, interleukin 6, adverse reactions.  Exclusion: unable to obtain the full text of the literature; Literature with incomplete data that makes data analysis impossible; Literature with serious errors in data; Duplicate publications; Suspected plagiarism of literature.  ","Intracerebral hemorrhage (ICH) is a common acute cerebrovascular disease caused by Intracerebral hemorrhage (ICP) due to non-traumatic factors. With the development of population aging, its incidence is increasing year by year. ICH has the characteristics of rapid onset, rapid progression, high disability and mortality. Although active treatment is carried out, most of the surviving patients are left with varying degrees of neurological dysfunction, which seriously affects the quality of life of patients and brings heavy burden to the family and society. Therefore, how to improve the neurological dysfunction of patients after intracerebral hemorrhage and help patients return to society as soon as possible is a problem of great concern at present. This study was to evaluate the clinical efficacy of ginkgo biloba extract in the treatment of cerebral hemorrhage.","Inclusion: Patients diagnosed with ICH by CT or MRI and evaluated for conservative treatment; Initial onset, or a history of ICH without remaining neurological dysfunction.  Exclusion: Patients with large amount of bleeding requiring surgical treatment; People with serious disturbance of consciousness, mental illness and unstable vital signs; Patients with severe heart disease, liver or kidney dysfunction, respiratory failure or diabetes; Pregnant or lactating female patients; Patients with severe allergic reactions to the drugs used in this study.  ",,,"The review will include all courses of Ginkgo biloba extract, regardless of dose regimens and for any duration of treatment.  The comparison will be: Comparison between ginkgo biloba extract combined with conventional Western medicine (mannitol, furosemide, edaravone, olacetam, etc.) and conventional western medicine without ginkgo biloba in the treatment of cerebral hemorrhage.  Concurrent use of other medication or other treatment will be acceptable if used equally in each group.  ","The review will include all courses of Ginkgo biloba extract, regardless of dose regimens and for any duration of treatment. The comparison will be: Comparison between ginkgo biloba extract combined with conventional Western medicine (mannitol, furosemide, edaravone, olacetam, etc.) and conventional western medicine without ginkgo biloba in the treatment of cerebral hemorrhage. Concurrent use of other medication or other treatment will be acceptable if used equally in each group. ","Main outcomes: response rate, NIHSS score, CSS score, post-treatment hematoma residual volume, cerebral edema volume, hypersensitive C-reactive protein, tumor necrosis factor, interleukin 6, adverse reactions. Measures of effect We will pool dichotomous data using the RR measure. We will pool continuous data using the SMD measure, if more than one instrument is used to measure the same outcome.",,None ,"Meta-analysis, Systematic review",Cerebral Hemorrhage; Ginkgo biloba; Ginkgo biloba extract; Humans; Plant Extracts,Chen Shikai sucmcsk@163.com,not have ,None ,,,,,,English,China,Review Ongoing,2022-05-12,2022-05-23,2022-04-01,2022-07-01
HBMA000050,HERB006632,Yin Xing Ye; 银杏叶; Ginkgo Leaf; Ginkgo Folium; Folium Ginkgo,Herb,CRD42022346140,The role of the administration of ginkgo biloba extract in the functional status of patients recovering from an acute stroke,Is the administration of ginkgo biloba extract associated with better functional status after an acute stroke?,"Meta-analysis, Systematic Reviews and Randomized Clinical Trials",Cardiovascular; Neurology,People with acute stroke,,,People diagnosed with acute stroke who were given ginkgo biloba extract,People diagnosed with acute stroke who were not given ginkgo biloba extract or who received a placebo,Improvement in the functional status ,,Adverse effects of the administration of ginkgo biloba extract ,"Narrative synthesis, Systematic review",Functional Status; Ginkgo biloba; Ginkgo biloba extract; Humans; Plant Extracts; Stroke,Carlos Braga carlosfilipebraga@gmail.com,USF Norton de Matos ,There are no sponsors or funding ,,,,,,English,Portugal,Review Ongoing,2022-08-10,2022-09-20,2022-10-01,2022-12-01
