ID,DrugName,Pronunciation,Origin,Commonname,SciName1,SciName1_link,SciName2,SciName2_link,MizajType,MizajDegree,MizajType_IrGO,ActionType,ActionType_IrGO,OrganType,DiseaseType,DiseaseType_IrGO,WeightType,CommonName2,TextExpression,Synonyms,TextIdentity,TextMizaj,EffectsAndMedicinalUses,Substitute,AdverseEffect,Refinement,Dosage
827,زعفران,zæʔferɒn,herbal,Saffron,Crocus sativus,http://bidd.group/CMAUP/plant.php?plant=NPO9445,,,Unbalanced Hot And Dry Mizaj; Unbalanced Hot And Dry Mizaj,DryFirst; HotSecond; DrySecond; HotThird,IrGO_0003963; IrGO_0003963,Nauseating; Weakening; Weakening of food appetence; Elating; Intoxicating; Fluid expelling; Diuretic; Alleviating; Expellant; Expellant of gestational membrane; Stimulant; Stimulant of sexual appetence; Sense dulling; Constrictive; Corrigent; Conservative; Deoppilant; Tonic; Dissolver; Mucilaginous; Maturant; Sense reinforcer; Reinforcer of action and faculty; Cleanser; Sedative,IrGO_0000658; IrGO_0000715; IrGO_0000863; IrGO_0000562; IrGO_0000502; IrGO_0000477; IrGO_0000483; IrGO_0000692; IrGO_0000631; IrGO_0000650; IrGO_0000717; IrGO_0000813; IrGO_0000856; IrGO_0000617; IrGO_0000596; IrGO_0000675; IrGO_0000580; IrGO_0000688; IrGO_0000468; IrGO_0000558; IrGO_0000585; IrGO_0000793; IrGO_0000765; IrGO_0000729; IrGO_0000589,humor; urine; viscera; respiratory organ; liver; spirit; vital spirit; facial skin; kidney; bladder; heart; brain; anus; uterus; eye; head; ear; moisture; urinary meatus; stomach; stool; stomach; kidney; black bile; nerve,brain obstruction; spleen obstruction; difficult delivery; alcohol withdrawal; kidney stone; pain; uterine pain; Shoseh; Barsam; eye disease; Dameh; eye ulcer; bluish eye discoloration; Gheshaweh; Solaq; Jarab; ulcer; headache; severe headache; swelling; cold swelling; hot swelling; hot headache; Jomreh; eye swelling; hot eye swelling; eye pain; ear pain; cold ear pain; hot ear pain; ear swelling; hot ear swelling; cold ear swelling; gout; urinary retention,IrGO_0001262; IrGO_0002283; IrGO_0002669; IrGO_0003311; IrGO_0002541; IrGO_0001191; IrGO_0002654; IrGO_0001971; IrGO_0001975; IrGO_0001529; IrGO_0001602; IrGO_0001610; IrGO_0001633; IrGO_0001637; IrGO_0001647; IrGO_0002947; IrGO_0003134; IrGO_0001263; IrGO_0001318; IrGO_0001136; IrGO_0001139; IrGO_0001160; IrGO_0001265; IrGO_0001341; IrGO_0001533; IrGO_0001534; IrGO_0001535; IrGO_0001701; IrGO_0001702; IrGO_0001703; IrGO_0001713; IrGO_0001722; IrGO_0001723; IrGO_0002761; IrGO_0002568,Dirham,زعفران,به فتح زا و سکون عین و فتح فا و را و الف و نون و آن را به سریانی کرکم و جاوی به تشدید یا و به فارسی لرکیماس و به هندی کیسر نامند. ,"['سریانی: کرکم', 'سریانی: جاوی', 'فارسی: لرکیماس', 'هندی: کیسر']","تارهای گلی است شبیه به عصفر و بسیار خوشبو و زرد تیره رنگ مایل به سرخی و بی خار و اول گل آن از زمین می روید و بعد اتمام آن ساق و برگ آن و طول ساق آن یک و نیم شبر <br>و برگ آن شبیه به برگ یاسمین <br>و بیخ آن شبیه به زراوند مدحرج و مانند پیاز نرگس <br>و در گل آن تارها و در هر گلی سه چهار تار زعفران می باشد و آن تارهای بزرگ رنگین خوشبو است و آنچه باریک کمرنگ کم بو است زعفران نیست <br>و منبت آن اماکن بسیار است و از مازندران در ده مسمی به باده کوه که عوام باکو نامند و اصطهبانات و گیلان و شام و مصر و مغرب و کشمیر و غیرها <br>و بهترین همه کشمیری پس اصطهباناتی پس مازندرانی و بادکوهی پس از جاهای دیگر <br>و بالجمله بهترین آنها بسیار زرد مایل به سرخی خوشبوی تازه آنست از هرجا که باشد. ","در دوم گرم و در اول خشک <br>و بعضی در سوم گرم و در دوم خشک گفته اند و قول اول اصح است. ","مفرح قوی <br>و مقوی حواس و مغری و منضج و محلل <br>و مصلح عفونت خلط بلغمی و مانع و حافظ آن از تغییر و فساد <br>و مدر بول و با قوت قابضه <br>و محرک باه <br>و مقوی جوهر روح حیوانی و جگر و احشا و آلات تنفس <br>و مورث نشاط و ضحک <br>و منقی گرده و مثانه و بشره و رساننده قوت ادویه به قلب و سایر اعضا <br>و مفتح سده دماغ و جگر و سپرز <br>و آشامیدن یک مثقال آن جهت عسر ولادت مجرب و هر روز ده قیراط آن جهت ازاله سپرز <br>و با میپختج جهت رفع خمار <br>و با عسل جهت ریزانیدن حصات <br>و با ادویه مناسبه جهت درد رحم و مقعده <br>و استشمام آن جهت برسام و شوصه نافع <br>و منوم <br>و اکتحال آن جهت جلای بصر و دمعه و غشاوه و زرقت عارض از امراض و سلاق و جرب و قرحه چشم <br>و نطول آن جهت صداع شدید و بی خوابی <br>و ضماد آن جهت منع سیلان رطوبات و نوازل به چشم و تسکین جمره و ورم حار گوش و درد سر بارد و رفع بی خوابی <br>و طلای آن با فرفیون جهت نقرس و مفاصل <br>و ذرور آن جهت نزف الدم <br>و حمول آن جهت درد رحم و مقعده.  <br>و بالخاصیت گذاشتن یک تار آن در احلیل باعث ادرار بول بند شده <br>و گفته اند چون دو درم آن را با آب سرشته مانند گردکان مدور ساخته در آن سوراخ کرده بر شکم حامله تعلیق نمایند جهت عسر ولادت و اخراج مشیمه زنان و مادیان بالخاصیت مجرب. <br>و مقوی معده است به جهت آنکه در آن قوت رایحه و قابضه است  <br>و ثفل روغن آن را به یونانی قرقومعما نامند و قرقومعما نیز در حرف القاف خواهد آمد <br>و جوارش زعفران و دواءالکرکم و دهن آن و قرص و مرهم آن در قرابادین مذکور شد. ","به وزن آن قسط <br>و مثل آن دانه اترج <br>و ربع آن سنبل <br>و سدس آن سلیخه است","مضر گرده و مضعف اشتها و مغثی (و به جهت اضرار به حموضت) حاصله از انصباب سودا به معده <br>و مقوی معده است به جهت آنکه در آن قوت رایحه و قابضه است <br>و مصدع <br>و با شراب مسکر <br>و مداومت آن مکدر حواس و مضر اعصاب،","مصلح آن انیسون و سکنجبین.  <br>مصلح و دافع ضرر آن اشیای قابضه روح است. ","تا دو درم <br>و گفته اند سه درم آن کشنده است به تفریح مفرط و اصلی ندارد زیرا که این مقدار آن را این اثر نیست"
1012,شونیز,ʃoniz,herbal,Black cumin,Nigella sativa,,,,Unbalanced Hot And Dry Mizaj,DryThird; HotThird,IrGO_0003963,Heating; Drying; Theriac; Abstergent; Fluid expelling; Diuretic; Galactagogue; Emmenagogue; Scraping; Maturant; Extruding; Abortifacient; Abortifacient of dead fetus; Gestational membrane extruding; Expellant; All-powerful Expellant; Lithontriptic; Dissolver; Deoppilant; Erectile; Anti-hairfall; Hair germinator,IrGO_0000391; IrGO_0000402; IrGO_0000414; IrGO_0000436; IrGO_0000477; IrGO_0000483; IrGO_0000485; IrGO_0000486; IrGO_0000573; IrGO_0000585; IrGO_0000661; IrGO_0000663; IrGO_0000667; IrGO_0000670; IrGO_0000631; IrGO_0000643; IrGO_0000560; IrGO_0000468; IrGO_0000580; IrGO_0000507; IrGO_0000933; IrGO_0000937,humor; moisture; urine; milk; menstruation; facial skin; stomach; kidney; bladder; head; vomer; nose; eye; wind; tooth; skin; umbilicus; limb; blood; uterus; foot; ear; external genital organ; lower back; nerve; kidney; shin,Sadar; Khonnaq; nausea; long-term fever; poisoning; cold toxin poisoning; pain; EntesabNafas; cough; chest pain; vomiting; nausea; dropsy; jaundice; Qoulanj; wind Qoulanj; stomach worm; rabid dog bite; Reb fever; phlegmatic fever; Reb phlegmatic fever; kidney stone; bladder stone; hemorrhoid; urination difficulty; cold obstruction; headache; Zokam; cold Zokam; Nazleh; chronic Nazleh; cold Nazleh; vomer obstruction; Laqweh; NozoulolMa; beginning of NozoulolMa; toothache; cold tooth pain; Nazleh disease; joint pain; So'feh; Qouba; Tholoul; skin peeling; swelling; firm swelling; pediatric swelling; tapeworm; Mozeheh; uterine pain; Jarab; hair fall; laceration; head ulcer; Shahdieh head ulcer; moist head ulcer; ulcer; cold moist ulcer; moist ulcer; Shahdieh ulcer; sneezing; ear pain; wind in ear; ear obstruction,IrGO_0001350; IrGO_0001867; IrGO_0002119; IrGO_0002840; IrGO_0003272; IrGO_0003273; IrGO_0001191; IrGO_0001926; IrGO_0001932; IrGO_0001961; IrGO_0002113; IrGO_0002119; IrGO_0002212; IrGO_0002237; IrGO_0002416; IrGO_0002419; IrGO_0002157; IrGO_0003381; IrGO_0002844; IrGO_0002858; IrGO_0002884; IrGO_0002541; IrGO_0002563; IrGO_0002453; IrGO_0002573; IrGO_0001105; IrGO_0001263; IrGO_0001444; IrGO_0001449; IrGO_0001450; IrGO_0001451; IrGO_0001453; IrGO_0001460; IrGO_0001509; IrGO_0001631; IrGO_0001632; IrGO_0001824; IrGO_0001828; IrGO_0001138; IrGO_0002739; IrGO_0002943; IrGO_0002956; IrGO_0002964; IrGO_0003031; IrGO_0001136; IrGO_0001143; IrGO_0003506; IrGO_0002449; IrGO_0003205; IrGO_0002654; IrGO_0002947; IrGO_0003046; IrGO_0003173; IrGO_0001465; IrGO_0001466; IrGO_0001467; IrGO_0003134; IrGO_0003219; IrGO_0003235; IrGO_0003241; IrGO_0001745; IrGO_0001701; IrGO_0001715; IrGO_0001730,Dirham,سياه دانه,به ضم شین و سکون واو و کسر نون و سکون یای مثناه تحتانیه و زای معجمه لغت فارسی است و شونوز و سیاه دانه نیز و به عربی حبه السودا و به یونانی سنو و دیسقوریدوس شنون گفته و به هندی کلونجی نامند به فتح کاف و ضم لام و سکون واو و خفای نون و کسر جیم و یای آخر حروف بهترین آن تازه فربه دانه تند بوی آنست. ,"['ابن بیطار: شنون', 'شونوز', 'سیاه دانه', 'عربی: حبه السودا', 'یونانی: سنو', 'هندی: کلونجی']","تخم نباتی است شبیه به رازیانه و از آن درازتر و باریک‌تر و گل آن زرد مایل به سفیدی و بنفش نیز می شود <br>و برگ آن شبیه به برگ زبان در قفا <br>و تخم آن در غلافی بزرگتر از غلاف بزرالبنج <br>و تخم آن قریب به مقدار انیسون و سیاه تند بو <br>و مغز آن سفید <br>و قوت آن تا هفت سال باقی می ماند. ",در سوم گرم و خشک. ,"مسخن و مجفف رطوبات و منضج و مقطع اخلاط و جالی و مدر شیر و بول و حیض و مسقط جنین زنده و مرده و مشیمه و تریاق سموم بارده شربا و بخورا و حمولا با دهن سوسن.  <br>*اعضاءالصدر و الغذاء و النفص و غیرها* جهت سرفه بارده و درد سینه و و انتصاب نفس و قی المده و غثیان و استسقا و یرقان و سپرز و قولنج ریحی شربا و ضمادا نافع <br>و مداومت خوردن آن هر صباح مدر بول و حیض و شیر <br>و با روغن جهت سرخ کردن رخساره و تصفیه بشره <br>و با سرکه جهت اخراج اقسام کرم معده شربا و ضمادا <br>و یک مثقال تا دو درم آن تا سه درم با آب نیم گرم جهت سگ دیوانه گزیده و رتیلا <br>و با سکنجبین جهت تب ربع بلغمی کهنه <br>و با آب و عسل جهت نفس الانتصاب و تفتیت سنگ گرده و مثانه و تبهای مزمنه <br>و با نطرون جهت عسرالبول و سوخته آن جهت بواسیر خصوصا که با رب مورد بنوشند بیعدیل <br>و بوییدن خام آن و یا در سرکه خیسانیده آن یک شب در صره بسته و به دستور سعوط در سرکه خیسانیده آن یک شب و صبح ساییده جهت درد سر بارد مزمن و تفتیح سده خیشوم و زکام و نزله و لقوه بغایت نافع و بیعدیل <br>و چون هفت عدد دانه آن را در شیر زنان بخیسانند یک ساعت و بسایند و در بینی کسی که یرقان داشته و چشمهای او زرد شده باشد قطور نمایند بغایت نافع و زایل سازد به سبب قوت تفتیحی که دارد <br>و سعوط مسحوق آن با دهن ایرسا جهت ابتدای نزول آب در چشم نافع و به دستور با اکتحال استعمال آن جهت نزول در ابتدا <br>و کماد گرم کرده آن بر سر جهت زکام و بر سایر اعضا جهت تحلیل ریاح سریع الاثر <br>و مضمضه مطبوخ آن با سرکه به تنهایی و یا با چوب صنوبر جهت درد دندان بارد <br>و ضماد آن در پیش سر جهت منع و سد تنالی نزلات مزمنه و رفع درد سر بارد و تفتیح سده خیاشیم <br>و با سرکه خمر و یا انگوری جهت ثآلیل و رفع خال و تقشر جلد و درد مفاصل و بهق و برص و سعفه و قوبا <br>و با بول اطفال جهت تحلیل اورام صلبه و ثوالیل و خال مجرب <br>و با آب حنظل تر که بر اطراف ناف طلا کنند جهت اخراج حب القرع قوی الاثر <br>و با آب شیح جهت اخراج حیات به قوت تمام <br>و ساییده آن با خون افعی و یا خون خفاش و یا خون خطاف جهت وضح بغایت مؤثر <br>و با عسل و روغن جهت درد رحم و وجع آن در حین نفاس <br>و با روغن گل سرخ جهت انواع جرب <br>و ضماد سوخته آن با موم گداخته و روغن سوسن و یا حنا و مانند آن هر دو بر سر صاحب قرع که به فارسی کل نامند مفید و مانع ریختن موی آن و رویاننده آنست به شرط مداومت <br>و ضماد اندک بریان کوبیده آن با گلاب جهت زخم های سوداوی ساق پا مجرب <br>و با بول صبیان جهت قروح شهدیه سر و سایر قروح بارده رطبه <br>و قطور بو داده کوبیده جوش داده آن با روغن زیتون و صاف کرده به قدر سه چهار قطره در بینی جهت رفع زکام که با عطسه بسیار باشد مجرب <br>و با روغن حبه الخضرا در گوش جهت تفتیح سده و رفع ریاح و درد آن نافع <br>و دخان آن گریزاننده هوام<br>و روغن آن با روغن زیتون و کندر جهت اعاده باه مأیوسین شربا و طلاء مجرب دانسته اند <br>و روغن آن که به قرع معکوس گرفته باشند طلاء بر اعضای تناسل و کمر جهت آوردن نعوظ بیعدیل و رافع دردهای بارده و سستی اعصاب و سده آن و به دستور آشامیدن آن با اشیای مناسبه جهت امور مذکوره سریع الاثر <br>و قرشی گفته نبات آن را چون در غدیر اندازند ماهیان آن بالای آب آیند",و بدل آن انیسون و نصف وزن آن تخم شبت,"و اکثار شربت شونیز مورث خناق محرورین و سدر، <br>مضر گرده.  <br>و گویند نوعی از آن خناق و غثیان آورد،","و اکثار شربت شونیز مورث خناق محرورین و سدر، مصلح آن در سرکه خیسانیدن آن.  <br>مضر گرده، مصلح آن کثیرا.  <br>و گویند نوعی از آن خناق و غثیان آورد، تدبیر آن قی کردن و آشامیدن شیر و سایر تدابیر کندش خورده است. ","تا دو درم در مبرودین <br>و در محرورین تا نیم درم "
843,زنجبیل,zændʒæbil,herbal,Garden ginger,Zingiber officinale,http://bidd.group/CMAUP/plant.php?plant=NPO20553,,,Unbalanced Hot And Dry Mizaj,DryFirst; HotThird,IrGO_0003963,Tonic; Reinforcer of action and faculty; Reinforcer of digestion faculty; Reinforcer of the digestion faculty of stomach; Reinforcer of memory; Reinforcer of sexual appetence; Purgative; Alleviating; Purgative from the stomach; Dissolver; Aphrodisiac; Deoppilant; Drying; Scraping; Expellant; Laxative; Softening,IrGO_0000688; IrGO_0000765; IrGO_0000773; IrGO_0000774; IrGO_0000809; IrGO_0000833; IrGO_0000521; IrGO_0000692; IrGO_0000542; IrGO_0000468; IrGO_0000461; IrGO_0000580; IrGO_0000402; IrGO_0000573; IrGO_0000631; IrGO_0000703; IrGO_0000752,stomach; liver; intestine; wind; thick wind; phlegm; moisture; thick moisture; throat; nerve; humor; thick humor; genitourinary organ; urine; semen; mouth; testicles; throat,paralysis; stomach weakness; stomach worm; jaundice; obstructive jaundice; diarrhea; dribbling; thirst; phlegmatic thirst; poisoning; animal poison poisoning; semen thickness; Sobol; Bayaz; Gheshaweh; swelling; cold swelling; wind swelling; aqueous swelling; phlegmatic swelling; pain; cold pain; cold wind pain; tetanus; hemorrhoid; bulging hemorrhoid; Riaholbawasir; phlegmatic hemorrhoid; wind hemorrhoid; hemorrhoid swelling; testicular swelling; testicular wind swelling; testicular cold swelling; wind pain; Daossalab,IrGO_0001492; IrGO_0002062; IrGO_0002157; IrGO_0002237; IrGO_0002246; IrGO_0002359; IrGO_0002570; IrGO_0002089; IrGO_0002097; IrGO_0003272; IrGO_0003323; IrGO_0002599; IrGO_0001594; IrGO_0001615; IrGO_0001637; IrGO_0001136; IrGO_0001139; IrGO_0001141; IrGO_0001153; IrGO_0001154; IrGO_0001191; IrGO_0001193; IrGO_0001195; IrGO_0001508; IrGO_0002453; IrGO_0002454; IrGO_0002456; IrGO_0002459; IrGO_0002462; IrGO_0002474; IrGO_0002614; IrGO_0002615; IrGO_0002616; IrGO_0001200; IrGO_0003048,Dirham,,به فتح زای و سکون نون و فتح جیم و کسر بای موحده و سکون یای مثناه تحتانیه و لام به هندی‌تر تازه آن را ادرک و خشک آن را سونته نامند و سندهی نیز گویند. ,"['هندی: ادرک', 'هندی: ستهوه']","بیخی است معروف نبات آن شبیه به نبات شقاقل و از آن کوچکتر <br>و برگ های آن باریک طولانی بقدر یک شبر و زیاده و بی گل و ثمر <br>و در مازندران نیز به هم می رسد و در بلاد هند و دکهن و گجرات و بنگاله بسیار می شود <br>و همیشه تازه آن به هم می رسد و کوهی و دشتی نیز می باشد <br>و زنجبیل بی ریشه سفید خشک را به هندی ستهوه نامند و این بهترین همه است <br>و از چین که مربای زنجبیل می آرند دانه های بزرگ و بالیده و نهایت بی ریشه که مانند آن هیچ جا نمی شود. ",تر و تازه آن در سوم گرم و در اول خشک و با رطوبت فضلیه. ,"مقوی قوت حافظه و هاضمه و معده و کبد <br>و مفتح سده جگر و مبهی <br>و محلل ریاح غلیظه معده و امعا <br>و مقطع بلاغم و رطوبات غلیظه چسبیده به سطح معده و امعا و غیرها و مجفف آنها <br>و ملین طبع و مخرج خلط غلیظ و رطوبات دماغی و حلق و برودت اعصاب <br>و جهت فالج و کرم معده و یرقان سدی و تقطیرالبول حادث از برودت و ضعف آلات بول و اسهال که از فساد غذا باشد <br>و جهت رفع سموم حیوانی و تسکین تشنگی بلغمی <br>و با نبات و کندر جهت رفع مضرت میوه های تازه و رطوبت معده <br>و با زرده تخم مرغ نیمبرشت جهت ازدیاد منی و غلظت آن و با‌ تربد مسهل رطوبات مفاصل و ساقین و معین قوت مسهله‌ تربد <br>و با خولنجان و پسته جهت تقویت باه از اسرار است <br>و اکتحال آن جهت غشاوه و سبل و بیاض <br>و در دهان داشتن آن رافع تشنگی بلغمی <br>و ضماد آن جهت تقویت اعضا و کزاز و رفع ریاح و بواسیر و اوجاع بارده و ورم بارد بلغمی و مائی و ریحی خصیه و سایر اعضا <br>و با دو وزن آن حرمل اقوی است در تأثیر <br> و جوارش و مربای آن در قرابادین ذکر یافت <br>و ضماد‌ تر و تازه نرم سوده آن جهت داءالثعلب و تحلیل اوارم ریحیه و بارده مائیه و تسکین اوجاع بارده نافع <br>و از نوع اول نیز تازه آن را ورق کرده به دستور با نمک و آب لیمو پرورده و یا خشک آن را کوبیده و بیخته با نمک و آب لیمو خمیر کرده اقراص می سازند و به دستور تنقل می نمایند. ",دارفلفل است,مضر حلق،,مصلح آن عسل و روغن بادام. ,تا دو درم. 
569,حلبه,holbæh,herbal,,Trigonella foenum-graecum,http://bidd.group/CMAUP/plant.php?plant=NPO8210,,,Unbalanced Hot And Dry Mizaj,DrySecond; HotSecond,IrGO_0003963,Dissolver; Fluid expelling; Diuretic; Emmenagogue; Maturant; Softening; Nauseating; Tonic; Corrigent,IrGO_0000468; IrGO_0000477; IrGO_0000483; IrGO_0000486; IrGO_0000585; IrGO_0000752; IrGO_0000658; IrGO_0000688; IrGO_0000596,urine; menstruation; spleen; uterus; lower back; liver; bladder; gonad,cold disease; dropsy; swelling; cold swelling; pain; cough; cold cough; cold liver dystemperament; liver pain; cold liver pain; liver swelling; cold spleen dystemperament; spleen swelling; cold uterine dystemperament; uterine pain; uterus swelling; lumbar pain; cold bladder dystemperament; dribbling,IrGO_0001076; IrGO_0002212; IrGO_0001136; IrGO_0001139; IrGO_0001191; IrGO_0001932; IrGO_0001942; IrGO_0002166; IrGO_0002179; IrGO_0002181; IrGO_0002184; IrGO_0002270; IrGO_0002277; IrGO_0002650; IrGO_0002654; IrGO_0002703; IrGO_0002781; IrGO_0002548; IrGO_0002570,,شنبليله,به ضم حای مهمله و سکون لام و فتح بای موحده و ها و فریقه نیز خوانند و در گیلان خلبه به خای معجمه و به اصفهان شنبلیله و در شیراز شلمیز و به هندی میتهی نامند. ,"['گیلانی: خلبه', 'شیرازی: شلمیز', 'هندی: میتهی', 'اصفهانی: شنبلیله']","از حبوب معروفه است و گیاه آن تا به قدر ذرعی <br>و شاخ های آن باریک <br>و برگ های آن ریزه صنوبری شکل زاویه آن متصل به شاخ و قاعده آن بالا و طعم آن مایل به تلخی و بوی آن تند <br>و برگ آن را نیز پخته می خورند و با گوشت لذیذ می باشد <br>و بعضی برای حدت طعم و کم شدن تلخی و رایحه آن اولا برگ آن را اندکی در آب جوش داده و آن آب را ریخته پس با دو پیازه گوشت بریان کرده می خورند. ",در دوم گرم و خشک و با رطوبت فضلیه.,"برگ آن منضج و ملین و محلل و مدر بول و حیض <br>و جهت امراض بارده و سوءالقنیه و استسقا <br>و سرفه بارد و ورم طحال و درد کمر و جگر و رحم <br>و برودت مثانه و تقطیر بول <br>و ضماد آن جهت تقویت موی نافع <br>و خوردن آن با نان مانع تلیین آنست <br>و طبیخ برگ آن با برگ اسفناج و یا برگ خرفه و یا با زردک نیکو مصلح است آن را از برای محرورالمزاج",,و اکثار آن مصدع و مغثی و مضر انثیان,مصلح آن سکنجبین حامض و انیسون و مکیدن انار میخوش و محرورالمزاج را استعمال برگ آن بدون کاسنی جایز نیست ,
1450,کمون,kæmun,herbal,,,,,,Unbalanced Hot And Dry Mizaj; Unbalanced Hot And Dry Mizaj,DryThird; HotSecond; DryThird; HotThird,IrGO_0003963; IrGO_0003963,Binder; Dissolver; Tonic; Stimulant; Stimulant of food appetence; Reinforcer of food appetence; Abstergent; Regenerator; Heating; Drying; Scraping; Rarefactive; Constrictive; Powerful dissolver; Fluid expelling; Strong fluid expelling; Diuretic; Softening; Powerful constrictive; Interrupter of appetency; Emmenagogue; Alleviating,IrGO_0000735; IrGO_0000468; IrGO_0000688; IrGO_0000717; IrGO_0000821; IrGO_0000832; IrGO_0000436; IrGO_0000490; IrGO_0000391; IrGO_0000402; IrGO_0000573; IrGO_0000575; IrGO_0000617; IrGO_0000471; IrGO_0000477; IrGO_0000478; IrGO_0000483; IrGO_0000752; IrGO_0000618; IrGO_0000866; IrGO_0000486; IrGO_0000692,nose; eye; blood; tooth; respiratory organ; stomach; intestine; spleen; kidney; liver; wind; urine; menstruation; moisture; gonad; facial skin; sweat; lung,epistaxis; Torfeh; Kamaneh; KamantodDam; eye ulcer; Gheshaweh; ulcer; Zafareh; Sobol; adhesion of eyelids; Jarab; Ramad; Nazleh disease; pain; toothache; OsreNafas; EntesabNafas; palpitation; cold palpitation; swelling; wind swelling; Tokhameh; hiccups; wind hiccups; wet hiccups; spleen swelling; Maghs; wind Maghs; kidney wind; kidney Nafkh; diarrhea; wet diarrhea; dribbling; flow of stomach moistures; Wahm; stomach flatulence; intestinal Nafkh; gonadal swelling; wound; Hazal; head lice,IrGO_0001741; IrGO_0001591; IrGO_0001605; IrGO_0001606; IrGO_0001610; IrGO_0001637; IrGO_0003134; IrGO_0001592; IrGO_0001594; IrGO_0001676; IrGO_0002947; IrGO_0001583; IrGO_0001138; IrGO_0001191; IrGO_0001824; IrGO_0001921; IrGO_0001926; IrGO_0001992; IrGO_0001996; IrGO_0001136; IrGO_0001141; IrGO_0002065; IrGO_0002127; IrGO_0002131; IrGO_0002132; IrGO_0002277; IrGO_0002313; IrGO_0002316; IrGO_0002524; IrGO_0002525; IrGO_0002359; IrGO_0002403; IrGO_0002570; IrGO_0002161; IrGO_0002083; IrGO_0002126; IrGO_0002325; IrGO_0002609; IrGO_0003133; IrGO_0003094; IrGO_0003053,Dirham,,به فتح کاف و ضم میم مشدده و سکون واو و نون لغت عربی است و یا معرب از خامون یونانی و یا از کمون سریانی و به عربی سنوت و به رومی اسفیقوس و نیز به یونانی کرمینون و به فارسی زیره و به هندی نیز زیره و جیره نامند. ,"['عربی: سنوت', 'رومی: اسفیقوس', 'یونانی: کرمینون', 'یونانی: خامون', 'سریانی: کمون', 'فارسی: زیره', 'هندی: زیره', 'هندی: جیره', 'یونانی: باسلیقون', 'هندی: کالی زیری']","تخم نباتی است از رازیانه باریکتر و سیاه و سبز و زرد و سفید می باشد <br>و نبات آن از رازیانه کوچکتر <br>و برگ آن مستدیر و قبه آن مانند شبت <br>و معروف است و در اکثر بلاد می شود <br>و چهار قسم می باشد فارسی و نبطی و کرمانی و شامی و هر یک بری و بستانی می باشد <br>و کرمانی آن سیاه رنگ ریزه دانه خوشبو که به یونانی باسلیقون نامند به معنی ملوکی <br>و بهترین همه بری و بستانی کرمانی تازه آن است <br>و بری هر یک اقوی از بستانی <br>و اکثر مستعمل تخم آن است هم از داخل و هم از خارج و قوت آن تا هفت سال باقی می ماند ","در دوم گرم و در سوم خشک <br>و در سوم نیز گرم و خشک گفته اند. ","مسخن و ملطف و مقطع و محلل و مجفف و قابض.  <br>*اعضاءالرأس* سعوط نقوع خیسانیده آن در سرکه و یا استشمام منقوع آن و یا پر نمودن بینی بدان حابس رعاف <br>و قطور آب ممضوغ آن در چشم قاطع خون آن و جالی غشاوه و قرحه چشم و طرفه و کمنه الدم خصوصا که با زیت مخلوط نموده باشند <br>و ممضوغ آن با نمک جهت جلای جرب و سبل و ظفره و بعد کشط آن و مانع التصاق چشم <br>و با سفیدی تخم مرغ جهت رمد حار <br>و مضمضه به طبیخ آن مسکن نزلات و درد دندان خصوصا با صعتر و امثال آن.  <br>*اعضاء النفس* آشامیدن آن با سرکه ممزوج با آب جهت عسر نفس و نفس الانتصاب و خفقان بارد.  <br>*اعضاءالغذاء و النفض* آشامیدن آن جهت تقویت معده و امعا و کبد و گرده و تحریک اشتها و جشا و تحلیل ریاح و نفخ و رفع فواق رطوبی و ریحی و تخمه و مغص ریحی و ورم طحال <br>و اسهال رطوبی خصوص بریان نموده آن در این امر <br>و مدر بول و حیض و رافع تقطیرالبول <br>و چون با نمک بخایند و فرو برند قطع سیلان رطوبات معده نماید <br>و مداومت خوردن به سرکه پرورده خشک نموده آن قاطع شهوت گل خوردن و فحم و امثال آن و در سرکه خیسانیده بریان کرده آن قوی القبض <br>و در دفع رطوبات معده قوی الاثر <br>و احتقان به طبیخ آن محلل ریاح و نفخ امعا و معده و گرده <br>و حمول آن با زیت قاطع خون حیض <br>و ضماد آن با زیت محلل ورم طحال.  <br>*السموم* آشامیدن آن با شراب جهت نهش هوام.  <br>*الاورام* ضماد آن با آرد باقلا محلل اورام <br>و با قیروطی و یا زیت و آرد باقلا محلل ورم انثیین.  <br>*القروح و الجروح* مدمل جراحات چون در آنها پر نمایند.  <br>*الزینه* طلای آن و یا اغتسال بدان جالی بشره <br>و مداومت به آشامیدن آن و یا عرق آن باعث لاغری و زردی بدن.  <br>*الخواص* چون آب زیره را بر بدن مولود در حین ولادت بمالند گویند در مدت العمر شپش در بدن او به هم نرسد.  <br>و زیره جهت مبرودین و مشایخ و بلغمی مزاجان بسیار نافع <br>و چون با افاویه و شبت و دارچینی در طبخ لحوم غلیظه داخل نمایند آنها را لطیف و قوی و ملین و مدر بول و محلل نفخ گرداند.  <br>و کرمانی قابض","بدل کرمانی آن یک وزن و نیم نبطی آن <br>و گویند بدل آن کرویا است <br>و در طرد ریاح مغز شاهدانه ",مضر ریه,مصلح آن کثیرا. ,دو درم. 
776,رمان,romɒn,herbal,,Punica granatum,http://bidd.group/CMAUP/plant.php?plant=NPO21349,,,Unbalanced Cold And Wet Mizaj,WetFirst; ColdnessDegree,IrGO_0003964,Purgative from the stomach; Tonic; Reinforcer of action and faculty; Reinforcer of vision,IrGO_0000542; IrGO_0000688; IrGO_0000765; IrGO_0000796,stomach; adipose tissue; yellow bile,jaundice; yellow biliary jaundice; diarrhea; yellow biliary diarrhea; yellow biliary fever; Jarab; pruritus; Solaq; wound; vicious wound; chronic wound,IrGO_0002237; IrGO_0002262; IrGO_0002359; IrGO_0002401; IrGO_0002868; IrGO_0002947; IrGO_0002951; IrGO_0001647; IrGO_0003133; IrGO_0003148; IrGO_0003164,,درخت انار,به ضم را و فتح میم و الف و نون به فارسی انار نامند و به هندی نیز,"['فارسی: انار', 'هندی: انار']",انواع می باشد بری و بستانی و بهترین آن بستانی شیرین بی دانه است که املسی نامند لطیف‌تر از سایر اقسام و بهترین آن رسیده بزرگ دانه شاداب آنست. ,"مطلق آن بارد رطب و برودت آن از دوم نگذشته و رطوبت آن از اول با قوت قابضه که مفارقت از جمیع اجزای آن نمی کند تا آنکه آب افشرده آن نیز همین اثر دارد هر چند قبض آن محسوس نیست <br>ترش آن سرد‌تر از شیرین آن و خالی از یبسی نیست","و آشامیدن آب انارین که با شحم فشرده باشند از نیم رطل تا یک رطل و بیست درم شکر خام جهت اسهال صفرا و تقویت معده و رفع تبهای صفراوی و یرقان و جرب و حکه نافع و در این افعال مانند هلیله زرد است <br>و چون آب انارین را در ظرف مس کرده به قوام آورند جهت سلاق و جرب و تقویت باصره و جراحات مزمنه و خبیثه نافع. ",,,,
352,تمر,tæmr,herbal,Date palm,Phoenix dactylifera,http://bidd.group/CMAUP/plant.php?plant=NPO27617,,,Unbalanced Hot And Dry Mizaj; Unbalanced Hot And Wet Mizaj,DryFirst; HotSecond; WetFirst; HotSecond,IrGO_0003963; IrGO_0003962,Organ generating; Softening; Lithontriptic; Obesogenous; Obesogenous for the underweight; Tonic; Reinforcer of sexual appetence; Reinforcer of sexual appetence in the cold-tempered; Oppilative; Flatulent; Exceptional tonic; Exceptional reinforcer of sexual appetence; Putrefactive; Adustive,IrGO_0000685; IrGO_0000752; IrGO_0000560; IrGO_0000508; IrGO_0000510; IrGO_0000688; IrGO_0000833; IrGO_0000834; IrGO_0000498; IrGO_0000586; IrGO_0000691; IrGO_0000839; IrGO_0000410; IrGO_0000408,blood; tenacious blood; kidney; lower back; lung; milk; moisture; cold moisture; mouth; tooth; liver; humor; black bile; blood,pain; Ramad; aphtha; mouth pain; toothache; spleen obstruction; Eya; paralysis; Laqweh; kidney Hazal; cold disease; cold phlegmatic disease; phlegmatic disease; pain; joint pain; lumbar pain; kidney stone; phlegmatic fever,IrGO_0001191; IrGO_0001583; IrGO_0001784; IrGO_0001805; IrGO_0001824; IrGO_0002283; IrGO_0001183; IrGO_0001492; IrGO_0001509; IrGO_0002522; IrGO_0001076; IrGO_0001077; IrGO_0001083; IrGO_0001191; IrGO_0002739; IrGO_0002781; IrGO_0002541; IrGO_0002858,Dam; Danar,خرما,به فتح تا و سکون میم و رای مهمله به فارسی خرما و به هندی کهجور و چهارا نامند. ,"['فارسی: خرما', 'هندی: کهجور', 'هندی: چهارا']","معروف است و نر و ماده می باشد<br>نر آن طلع و خوشه برمی آورد و ثمر نمی بندد به خلاف ماده آن <br>و در خوشه های طلع هر دو نوع گردی می باشد که آن را کشن می نامند <br>و در ابتدای ظهور خامی گرد نر را بر ماده می زنند ثمر آن بالیده و شیرین و شاداب و تخم آن کوچک می گردد و الا خوب نمی شود <br>و از ابتدای تکون تا انتها و کمال بلوغ و رسیدگی هفت مرتبه مقرر کرده اند و هر مرتبه را به نامی موسوم اول را طلع و لیغ نیز گویند و دوم را بلح و سوم را خلال و چهارم را بسر و پنجم را قصب و ششم را رطب و هفتم را تمر و هر یک آن در اماکن خود مذکور خواهد شد <br>و به حسب اماکن و بلدان مختلف می باشد <br>و بهترین اماکن که خرما در آن خوب می شود جهرم از توابع فارس است پس عمان پس جاهای دیگر <br>و بهترین اصناف غیر جهرمی آن آزاد پس مکتوم پس خستاوی است که پوست آن نازک و مغز آن بسیار و تخم آن کوچک و شیرین رسیده بی ریشه باشد. ","در دوم گرم و در اول خشک <br>و بعضی (در دوم گرم و) در اول تر دانسته اند. ","کثیرالغذا و مولد خون متین <br>و جهت فالج و لقوه و اعیا و تقویت گرده لاغر شده و تسمین بدن و باه مبرودین <br>و امراض بارده و بلغمیه و درد کمر و تلیین مفاصل <br>و موافق سینه و شش بارد <br>و آشامیدن طبیخ آن با حلبه جهت تب بلغمی و تفتیت حصات مجرب <br>و با برنج جهت تسمین مهزولین <br>و خیسانیده آن در شیر تازه دوشیده خصوص با اندک دارچینی و از عقب آن نیز آشامیدن شیر تازه دوشیده در تقویت باه بیعدیل دانسته اند <br>و بالجمله در محرورین موجب امراض بسیار و در مبرودین باعث زوال امراض بارده و رطوبات بلیه ",,"ولیکن ثقیل و بطی الهضم و مسدد، مضر محرورین و صاحبان بلدان حاره <br>و در بلدانی که خرما در آنها حاصل نمی شود اهل آن بلدان را اکثار خوردن آن جایز نیست <br>و مولد سودا و سده جگر و سپرز و محرق خون و معفن اخلاط و مصدع و مورث قلاع دهان و رمد و درد دندان <br>و خام آن نفاخ و بطی الهضم و ثقیل و مسدد",,"و مصلح آن آب انار و سکنجبین و روغنها و خشخاش و بادام مقشر خوردن و شستن دهان بعد از خوردن آن با آب نیمگرم خصوص که سماق در آن خیسانیده باشند و به دستور غرغره با گلاب و سماق با سرکه و خاییدن طرخون که زمانی طویل در دهان باشد مانع ضعف دندان و قلاع دهان و خناق است <br>و مصلح سده آن در مبرودین جوارشات مسهله به عصر"
948,سوس,sus,herbal,Cultivated licorice,Glycyrrhiza glabra,http://bidd.group/CMAUP/plant.php?plant=NPO29384,,,Unbalanced Hot And Dry Mizaj; Unbalanced BalancedInWetnessDryness Mizaj; Unbalanced Cold And Dry Mizaj,DryFirst; HotSecond; DrynessDegree; ColdnessDegree,IrGO_0003963; IrGO_0003956; IrGO_0003965,Abstergent; Rinsing; Dissolver; Fluid expelling; Diuretic; Emmenagogue; Purgative; Maturant; Constrictive; Expellant; Expellant via vomiting; Expellant via purgation; Expellant via urination; Tonic; Alleviating; Inflammation alleviating; Reinforcer of vision; Improving of facial skin color,IrGO_0000436; IrGO_0000447; IrGO_0000468; IrGO_0000477; IrGO_0000483; IrGO_0000486; IrGO_0000521; IrGO_0000585; IrGO_0000617; IrGO_0000631; IrGO_0000638; IrGO_0000639; IrGO_0000640; IrGO_0000688; IrGO_0000692; IrGO_0000701; IrGO_0000796; IrGO_0000923,body interior; stomach; spleen; lung; bladder; throat; foot; nerve; liver; humor; thick humor; compound humor; moisture; urine; menstruation; wind; kidney,chronic disease; brain disease; headache; Shaqiqeh; nerve disease; amaurosis; Bayaz; throat coarseness; lung disease; ZiqonNafas; Rabv; cough; chest coarseness; burning sensation in the chest; stomach disease; thirst; vomiting; burning sensation in the stomach; liver disease; liver inflammation; spleen disease; diarrhea; Qoulanj; cold Qoulanj; hemorrhoid; bladder disease; dysuria; fever; chronic fever; Saratan; Daossalab; Dakhes; malodorous axilla,IrGO_0001065; IrGO_0001248; IrGO_0001263; IrGO_0001322; IrGO_0001472; IrGO_0001609; IrGO_0001615; IrGO_0001886; IrGO_0001908; IrGO_0001927; IrGO_0001929; IrGO_0001932; IrGO_0001962; IrGO_0001963; IrGO_0002038; IrGO_0002089; IrGO_0002113; IrGO_0002140; IrGO_0002162; IrGO_0002175; IrGO_0002267; IrGO_0002359; IrGO_0002416; IrGO_0002417; IrGO_0002453; IrGO_0002546; IrGO_0002565; IrGO_0002810; IrGO_0002880; IrGO_0002940; IrGO_0003048; IrGO_0003066; IrGO_0003091,Dirham,شیرین بیان,به ضم سین و سکون واو و سین مهمله به فارسی شیرازی مهک و بیخ آن را بیخ مهک و به اصفهانی مرو و به ترکی شیرین بان و به هندی (ملهتی و جیتهی مد) و مرتی نیز و به فرنگی گلیسریزه نامند. ,"['فارسی: شیرازی مهک', 'ترکی: شیرین بان', 'فرنگی: گلیسریزه', 'بیخ مهک', 'اصفهانی: مرو']","اسم نباتی است که در اکثر بلاد به هم می رسد و نبات آن بر روی زمین پهن می گردد و می چسبد بر آن و قریب به ده ذرع دست را فرا می گیرد و به مکانی که به هم رسیده به دشواری از آن زایل می گردد و غلظت آن از یک انگشت تا بقدر یک قبضه دست و زیاده بر آن می باشد <br>و برگ آن شبیه به برگ مصطکی <br>و گل آن مابین حمرت و زرقت و اکثر زرد <br>و بیخ آن بلند و پوست آن سیاه رنگ و مغز آن زرد <br>و دو قسم می باشد شیرین و تلخ <br>و مستعمل بیخ شیرین آنست <br>و لهذا آن را عرق السوس می نامند <br>و مشهور است که باید پوست آن را مقشر نموده استعمال نمایند و در وجه آن گفته اند که مار آن را بسیار دوست می دارد و خود را بسیار بر آن می مالد جهت انسلاخ جلد و تقویت بدن و روشنایی چشم خود مانند رازیانه و نیز گفته اند که نه از آن جهت است بلکه از جهت حدت و زیادتی یبس آنست <br>و شیرین آن بعضی با اندک شیرینی و تلخی و قبوضت و بعضی شیرینی آن غالب و بهترین آن شیرین کم ریشه زرد متوسط در غلظت و باریکی.  <br>مصری آنست که در صعید مصر می شود و بعد از آن عراقی پس شامی پس هر جا که خوب شود خواه آن بلاد باشد و خواه هند و خواه غیر آن که شیرینی آن غالب و تلخی و قبوضت آن بسیار کم باشد <br>و قوت آن تا ده سال باقی می ماند. ","گرم در دوم و خشک در اول <br>و بعضی گرم در اول (و خشک در اول) <br>و بعضی معتدل در رطوبت و یبوست <br>و بعضی سرد و خشک دانسته اند <br>و قول اول اصح است و با رطوبت غرویه. ",منضج اخلاط غلیظه و مرکبه و مسکن تشنگی و التهاب معده خصوص نقوع آن که نمالیده بنوشد و نرم کننده سینه و حلق و در تشنگی حادث از رطوبت چندان نفعی ندارد و مسهل رطوبات و غاسل اعضای باطنی و مقوی اعصاب و محلل ریاح و مدر بول و حیض و جهت ربو و خشونت سینه و سوزش آن و حلق و نکویی آواز و ضیق النفس و علل ریه و کبد و مثانه و التهاب معده و حرقت بول و امراض دماغی و عصبانی و امراض طحال و بواسیر و تبهای کهنه و انواع سرفه مگر سرفه حادث از اخلاط غلیظه زجاجیه که ضعیف العمل است در آن و مداومت آشامیدن هر روز نیم درم از آن با ربع درم شکر و رازیانه جهت جلای مجاری بدن و نیکویی رنگ رخسار و طرد ریاح و نفخ و حمیات مزمنه و اکثر امراض مانند صداع و شقیقه و ظلمت بصر و باعث جلای آنست خصوص که از اول حمل تا اول سرطان بیاشامند و شیخ الرئیس در معالجات قولنج بارد نوشته که آشامیدن چهار درم اصل السوس در آب سکبینج و فراسیون و یا ماءالجبن نافع است آن را و اصل السوس به تنهایی نیز مجرب است و قی نمودن به مطبوخ آن مخرج رطوبات است و اگر تمام دفع نگردد و چیزی بماند با اسهال و یا با ادرار دفع می گرداند و داخل کردن آن در مسهلات مطبوخه و همچنین در ادویه کبدیه سبک می باشد بر طبیعت و دافع ضرر آنها است به سبب لزوجت و غرویتی که دارد و اکتحال آن جهت جلای بیاض و تقویت باصره و رفع زردی آن و ضماد آن با عسل و موم جهت داخس و با آب بهنگره که گیاه هندیست و در حرف الباء مع النون مذکور شد و یا با آب خالص جهت داءالثعلب با تکرار عمل مفید و ضماد برگ تازه آن جهت دفع بدبویی زیر بغل و میان انگشتان پا مجرب و چوب آن را ابن ماسویه و امین الدوله گرم و خشک‌تر از سایر اجزای آن دانسته اند و با قوت جالیه و قابضه و محلله و گفته اند که سیسارون عبارت از آن است و آتش آن تندتر از اخشاب دیگر و فی الواقع چنین است و در ایران شیشه گران سنگ شیشه را کوبیده در کوره ها با آتش آن می گذارند و تخم آن را محمد بن احمد قوی‌تر از سایر اجزای آن دانسته و یوحنا بن سرابیون گفته داخل معاجین باید نمود و در بصره و نواح آن از درخت سوس به عمل می آید و در جاهای دیگر به هم نمی رسد و مخصوص بدانجا است,بدل بیخ آن در اوجاع صدر به وزن آن کثیرا معجون با عقید انجیر,و گویند اصل السوس مضر به گرده و سپرز است,"و مصلح آن در گرده کثیرا <br>و در سپرز گل سرخ است.",تا پنج درم. 
1249,فلفل,folfol,herbal,Black pepper,Piper nigrum,http://bidd.group/CMAUP/plant.php?plant=NPO28928,,,Unbalanced Hot And Dry Mizaj; Unbalanced Hot And Dry Mizaj,DryMinThird; HotMinThird; DryFourth; HotFourth,IrGO_0003963; IrGO_0003963,Tonic; Reinforcer of memory; Heating; Thinning; Aperient; Rarefactive; Reinforcer of digestion faculty; Fluid expelling; Diuretic; Emmenagogue; Dissolver; Reinforcer of sexual appetence; Theriac; Attractant; Abstergent; Cleanser; Drying; Coarsening; Nail germinator; Nail germinator in onychomadesis; Rubefacient; Expellant; Expellant of gestational product; Fetus expellant; Toxin,IrGO_0000688; IrGO_0000809; IrGO_0000391; IrGO_0000492; IrGO_0000505; IrGO_0000575; IrGO_0000773; IrGO_0000477; IrGO_0000483; IrGO_0000486; IrGO_0000468; IrGO_0000833; IrGO_0000414; IrGO_0000420; IrGO_0000436; IrGO_0000729; IrGO_0000402; IrGO_0000476; IrGO_0000944; IrGO_0000946; IrGO_0000473; IrGO_0000631; IrGO_0000646; IrGO_0000647; IrGO_0000448,phlegm; nerve; stomach; brain; moisture; skin; tooth; liver; humor; thick humor; wind; blood; thick blood; spleen; lung; viscous moisture; urine; menstruation; milk; nail; muscle; kidney; urethra; throat; liver; urine; semen; blood,acute disease; hot disease; hot acute disease; hot chest disease; hot simple kidney dystemperament; wound; internal wound; flesh wound; nerve disease; cold disease; cold wet disease; paralysis; Khadar; cold fever; fever piloerection; Nazleh disease; pain; toothache; caries; Maghs; Jozam; swelling; spleen swelling; Qoulanj; phlegmatic Qoulanj; wind Qoulanj; Zafareh; amaurosis; Bayaz; cold chest disease; ZiqonNafas; Rabv; cough; wet cough; cold cough; cold wet cough; chest pain; Khonnaq; phlegmatic Khonnaq; dribbling; Khanazir; Dakhes; nail Baras; nail Jozam; Qouba; tumescence; wind tumescence; phlegmatic swelling; poisoning; vomiting; opium poisoning; cold toxin poisoning,IrGO_0001084; IrGO_0001085; IrGO_0001086; IrGO_0001906; IrGO_0002518; IrGO_0003133; IrGO_0003144; IrGO_0003162; IrGO_0001472; IrGO_0001076; IrGO_0001079; IrGO_0001492; IrGO_0001518; IrGO_0002856; IrGO_0003117; IrGO_0001138; IrGO_0001191; IrGO_0001824; IrGO_0001834; IrGO_0002313; IrGO_0003010; IrGO_0001136; IrGO_0002277; IrGO_0002416; IrGO_0002418; IrGO_0002419; IrGO_0001592; IrGO_0001609; IrGO_0001615; IrGO_0001904; IrGO_0001927; IrGO_0001929; IrGO_0001932; IrGO_0001939; IrGO_0001942; IrGO_0001943; IrGO_0001961; IrGO_0001867; IrGO_0001871; IrGO_0002570; IrGO_0002936; IrGO_0003066; IrGO_0003069; IrGO_0003074; IrGO_0002956; IrGO_0001147; IrGO_0001149; IrGO_0001154; IrGO_0003272; IrGO_0002113; IrGO_0003313; IrGO_0003273,Miskal,فلفل سياه,به ضم فا و سکون لام و ضم فا و سکون لام و به کسر هر دو فا نیز آمده معرب پلپل فارسی است و به سریانی پلپلی و به یونانی بشوریقون و ارنیفس نیز و به هندی مرچ و کلمرچ یعنی فلفل گرد نامند. ,"['فارسی: پلپل', 'سریانی: پلپلی', 'یونانی: بشوریقون', 'یونانی: ارنیفس', 'هندی: مرچ', 'هندی: کلمرچ']","ثمر هندی است یعنی در بعضی بلاد هند و بنگاله و جزایر ملک دکهن به هم می رسد <br>و نبات آن دو نوع شنیده شده یکی شبیه به نبات دارفلفل و لبلاب و بر مجاور خود می پیچد یعنی از قبیل نجم و بیاره <br>و برگ آن شبیه به برگ تانبول و از آن کوچک‌تر و در ملاست از آن کمتر و صنوبری شکل شبیه به برگ لبلاب و از آن ضخیم‌تر و تند طعم با عفوصت و تلخی <br>و ثمر آن که فلفل است خوشه دار و در هر خوشه ده بیست دانه متصل به هم شبیه به خوشه بقم و توت بزرگی و به طول یک دو بند انگشت و دانه های آن به خامی سبز و بعد از رسیدن بنفش و بزرگتر از دانه گشنیز و به قدر نخودی کوچک و به چوبهای بسیار باریک و پیوسته به خوشه آن و بعد از خشک شدن سیاه و با شکنج و چین دار می گردد  <br>و گویند بری و بستانی می باشد بری آن قوی‌تر از بستانی <br>و بهترین آن حادالعطم و رایحه آن <br>و حدت پوست آن کمتر از مغز آن است. ","سیاه آن در آخر سوم (گرم و خشک)<br> و شیخ الرئیس (ره) فلفل سیاه را در چهارم گرم و خشک گفته. ","محلل و جذاب و جالی و مسخن و منقی بلغم و با قوت‌ تریاقیت.  <br>*اعضاءالرأس* مقوی حافظه و اعصاب و جهت علتهای عصب بسیار مفید <br>و خاییدن آن با مویز جهت جلب و دفع رطوبات دماغ و معده <br>و تدهین به دهن جوشانیده آن در آن جهت فالج و خدر و جمیع امراض بارده رطبه و رفع قشعریره تبهای بارده و به دستور آشامیدن آن با ادویه قابضه جهت امراض مذکوره <br>و طلای مطبوخ آن در گلاب جهت رفع نزلات بارده و درد دندان و به دستور مضمضه بدان که با پوست خشخاش جوشانیده باشند <br>و همچنین سنون بدان به جهت درد دندان کرم خورده.  <br>*اعضاءالغذاء* آشامیدن آن قاطع بلغم و مسخن و مقوی معده و جگر و هاضمه و مشهی و رافع آروغ‌ ترش و ملطف اغذیه غلیظه و خلط غلیظ و مرقق خون غلیظ مبرودین و دافع جذام و ریاح و مغص <br>و با برگ غار تازه جهت تحلیل نفخ <br>و ضماد آن با سرکه جهت تحلیل ورم طحال <br>و مداومت آن مانع قولنج ریحی و بلغمی.  <br>*العین* اکتحال آن جهت رفع ظلمت بصر و جلای بیاض آن و ناخنه.  <br>*اعضاءالصدر* جهت دفع سرفه بارد رطوبی و ضیق النفس و اوجاع صدر و ربو <br>و با عسل جهت خناق بلغمی و تنقیه ریه و منع اجتماع رطوبات لزجه و بلاغم در سینه بدستور با لعوقات و حریره های مناسبه.  <br>*اعضاءالنفض* مدر بول و حیض <br>و با ادویه قابضه جهت تقطیرالبول و ادرار بول و حیض <br>و حمول آن مخرج جنین و بعد از جماع مانع حمل.  <br>*الباه* آشامیدن آن با شیر و شکر جهت تقویت باه.  <br>*الاورام و البثور و الزینه و غیرها* ضماد آن با زفت محلل خنازیر و رفع داخس و برص ناخن و جذام <br>و با حنا جهت رویانیدن ناخن زایل شده از قوبا و غیر آن با تکرار عمل و مداومت و به دستور با پیه مرغ <br>و با آرد باقلا و نخود جالی بهق <br>و با نطرون به نهایت جالی بهق و سرخ کننده رخسار <br>و با پیاز و نمک جهت رویانیدن موی در موضع داء الثعلب که به قوت تمام بمالند <br>و با محللات جهت تهبج ریحی <br>و با مرهم داخلیون جهت تحلیل اورام بلغمی.  <br>*آلات المفاصل* مسخن عصب و عضلات به حدی که معادل آن نیست دوایی. <br>*السموم* بادزهر سموم <br>و آشامیدن آب جوشانیده کوبیده آن در آن جهت دفع سمیت مارگزیده و عقرب گزیده و افیون خورده که مکرر بیاشامند و قی کنند تا اثر سمیت باقی است <br>و جهت سموم بارده مطلقا و سمیت بیش نیز مفید و تدهین به دهن آن نیز <br>و حکمای هند می گویند چون بیش را مکرر با فلفل و آب زنجبیل تازه سحق بلیغ نمایند رفع سمیت آن می شود <br>و گفته اند چون مار گزیده آن را بخاید اگر حدت آن را دریابد زهر در آن چندان اثر ننموده و اگر درنیابد زهر بسیار در آن عمل نموده و این امتحان قوی است از برای استخلاص از سم و یا تأثیر آن که تا به چه حد است.   ",زنجبیل و دارفلفل است <br>بدل سیاه آن یک و نیم وزن آن سفید,مصدع محرورین و مخشن صدر و حلق و مضر جگر حار و گرده و کسانی که خون در ابدان ایشان وفور نداشته باشد و جهت جراحت باطنی و المی که در مجاری بول داشته باشند و مجفف منی و در فصل گرما و جوانان محرورالمزاج را و امراض حاره حاده,"مصلح آن ادهان بارده <br>و در مبرودین عسل مصفی",تا یک مثقال. 
617,خردل,xærdæl,herbal,"Brown mustard; Brown mustard,  Indian mustard, Leaf mustard; Indian mustard",,,"Brassica juncea (L.) Czern. Syn: Brassica juncea Hook. f. & Thoms. , Raphanus juncea Crantz, Sinapis juncea L.
Sinapis sp. (Brassicaceae)",http://bidd.group/CMAUP/plant.php?plant=NPO29007,Unbalanced Hot And Dry Mizaj,DryFourth; HotFourth,IrGO_0003963,Attractant; Abstergent; Deoppilant; Tonic; Reinforcer of sexual appetence; Dissolver; Expellant; Alleviating; Reinforcer of food appetence; Scraping; Reviver; Heating; Powerful abstergent; Fluid expelling; Digestive; Invigorating; Adustive,IrGO_0000420; IrGO_0000436; IrGO_0000580; IrGO_0000688; IrGO_0000833; IrGO_0000468; IrGO_0000631; IrGO_0000692; IrGO_0000832; IrGO_0000573; IrGO_0000737; IrGO_0000391; IrGO_0000439; IrGO_0000477; IrGO_0000593; IrGO_0000738; IrGO_0000408,innermost body part; humor; stomach; moisture; body waste; head; ethmoid; liver; scalp hair; spleen; uterus; ear; eye; eyelid; tooth; lung; trachea; tongue; mouth; phlegm; thick humor; viscous humor; skin; sweat; penis; blood,thirst; cold disease; wind disease; pain; head disease; brain disease; cold brain disease; headache; phlegmatic Sarsam; laxity; paralysis; cold obstruction; Nazleh disease; ethmoid obstruction; cold liver dystemperament; liver pain; cold liver pain; spleen pain; Nazleh; cold Nazleh; sneezing; syncope; uterine strangulation; ear obstruction; Gheshaweh; eyelid coarseness; eye pain; eye pulsation; Ghesha; membrane; ear pain; ear pulsation; toothache; tooth pulsation; Nafez; eye disease; Tanin; Dawi; swelling; tongue swelling; tongue Theql; tongue laxity; tongue coarseness; tracheal coarseness; Kamaneh; KamantodDam; Rabv; cough; wet cough; stomach worm; phlegmatic fever; wind swelling; phlegmatic swelling; cold pain; cold wind pain; wind pain; gout; Daossalab; Jarab; ulcerous Jarab; Khanazir; firm swelling; stomach swelling; spleen swelling; vomiting; Sadar; phlegmatic Sadar; epilepsy; Qouba,IrGO_0002089; IrGO_0001076; IrGO_0001092; IrGO_0001191; IrGO_0001246; IrGO_0001248; IrGO_0001249; IrGO_0001263; IrGO_0001337; IrGO_0001491; IrGO_0001492; IrGO_0001105; IrGO_0001138; IrGO_0001458; IrGO_0002166; IrGO_0002179; IrGO_0002181; IrGO_0002288; IrGO_0001450; IrGO_0001453; IrGO_0001745; IrGO_0002003; IrGO_0002710; IrGO_0001730; IrGO_0001637; IrGO_0001688; IrGO_0001535; IrGO_0001538; IrGO_0001622; IrGO_0003564; IrGO_0001701; IrGO_0001733; IrGO_0001824; IrGO_0001838; IrGO_0003121; IrGO_0001529; IrGO_0001704; IrGO_0001705; IrGO_0001136; IrGO_0001758; IrGO_0001762; IrGO_0001769; IrGO_0001776; IrGO_0001958; IrGO_0001605; IrGO_0001606; IrGO_0001929; IrGO_0001932; IrGO_0001939; IrGO_0002157; IrGO_0002858; IrGO_0001141; IrGO_0001154; IrGO_0001193; IrGO_0001195; IrGO_0001200; IrGO_0002761; IrGO_0003048; IrGO_0002947; IrGO_0002950; IrGO_0002936; IrGO_0001143; IrGO_0002099; IrGO_0002277; IrGO_0002113; IrGO_0001350; IrGO_0001358; IrGO_0001413; IrGO_0002956,Dirham,,به فتح خا و سکون را و فتح دال مهملتین و لام به هندی رایی نامند. ,"['هندی: رایی', 'عربی: حرشا', 'ترکی: قجی', 'فارسی: اسپند', 'فارسی: سپندان', 'ترکی: ککج', 'حرف ابیض']","گیاهی است برگ آن شبیه به برگ ترب و کوچک‌تر از آن و خشن و اندک تند بوی <br>و ساق آن مربع <br>و گل آن زرد <br>و تخم آن مدور و سرخ و تند طعم و بری و بستانی می باشد <br>و برگ بستانی بزرگتر از بری <br>و نوع سفید آن را حرف ابیض و به فارسی اسپند و سپندان نامند <br>و نوع غیر تخم مدور سرخ تند طعم را به ترکی ککج گویند <br>و از مطلق آن مراد بزرگ سرخ رنگ تازه بستانی است که چون بکوبند رنگ آن زرد و با دهنیت و حدت باشد و مستعمل همین نوع است. ",در چهارم گرم و خشک. ,"جالی و جاذب اخلاط از عمق بدن <br>و محلل رطوبات دماغی و معده و سایر اعضا <br>و هاضم و مفتح سدد و مدر فضلات.  <br>*امراض الرأس و المعده و الکبد و الطحال و غیرها* جهت امراض بارده دماغیه و ریحیه مانند لیثرغس و فالج و استرخا و درد سر بارد <br>و تفتیح سده مصفات و تسکین نزلات بارده <br>و تزکیه حواس و ذکای ذهن <br>و تقویت اشتها و زیادتی آن <br>و تسکین درد جگر بارد و سپرز <br>و ضماد آن بر سر بعد از‌ تراشیدن موی آن با آهن جهت لیثرغس و نزله بارد <br>و با عسل بر پیشانی جهت صداع و سد نزلات پی در پی و تسکین وجع جگر و طحال <br>و سعوط آن مورث عطسه و جهت انتباه مصروع و صاحب غشی و اختناق رحم <br>و انکباب آن جهت تفتیح سده گوش <br>و اکتحال آن با آب و عسل جهت غشاوه و خشونت پلک چشم <br>و قطور آب مطبوخ آن با عسل در چشم جهت شبکوری و در گوش و دندان جهت تسکین ضربان و درد آن هر دو نافض <br>و چون تخم تازه آن را بکوبند و عصاره آن را گرفته خشک نمایند اکتحال آن جهت امراض عین و رفع تخیلات نافع و به دستور چون داخل ادویه عین نمایند <br>و گذاشتن فتیله آن با انجیر در گوش جهت درد آن و دوی و طنین <br>و غرغره ساییده آن با ماءالعسل جهت ورم تحت زبان و ثقل و استرخای آن و درد دندان و خشونت قصبه ریه مزمنه <br>و مضغ آن جهت اخراج بلاغم از دهان <br>و لطوخ آن جهت تسکین ضربان و درد دندان دائم بی ورم مجرب در ساعت <br>و چون با عسل و یا پیه و یا موم با آتش گداخته به زیت مخلوط نمایند و بر صورت و چشم بمالند رنگ رو را صاف کند و کمنه الدم را زایل سازد <br>و آشامیدن آن با عسل جهت ربو و سعال رطوبی و تقویت باه <br>و با پودنه و شراب جهت اختناق رحم و اخراج کرم معده <br>و آشامیدن جریش آن با آب جهت تب بلغمی و سوداوی دوری حادث از خلط غلیظ لزج <br>و ضماد آن با انجیر جهت نقرس و عرق النساء و داءالثعلب و جذب مواد به ظاهر جلد و تسکین وجع بارد ریحی و تحلیل اورام بلغمی مزمن از هر عضو که باشد <br>و با سرکه جهت جرب متقرح و قوبای مزمن و به دستور با کبریت و سکنجبین <br>و با سکنجبین و کرنب جهت تحلیل خنازیر عجیب النفع <br>و با ادویه مناسبه جهت تحلیل اورام صلبه و سوداویه و برص <br>و با روغن بر قضیب جهت نعوظ مجرب <br>و همچنین آشامیدن تخم آن نیم درم ناشتا با شراب زکی مقوی باه و منشط <br>و خوردن مخلوط آن با نان و یا شراب جهت اخراج کرم معده <br>و مخلوط کردن آن با مراهم جاذبه و جربیه نافع <br>و چون گیاه تازه آن را و یا تخم آن را با طعام بخورند طعام را هضم و معده را گرم گرداند و ورم طحال را تحلیل دهد <br>و خوردن مسلوق و برگ تازه آن و یا تخم آن با چغندر و خبازی بری پیش از قی باعث تقطیع بلغم و مهیا گردانیدن از برای دفع است و به دستور مسلوق آن با چغندر <br>و جهت صرع و سدر عارض از بلغم نافع <br>و کامخ معمول از آن حاد حریف و محرق و جالی بلغم به قوت و تسخین معده و کبد نماید باید که همیشه بیاشامند و بسیار هم و به تنهایی نیز بلکه با اغذیه غلیظ تناول نمایند <br>و دافع ضرر آن کاسنی و بادام و سرکه است <br>و صاحب اختیارات گفته که قوبایی که به هیچ چیز زایل نگردد چون بعد از حمام خردل را ساییده و قوبا را با پارچه خشنی آن مقدار بمالند که خون آلود گردد پس بر آن بمالند زرداب بسیاری از آن جاری شود و صحت یابد <br>و بخور آن باعث گریزانیدن حشرات و هوام <br>و رازی گفته ریختن آن در سوراخ مار باعث هلاک آنست.  ",دو وزن آن حب الرشاد و حرمل. ,مضر محرورین و مضر تشنگی,مصلح ان کاسنی و روغن بادام و سرکه است که باید در تداوی با نمک هندی و یلا بوره ارمنی بیاشامند,تا سه درهم است. 
1451,کندر,kondor,herbal,Birdwood,Boswellia carterii,http://bidd.group/CMAUP/plant.php?plant=NPO15315,,,Unbalanced Hot And Dry Mizaj; Unbalanced Hot And Dry Mizaj,DryMinSecond; HotMinSecond; DryFirst; HotnessDegree,IrGO_0003963; IrGO_0003963,Dissolver; Cleanser; Heating; Drying; Binder; Tonic; Reinforcer of sexual appetence; Semen producing; Anti-hairfall; Regenerator; Abstergent; Biting; Maturant; Constrictive; Attractant; Lethal toxin; Resolver of bad odor; Gravitating; Clarifier; Reinforcer of action and faculty; Reinforcer of memory; Adustive,IrGO_0000468; IrGO_0000729; IrGO_0000391; IrGO_0000402; IrGO_0000735; IrGO_0000688; IrGO_0000833; IrGO_0000907; IrGO_0000933; IrGO_0000490; IrGO_0000436; IrGO_0000460; IrGO_0000585; IrGO_0000617; IrGO_0000420; IrGO_0000449; IrGO_0000975; IrGO_0000747; IrGO_0000734; IrGO_0000765; IrGO_0000809; IrGO_0000408,bone; blood; sanguine; wind; spirit; psychic spirit; vital spirit; heart; moisture; vomer; tongue; head; tooth; gingiva; ear; phlegm; eye; cornea; frozen blood; breast; lung; trachea; stomach; anus; uterus; thick moisture; thick wind; milk; viscera; muscle; limb; semen; phlegm; blood,insanity; Jozam; flowing of blood from organ; palpitation; malodorous nasal cavity; OsreNafas; Rabv; cough; chronic cough; chronic wet cough; wet cough; amnesia; tongue Theql; head ulcer; moist head ulcer; gingival ulcer; ulcer; moist ulcer; ear Shadkh; corneal Saratan; KamantolMeddeh under the cornea; Zafareh; Dameh; eye ulcer; Bayaz; corneal Bayaz; Solaq; Saratan; Jarab; pruritus; congealed blood; malicious disease; eye disease; chronic red Zafareh; vicious eye ulcer; vicious ulcer; vicious malicious ulcer; malicious ulcer; malicious vicious ulcer; pain; ear pain; swelling; hot swelling; breast swelling; hot breast swelling; stomach weakness; vomiting; hemoptysis; Zarab; Kholfeh; dysentery; hemorrhoid; uterine hemorrhoid; uterine Nazfoddam; Zahir; phlegmatic Zahir; anal ulcer; fever; phlegmatic fever; zanan swelling; visceral swelling; Marmiqia; Khadar; Qouba; Dakhes; muscle tear; wound and ulcer; wound; vicious wound; wound Nazfoddam; fresh wound Nazfoddam; fresh ulcer; fissure of extremity; fissure due to cold; cold pain; joint pain; cold joint pain; bone pain; cold bone pain; chronic cold bone pain; hair fall; fever due to Waba,IrGO_0001400; IrGO_0003010; IrGO_0001215; IrGO_0001992; IrGO_0001743; IrGO_0001921; IrGO_0001929; IrGO_0001932; IrGO_0001935; IrGO_0001937; IrGO_0001939; IrGO_0001374; IrGO_0001762; IrGO_0001465; IrGO_0001467; IrGO_0001852; IrGO_0003134; IrGO_0003235; IrGO_0003180; IrGO_0001570; IrGO_0001577; IrGO_0001592; IrGO_0001602; IrGO_0001610; IrGO_0001615; IrGO_0001616; IrGO_0001647; IrGO_0002940; IrGO_0002947; IrGO_0002951; IrGO_0003335; IrGO_0001057; IrGO_0001529; IrGO_0001593; IrGO_0001612; IrGO_0003226; IrGO_0003227; IrGO_0003232; IrGO_0003233; IrGO_0001191; IrGO_0001701; IrGO_0001136; IrGO_0001160; IrGO_0002029; IrGO_0002030; IrGO_0002062; IrGO_0002113; IrGO_0002117; IrGO_0002149; IrGO_0002151; IrGO_0002209; IrGO_0002453; IrGO_0002689; IrGO_0002713; IrGO_0002298; IrGO_0002303; IrGO_0002477; IrGO_0002810; IrGO_0002858; IrGO_0002648; IrGO_0001232; IrGO_0001517; IrGO_0001518; IrGO_0002956; IrGO_0003066; IrGO_0003182; IrGO_0003132; IrGO_0003133; IrGO_0003148; IrGO_0003211; IrGO_0003212; IrGO_0003222; IrGO_0003007; IrGO_0003114; IrGO_0001193; IrGO_0002739; IrGO_0002746; IrGO_0002806; IrGO_0002807; IrGO_0002808; IrGO_0003046; IrGO_0002881,Dirham,کندر,به ضم کاف و سکون نون و ضم دال و رای مهملتین لغت عربی است و گویند فارسی است و به یونانی قیبوطیسرون و به سریانی لیانو و به رومی سیفروس نامند. ,"['یونانی: قیبوطیسرون', 'سریانی: لیانو', 'رومی: سیفروس']","علک و صمغ شجری است خاردار به قدر دو ذرع <br>و برگ و تخم آن شبیه به برگ و تخم مورد و مایل به تلخی <br>و منبت آن کوهستانها و بلاد شجر و عمان و یمن <br>و در سرطان صمغ آن را اخذ می نمایند و از آن آنچه مستدیرالشکل مایل به سرخی است کندر ذکر <br>و آنچه سفید سست است انثی <br>و تازه آن را که در انبانها حرکت داده مدور شده باشد مدحرج <br>و قوت آن تا بیست سال باقی می ماند <br>و بهترین آن تازه نرم خالص ذکر آنست که ظاهر آن سفید و زود شکسته نشود و چون شکسته شود داخل آن چسبنده و زرد و طلایی باشد و علامت خالص آنست که زود با آتش مشتعل گردد <br>به خلاف مغشوش آن زیرا که آن را مغشوش به صمغ عربی و صمغ صنوبر می نمایند و صمغ عربی مشتعل نمی گردد و صمغ صنوبر دود می کند <br>و نیز رایحه اصلی آن شبیه به رایحه مصطکی است <br>و گفته اند در بعضی بلاد هند نیز به هم می رسد و رنگ آن اندک یاقوتی و به رنگ بادنجان است. ",گرم و خشک در اول دوم و گفته اند خشک در اول,"با قوت مجففه و قابضه و منضجه و جالیه کمی و بی لذع و حابس خون <br>و اکثار آن محرق دم.  <br>*اعضاءالرأس و الصدر* منقی روح حیوانی و دماغی و محلل ریاح <br>و حابس سیلان خون ظاهر اعضا و حجب دماغی و نفث الدم <br>و مقوی دل و قوت حافظه <br>و جالب و مجفف رطوبات دماغی خصوصا با مصطکی <br>و صاف کننده آواز و رافع خفقان <br>و با صمغ عربی رافع بدبویی خیشوم و عسرالنفس و سرفه مزمن رطوبی و ربو <br>و با عسل جهت نسیان <br>و با مویزج و صعتر جهت ثقل زبان شربا و مضغا <br>و ضماد آن با نطرون و عسل جهت قروح رطبه سر و گرفتگی آن و تقویت دندان و لثه <br>و با زفت جهت شدخ عارض در گوش <br>و چون یک مثقال آن را در آب بخیسانند و بیاشامند از آن آب هر روز صبح ناشتا جهت رفع زیادتی بلغم و بلادت و نسیان مجرب <br>و اکتحال آن جهت جلای بصر و قرحه چشم و پر کننده آن و تحلیل خون منجمد در آن و مده تحت قرنیه و ظفره و سرطان و دمعه و سلاق و بیاض و جرب و حکه و ظلمت آن خصوصا با عسل <br>و ذرور آن جهت قروح خبیثه ردیه آن و بالجمله از اکبر ادویه امراض عین است خصوص ظفره سرخ مزمن <br>و قطور آن با خمر حلو جهت درد گوش <br>و ضماد آن با قیمولیا و روغن گل جهت اورام حاره پستان <br>و داخل ادویه مشروبه قصبه ریه کرده می شود.  <br>*اعضاءالغذاء* آشامیدن آن با شکر جهت ضعف معده و تحلیل ریاح غلیظه و تجفیف رطوبات و تسخین و استمساک آن و جودت هضم و حبس قی و خلفه و ذرب و ذوسنطاریا و نزف الدم مقعده و بواسیر و رحم <br>و آشامیدن نیم درم آن با وزن آن نانخواه جهت زحیر بلغمی نافع <br>و برداشتن فتیله سرشته آن با شیر در مقعده مانع انتشار قرحه آن.  <br>*الحمیات* جهت حمیات بلغمیه.  <br>*الاورام و البثور* ضماد آن با طین قیمولیا و روغن گل جهت ورم کرم پستان زنان خصوصا در هنگام نفاس <br>و داخل ادویه اضمده محلله اورام احشا کرده می شود <br>و با سرکه و زفت جهت وجعی که به یونانی مرمیقیا نامند از آن احساس به رفتن مورچه است بر بدن و از مقدمات خدر است <br>و جهت قلع قوبا و ثوالیلی که آن را نیز به یونانی مرمیقیا نامند و آن احساس به رفتار مورچه است بر عضو <br>و با عسل جهت داخس <br>و با زفت جهت شکاف عضل.  <br>*القروح و الجروح* جهت چسبیدن و اندمال جراحات عمیقه خصوصا جراحات تازه و قاطع نزف الدم آن و انتشار قروح خبیثه <br>و با پیه بط جهت قوبا <br>و با پیه خنزیر و یا پیه بط جهت قروح با آتش سوخته و قروح اطراف و شقاق عارض از سرما.  <br>*اوجاع المفاصل* با روغن زیتون و عسل جهت اوجاع مفاصل و اوجاع بارده استخوان که مزمن شده باشد <br>و با روغن کنجد جهت تحلیل صلابات.  <br>*الباه* آشامیدن آن با زرده تخم مرغ نیم برشت و جهت تقویت باه و تولید منی خصوصا با جوز بوا و بسباسه.  <br>*الزینه* با روغن مورد مانع ریختن موی است.  <br>تدهین بدان رافع وبا <br>و جوارش و دخان و سفوف و معجون آن در قرابادین کبیر مذکور شد. ",مصطکی و قشار و آن,"اکثار آن محرق خون و بلغم <br>و مصدع محرورین و مورث جنون و جذام و بهق سیاه، <br>مقدار زیاده آن شراب و سرکه کشنده. ",مصلح آن برنج فارسی و شکر. ,نیم درم. 
1570,مر,mor,herbal,"Myrrh, Myrrh Gum",Commiphora myrrha,http://bidd.group/CMAUP/plant.php?plant=NPO7730,,,Unbalanced Hot And Dry Mizaj; Unbalanced Hot And Dry Mizaj; Unbalanced Hot And Dry Mizaj,DryMaxSecond; HotMaxThird; DryMaxThird; HotMaxThird; DrySecond; HotSecond,IrGO_0003963; IrGO_0003963; IrGO_0003963,Cleanser; Dissolver; Fluid expelling; Diuretic; Emmenagogue; Deoppilant; Expellant; Fetus expellant; Desiccant; Softening; Drying; Regenerator; Flesh germinator; Conservative; Tonic; Reinforcer of memory; Anti-hairfall; Drying with no acridity; Abstergent; Abstergent with no acridity; Purgative; Massive purgative; Maturant; Constrictive; Lenient constrictive; Conglutinator; Alleviating; Thinning; Binder; Attractant; Lethal toxin; Resolver of bad odor; Germinator of flesh on bone; Sedative; Extruding; Abortifacient; Fast-acting abortifacient; Drug conservative; Toxin counteractant; Acutening of the sense of vision,IrGO_0000729; IrGO_0000468; IrGO_0000477; IrGO_0000483; IrGO_0000486; IrGO_0000580; IrGO_0000631; IrGO_0000647; IrGO_0000686; IrGO_0000752; IrGO_0000402; IrGO_0000490; IrGO_0000954; IrGO_0000675; IrGO_0000688; IrGO_0000809; IrGO_0000933; IrGO_0000406; IrGO_0000436; IrGO_0000440; IrGO_0000521; IrGO_0000531; IrGO_0000585; IrGO_0000617; IrGO_0000620; IrGO_0000761; IrGO_0000692; IrGO_0000492; IrGO_0000735; IrGO_0000420; IrGO_0000449; IrGO_0000975; IrGO_0000955; IrGO_0000589; IrGO_0000661; IrGO_0000663; IrGO_0000665; IrGO_0000991; IrGO_0000413; IrGO_0000783,bone; wind; humor; moisture; brain; nose; head; nostril; ear; slough; mouth; gingiva; tooth; tooth root; blood; throat; eye; eyelid; milk; flank; body interior; stomach; intestine; spleen; kidney; bladder; uterus; phlegm; urine; menstruation; frozen blood; flesh; nerve; skin; thigh; sweat; muscle; body waste; bladder,headache; Sadar; swelling; cold swelling; Nazleh disease; malodorous nose; pain; chronic Nazleh; head ulcer; ulcer; moist head ulcer; moist ulcer; rash; purulent ear discharge; mouth ulcer; infected mouth ulcer; Damieh gingiva; gingival ulcer; infected ulcer; halitosis; blood flow from the tooth root; throat coarseness; amaurosis; eye ulcer; Bayaz; NozoulolMa; eyelid coarseness; skin scar; massive scar; beginning of NozoulolMa; Beizi headache; Ramad; thin Bayaz; impaired vision; Solaq; Dameh; Jarab; Shayireh; Shayireh of the eye; Kamaneh; KamantodDam; eye disease; gynecological disease; wet disease; chest disease; OsreNafas; Rabv; cough; chronic cough; chronic wet cough; wet cough; chest pain; flank pain; wind swelling; phlegmatic swelling; stomach flatulence; stomach laxity; spleen swelling; phlegmatic spleen swelling; Maghs; wind Maghs; phlegmatic Maghs; intestinal swellingdue to abrasion; intestinal abrasion and ulcer; intestinal abrasion; phlegmatic abrasion; intestinal ulcer; phlegmatic intestinal ulcer; diarrhea; bloody diarrhea; intestinal worm; tapeworm; kidney pain; bladder pain; uterine disease; uterine ulcer; uterine Nafkheh; skin abrasion; congealed blood; uterine firmness; Zahir; wet Zahir; malodorous uterus; hernia; testicular swelling; uterine Nazfoddam; fever; Nafez; poisoning; cold toxin poisoning; insect sting; Khanazir; wound; Qouba; ulcerous Jarab; pruritus; hair fall; skin bruise; Kalaf; aphtha; Tholoul; malodorous axilla; So'feh; joint pain; gout pain; gout; muscle swelling; muscle Shadkh; bone fracture; Tokhameh; burn disease; fire burn; epistaxis,IrGO_0001263; IrGO_0001350; IrGO_0001136; IrGO_0001139; IrGO_0001138; IrGO_0001742; IrGO_0001191; IrGO_0001451; IrGO_0001465; IrGO_0003134; IrGO_0001467; IrGO_0003235; IrGO_0001135; IrGO_0001720; IrGO_0001800; IrGO_0001802; IrGO_0001851; IrGO_0001852; IrGO_0003247; IrGO_0001797; IrGO_0001848; IrGO_0001886; IrGO_0001609; IrGO_0001610; IrGO_0001615; IrGO_0001631; IrGO_0001688; IrGO_0002996; IrGO_0003003; IrGO_0001632; IrGO_0001307; IrGO_0001583; IrGO_0001617; IrGO_0001634; IrGO_0001647; IrGO_0001602; IrGO_0002947; IrGO_0001047; IrGO_0001648; IrGO_0001605; IrGO_0001606; IrGO_0001529; IrGO_0002644; IrGO_0001091; IrGO_0001903; IrGO_0001921; IrGO_0001929; IrGO_0001932; IrGO_0001935; IrGO_0001937; IrGO_0001939; IrGO_0001961; IrGO_0002782; IrGO_0001141; IrGO_0001154; IrGO_0002126; IrGO_0002142; IrGO_0002277; IrGO_0002280; IrGO_0002313; IrGO_0002316; IrGO_0002320; IrGO_0002332; IrGO_0002333; IrGO_0002334; IrGO_0002341; IrGO_0002346; IrGO_0002354; IrGO_0002359; IrGO_0002409; IrGO_0002445; IrGO_0002449; IrGO_0002543; IrGO_0002558; IrGO_0002645; IrGO_0002680; IrGO_0002712; IrGO_0002994; IrGO_0003335; IrGO_0002656; IrGO_0002298; IrGO_0002302; IrGO_0002719; IrGO_0002502; IrGO_0002614; IrGO_0002713; IrGO_0002810; IrGO_0003121; IrGO_0003272; IrGO_0003273; IrGO_0003338; IrGO_0002936; IrGO_0003133; IrGO_0002956; IrGO_0002950; IrGO_0002951; IrGO_0003046; IrGO_0003008; IrGO_0003016; IrGO_0001784; IrGO_0002964; IrGO_0003091; IrGO_0002943; IrGO_0002739; IrGO_0002751; IrGO_0002761; IrGO_0003123; IrGO_0003181; IrGO_0003194; IrGO_0002065; IrGO_0003102; IrGO_0003103; IrGO_0001741,Baghla; Dirham,مر,به ضم میم و تشدید را و به فتح میم نیز آمده لغت عربی است و به رومی اعروعولیطوس و به سریانی مراد کبا و به یونانی سمرنا و به هندی بول به ضم بای موحده و سکون واو و لام نامند. ,"['رومی: اعروعولیطوس', 'سریانی: مراد کبا', 'یونانی: سمرنا', 'هندی: بول']","صمغ و یا لبن درختی است که در بلاد مغرب و روم و جزیره سقوطره می شود <br>و بسیار بلند و رعنا و نرم و گره دار <br>و گره های آن مانند بندهای نی و جوف آن مصمت یعنی میان آن پر می باشد و از آن نیزه می سازند مشهور به نیزه نی است <br>و جمیع اجزای آن تلخ و نزد بعضی مران و مالیا یکی است و این قول اقرب به صواب است چه در افعال قریب به هم اند و نزد بعضی مران قرانیا است و این اصلی ندارد چه مران را برگ شبیه به برگ توت است و برگ قرانیا شبیه به برگ‌ ترنج و از آن کوچکتر و درخت آن بسیار بلند نمی شود و ثمر قرانیا لذیذ و ثمر مران شبیه بدان ولیکن با عفوصت بسیار و غیر لذیذ و درخت آن خاردار شبیه به قرط <br>و صمغ آن به چند نوع حاصل می گردد و آنچه از تنه درخت آن به تیغ زدن و فرش نمودن بوریایی و ظرفی در زیر آن در آن جمع گردد و انجماد یابد حاصل گردد بهترین انواع است و این قبل از انجماد سفید رنگ و بعد از آن رنگیین می باشد و این را مرصاف نامند <br>و مختار و بهترین همه مر صافی خالص از چوب و سنگریزه و سبک وزن و زود شکن و خوشبوی بسیار تلخ با بشاعت آنست که ظاهر آن مایل به سفیدی و سرخی و باطن آن از شکستن سفید و بعد از شستن سفید شبیه به ناخن چیده باشد <br>و آنچه به اوصاف مذکوره نباشد زبون و غیر مستعمل و آن را مغشوش به صمغ عربی می نمایند و به جوشانیدن در آب مر اهلی <br>و بعضی یتوع سمی قاتل که آن را فاسیس نامند و در لون شبیه بدان است اما با حدت و کراهیت رایحه و زهومت است غش می نمایند. ","در آخر سوم گرم و در آخر دوم خشک <br>و در آخر سوم (گرم و خشک) نیز گفته اند <br>و در دوم گرم و خشک دانسته اند. ","جالی و مجفف و قابض بی لذع و مفتح و منضج و مسهل و ملین و ملزق و محلل ریاح و اورام بارده بلغمیه و از جمله ادویه جلیله و عظیم النفع است <br>و داخل‌ تراکیب کبار کرده می شود و حافظ و مانع تعفن اخلاط است و لهذا حکمای سلف بر اجساد اموات برای تجفیف و نشف رطوبات و حفظ آنها از تعفن و فساد و تغیر با بعض ادویه مناسبه می مالیده اند <br>و گفته اند آنچه از اقلیطا می آورند قوت تجفیف و انضاج و تلیین آن زیاده از غیر آنست.  <br>*اعضاءالرأس* سعوط مقدار یک دانگ آن منقی دماغ <br>و با آب مرزنجوش جهت منع نزلات <br>و با آب نعناع جهت بدبویی بینی ولیکن باید گرم نموده باشند <br>و نطول محلول آن در سرکه که غلیظ باشد بر سر جهت وجع صدغین و صداعی که سبب آن معلوم نباشد <br>و با آب مرزنجوش بر منخرین با پر مرغی حابس نزلات مزمنه <br>و ذرور آن مجفف قروح سر و اکثر قروح سایر اعضا <br>و ضماد آن با زیره کرمانی به روغن گاو سرشته جهت تجفیف و التیام قروح رطبه سر <br>و به دستور ضماد آن با کندر جهت انواع قروح و بثور سر مجرب و سریع الاثر.  <br>گذاشتن فتیله آلوده بدان و افیون و مامیثا و جند بیدستر مخلوط درهم در گوش جهت تنقیه چرک و ریم و تجفیف قروح و التیام آنها و تسکین اوجاع و تحلیل اورام و ریاح آن نافع <br>و مضمضه محلول آن در آب شب محلول در خل عنصل و یا سرکه ممزوج به آب مطبوخ در آن بیخ هلیون و قلیلی زنجار جهت رفع قروح متعفنه دهان و لثه دامیه <br>و با سرکه عنصل هر روز جهت قطع خون بن دندان و باعث نیکویی نکهت یعنی خوشبویی دهان و رفع بدبویی آن <br>و به دستور نگاهداشتن آن در دهان و فرو بردن آن رافع خشونت حلق و تصفیه آواز <br>و اکتحال و طلای آن جالی آثار عظیمه و بیاض و ظلمت بصر و خشونت اجفان و قطع چرک و پر کننده قروح چشم بی لذع و حابس و محلل آب نازل در چشم در ابتدا اگر رقیق باشد <br>و نیز اکتحال حل نموده آن در آبی که در آن عروق زعفران و زردچوبه جوش داده باشند و یا در آب اسل یا فودنج نهری جهت حدت بصر و ابتدای نزول آب و شیخ الرئیس نوشته مغشوش یتوعی آن درین امر بهتر از غیر آنست.  <br>با شیر زنان و یا سفیده بیضه جهت رمد و بیاض رقیق <br>و با آب شقایق النعمان و با فلفل جهت جلای بیاض و ضعف بصر <br>و با عسل جهت سلاق <br>و با آب حلبه و گلاب جهت قرحه <br>و با آب مورد جهت دمعه و جرب <br>و با عصیر عوسج و یا شقایق النعمان نیز جهت جلای بیاض به قوت <br>و با گلاب جهت شعیره <br>و با آب‌ ترب جهت کمنه الدم تحت العین <br>و بالجمله باید که هرگاه اراده استعمال آن نمایند در امراض عین خصوصا رمد با شیر زنان و یا شیر الاغ و یا سفیده بیضه مرغ به کار برند.  <br>*اعضاءالصدر*آشامیدن آن با اشیای مناسبه جهت امراض سینه و سرفه مزمن رطوبی و ربو و عسرالنفس الانتصاب و درد پهلو و سینه مفید.  <br>*اعضاءالغذاء و النفض* آشامیدن صافی خالص آن جهت استرخای معده و نشف رطوبات آن و تنقیه اعضای باطنی و تحلیل نفخ و ریاح و خون منجمد در رحم و تلیین بطن و اسهال ماءاصفر و بلغم و قروح امعا و سحج و مغص ریحی و بلغمی و ورم طحال و اخراج دیدان و حب القرع و جنین و ادرار بول و حیض موقوف شده و وجع گرده و مثانه و تلیین صلابت آن و تفتیح و انضمام فم آن خصوصا با آب سداب و یا افسنتین و یا آب‌ ترمس و یا راسن جهت امراض رحم و امعای مذکوره <br>و به دستور احتقان بدان با میاه مذکوره و با آب حلبه جهت صلابت رحم <br>و با آب نعناع جهت بدبویی دهن <br>و به دستور جلوس در آن و حمول آن در قبل با شراب مسقط جنین به سرعت <br>و در دبر با کندر و زعفران و افیون جهت زحیر رطوبی <br>و حمول مسحق سرشته آن با آب برگ مورد جهت رفع بدبویی رحم <br>و چون با زیت فلسطین که زیت رکابی نامند حل نمایند و بر ابهام پای راست بمالند مادام که آلوده باشد از جماع فتور نیابند <br>و ضماد آن با ادویه مناسبه جهت فتق <br>و با سرکه و آب چغندر جهت ادره و فتق و ورم طحال <br>و آشامیدن نیم درم آن با بیضه نیم برشت حابس نزف الدم رحم.  <br>*الحمی* آشامیدن مقدار یک باقلا با فلفل قبل از نافض حمیات به دو ساعت مانع نفض.  <br>*السموم* آشامیدن با شراب جهت سموم بارده و طلای آن جهت نهش هوام.  <br>*الاورام و البثور* طلای آن جهت تحلیل اورام بلغمیه و خنازیر خصوصا با آب‌ ترب.  <br>*الجروح و القروح* ضماد و طلای آن منقی و مدمل قروح متعفنه و رویاننده گوشت صالح بر استخوان و مجفف قروح و جروح و مانع تعفن آنها <br>و با گوشت حیوان صدف جهت قطع گوشت مرده قروح و جروح اعصاب و غضاریف و رویانیدن گوشت بر استخوان عاری از گوشت شده <br>و با سرکه جهت قوبا <br>و با روغن گل جهت جرب متقرح و حکه <br>و ذرور آن مجفف قروح و مانع تعفن خصوصا که اولا عضو را با آب بارتنگ بشویند و بعد از آن بر آن بپاشند.  <br>*الزینه* ضماد آن با شراب و لادن و روغن مورد مانع ریختن موی و حفظ آن از افتادن و تقویت و انبوهی آن <br>و با آب‌ ترب جهت بهق و کلف و خون منجمد تحت جلد <br>و با سلیخه و پیاز عنصل و عسل جهت قلاع و ثوالیل و کلف <br>و طلای آن با شب یمانی جهت رفع بدبویی زیر بغل و کش ران <br>و با آب اترج جهت سعفه و جرب.  <br>*آلات المفاصل* آشامیدن و ضماد کردن آن جهت اوجاع مفاصل و عرق النساء و نقرس <br>و ضماد آن با آب گشنیز و یا آب کرفس تازه و با زیت و سرکه جهت شدخ عضل و تحلیل ورم و تسکین درد آن <br>و به تنهایی و یا با ادویه مناسبه جهت کسر عظام مؤثر.  <br><br>و برگ آن مقوی معده و محلل ریاح و مدر فضلات <br>و دافع سموم افعی و سایر هوام <br><br>و ثمر آن مانع تخمه و کماد <br>و ذرور سوخته آن رافع سوختگی آتش <br><br>و طلای پوست سوخته آن با آب رافع جرب متقرح <br>و سعوط سایر اجزای آن قاطع رعاف <br>و فرزجه آن حابس حیض <br>و ضماد سوخته آن با سوخته پرسیاوشان جهت دراز کردن موی <br><br>و آشامیدن نشاره چوب آن به قدر دو درم کشنده و مالیا را نیز همین اثر است. <br><br>و دخان آن که مانند دخان کندر به عمل آورند و در سایر افعال مانند مر و الطف و قوت تجفیف آن زیاده است","صمغ بادام تلخ <br>و نزد جالینوس قصب الذریره و قسط تلخ به وزن آن <br>و نزد بعضی مومیایی و جند و فلفل <br>هر یک از اینها به حسب مناسب و مراعات امراض","مضر محرورین <br>و بوییدن آن منوم و باعث سدر و صداع خصوص کسانی را که عادی به عروض صداع باشند <br>و مضر مثانه",مصلح آن عسل,از یک باقلا تا نیم درهم. 
1026,صبر,sæber,herbal,"Aloe; Windhoek aloe, Mountain aloe","Aloe barbadensis, A. littoralis",,,,Unbalanced MorakkabAlGhovaa Mizaj; Unbalanced Hot And Dry Mizaj; Unbalanced Hot And Dry Mizaj,DrySecond; HotSecond; DryThird; HotSecond; DryFirst; HotSecond,IrGO_0003974; IrGO_0003963; IrGO_0003963,Tonic; Reinforcer of vision; Laxating; Deoppilant; Dissolver; Purgative from the stomach; Cleanser; Drug corrigent; Corrigent of purgative drug; Corrigent of food; Expellant; Extruding; Germinator of black hair; Germinator of scalp hair; Heating; Drying; Alleviating; Healing; Attractant; Purgative; Purgative from distant body part; Constrictive; Rinsing; Conservative; Drug conservative; Weak purgative; Powerful purgative; Reinforcer of action and faculty; Sense reinforcer; Regenerator; Drying with no acridity; Sedative,IrGO_0000688; IrGO_0000796; IrGO_0000491; IrGO_0000580; IrGO_0000468; IrGO_0000542; IrGO_0000729; IrGO_0000597; IrGO_0000602; IrGO_0000609; IrGO_0000631; IrGO_0000661; IrGO_0000938; IrGO_0000941; IrGO_0000391; IrGO_0000402; IrGO_0000692; IrGO_0000739; IrGO_0000420; IrGO_0000521; IrGO_0000536; IrGO_0000617; IrGO_0000447; IrGO_0000675; IrGO_0000991; IrGO_0000530; IrGO_0000532; IrGO_0000765; IrGO_0000793; IrGO_0000490; IrGO_0000406; IrGO_0000589,bone; viscera; liver; wind; stomach; head; humor; distant body part; black bile; phlegm; thick phlegm; thin phlegm; body waste; sweat; yellow bile; brain; intestine; spleen; kidney; uvula; yellow bile mixed with phlegm; milk; eye; eyelid; sanguine; moisture; nose; ear; scalp hair; skin; back; blood; mouth; tongue; gingiva; nostril; muscle; anus; slough; penis; vulvae; umbilicus; thigh; stomach; intestine; anus; orae; vessel orae; liver; mesenteric vein; yellow bile; blood,diarrhea; bloody diarrhea; stomach weakness; liver weakness; skin abrasion; hemorrhoid; hemorrhoid blood; visceral obstruction; stomach weakness; liver obstruction; jaundice; diarrhea; shared disease; brain disease; melancholia; stomach disease; anal ulcer; penile ulcer; ulcer; Nasour; hard-to-heal ulcer; recessed ulcer; pain; stomach pain; Rabv; black biliary disease; thirst; stomach worm; spleen disease; intestinal disease; intestinal worm; kidney disease; eye ulcer; Solaq; flow of blood to eye; eyelid Jarab; eyelid pruritus; Jarab; pruritus; eye pain; headache; yellow biliary headache; Nazleh disease; head ulcer; moist head ulcer; moist ulcer; pediatric ulcer; pediatric head ulcer; pediatric moist head ulcer; pediatric moist ulcer; nasal ulcer; nasal wound; wound; flesh wound; Qaml; baldness; swelling; cold swelling; cold pain; cold headache; hemorrhoid; back pain; joint pain; Namleh; skin scar; bruise scar; Dakhes; fall injury; blow injury; vicious ulcer; refractory swelling; tongue swelling; mouth ulcer; mouth swelling; gingival swelling; gingival ulcer; organ contusion; Homreh; Shera; hemorrhoid blood; anal disease; So'feh; Hozaz; Daossalab; vulvar ulcer; Akeleh; abdominal pain; Hasr; eye disease; shared disease,IrGO_0002359; IrGO_0002409; IrGO_0002062; IrGO_0002169; IrGO_0002994; IrGO_0002453; IrGO_0002468; IrGO_0001237; IrGO_0002062; IrGO_0002176; IrGO_0002237; IrGO_0002359; IrGO_0001130; IrGO_0001248; IrGO_0001391; IrGO_0002038; IrGO_0002477; IrGO_0002629; IrGO_0003134; IrGO_0003206; IrGO_0003245; IrGO_0003256; IrGO_0001191; IrGO_0002053; IrGO_0001929; IrGO_0001093; IrGO_0002089; IrGO_0002157; IrGO_0002267; IrGO_0002292; IrGO_0002445; IrGO_0002515; IrGO_0001610; IrGO_0001647; IrGO_0001662; IrGO_0001672; IrGO_0001674; IrGO_0002947; IrGO_0002951; IrGO_0001535; IrGO_0001263; IrGO_0001277; IrGO_0001138; IrGO_0001465; IrGO_0001467; IrGO_0003235; IrGO_0003501; IrGO_0003502; IrGO_0003503; IrGO_0003505; IrGO_0001740; IrGO_0001752; IrGO_0003133; IrGO_0003162; IrGO_0003055; IrGO_0003064; IrGO_0001136; IrGO_0001139; IrGO_0001193; IrGO_0001270; IrGO_0002453; IrGO_0002733; IrGO_0002739; IrGO_0002906; IrGO_0002996; IrGO_0003005; IrGO_0003066; IrGO_0003179; IrGO_0003184; IrGO_0003226; IrGO_0001179; IrGO_0001758; IrGO_0001800; IrGO_0001806; IrGO_0001850; IrGO_0001852; IrGO_0003196; IrGO_0001163; IrGO_0002912; IrGO_0002468; IrGO_0002451; IrGO_0002943; IrGO_0003043; IrGO_0003048; IrGO_0002682; IrGO_0002902; IrGO_0002328; IrGO_0002440; IrGO_0001529; IrGO_0001130,Dirham; Miskal; Maund,صبر,به کسر صاد و سکون با و رای مهمله و به فتح اول و کسردوم نیز آمده و آن را صبارا نیز نامند لغت عربی است و به سریانی علوی و به یونانی فیقرا و الیا و به رومی نیز الیا و به هندی ایلیا و الوا و ایلوا و یول سیاه و در بنگاله مصبر نیز نامند و درخت آن را اهل شام و نواح آن صبارا و به هندی کهیکوار نامند. ,"['بنگالی: مصبر', 'سریانی: علوی', 'یونانی: فیقرا', 'یونانی: ایلیا', 'رومی: ایلیا', 'شامی: صبارا', 'هندی: ایلیا', 'هندی: الوا', 'هندی: ایلوا', 'هندی: یول سیاه', 'هندی: کهیکوار']","عصاره و بعضی گفته اند صمغ درختی است به بلندی یک قامت و در بعضی بلاد کوتاه‌تر و در بعضی بلندتر می شود و از بیخ آن برگ های بلند ده عدد و زیاده نیز می روید شبیه به برگ عنصل و از آن بسیار بلندتر تا به دو ذرع و اندک عریض‌تر و طرف پایین برگ آن عریض‌تر و ضخیم‌تر از طرف بالای آن <br>و سر آن باریک و بر اطراف برگ آن خارهای صلب کوتاه و دور از هم و جوف آن متخلخل و مملو از رطوبت غلیظ لزج بسیار تلخی که صبر از آن به عمل می آید یعنی عصاره آنست که خیکچه ها می کنند و یا در ظرفهای گشاده خشک می نمایند <br>و چون برگ های آن بلند شود و کهنه گردد از بیخ آن و وسط برگ ها شاخی می روید قریب به ذرعی پر از رطوبت عسلی با اندک حلاوتی و حدتی و کریه الرایحه <br>و بر سر آن ثمری شبیه به غوره خرما و در آخر سرخ می گردد <br>و بیخ آن به قدر شلغم بزرگی و نر و ماده می باشد <br>علامت نر آن آنست که دو طرف ثمر آن باریک و ماده آن را متساوی <br>و جمیع اجزای درخت آن تلخ است خصوصا رطوبت آن که ذکر یافت <br>و گفته اند صبر سه قسم می باشد یکی عربی که از جزیره سقوطره که بر دهنه دریای قلزم و سرحد حبشه و یمن واقع است و در آن جزیره کندر و مقل و دم الاخوین نیز بسیار به هم می رسد <br>و صبر آنجا زرد و زعفرانی تیره سرخ رنگ اشقر صاف براق چسبنده صلب کبدی شکل زودشکن می باشد و اجزای آن در حین شکستن ریزه ریزه می شود و بهترین آن و مستعمل از داخل <br>و ادویه عین و خالص از رمل و سنگریزه خوشبوی آن است که با حدت و لذع باشد و بوی مر از آن آید چون نفس گرم بدان رسد <br> و قوت صبر تا چهار سال باقی می ماند یعنی کمتر از چهار ساله آن قوی العمل <br>و از چهار سال گذشته تا هفت ساله آن بسیار ضعیف العمل و غیرمستعمل <br>و باید که مبالغه در ساییدن آن نمایند تا به خمل معده بچسبد و خوب عمل نماید <br>و صبر را مغشوش با اقاقیا و صمغ عربی و امثال اینها می نمایند و فرق به رایحه و طعم و صلابت آنست که اهل خبرت می شناسند. ",در دوم گرم و خشک و بعضی در سوم خشک و بعضی در اول خشک گفته اند و قول اول اصح می نماید و تلخی طعم و قبض آن دلالت بر مرکب القوی بودن آن دارد و این اقوی است. ,"مفتح سدد کبد و غیر آن و محلل ریاح احشا <br>و مسهل قوی هر خلط مهیای مجتمع در معده و سر و مفاصل و غیرها و ضعیف الاثر در غیر آن <br>و جاذب از اقاصی بدن و منقی معده و عروق از اوساخ و مسهل و مخرج سودا و بلغم غلیظ و مائی و صفرایی <br>و زایل کننده یرقان به قوت اسهال و تفتیح سده کبد <br>و بهترین دوایی است برای معده و منقی و مقوی آن است <br>و مقوی قوت باصره و سایر حواس <br>و دافع مالیخولیا و حدیث نفس و اکثر امراض دماغی حادث به مشارکت معده زیرا که معده را با آنها کمال شرکت است <br>و منوم و مجفف بی لذع خصوص مغسول آن <br>و ملصق نواصیر غائره و مدمل قروح عسره الاندمال خصوص که در دبر و مذاکیر باشد و مانع خباثت مواد آنها است <br>و اگر بیش از برآمدن عرق بدنی یعنی اول هنگام ظهور علامات آن سه روز پی هم بدین ترتیب بخورند که روز اول نیم درهم و روز دوم یک درهم و روز سوم یک درهم و نیم و قدری بر آن موضع گذارند ماده آن را به تحلیل برد و باطل سازد و آشامیدن یک مثقال و نیم آن با آب نیم گرم اسهال معده نماید به قوت و تنقیه آن کند از فضول <br>و با ماءالعسل اسهال بلغم و صفرا نماید <br>و گاه است که چون صبح و شام چند حبه از آن با مصلحات آن و راتینج و عسل کف گرفته به قوام آورده سرشته فرو برند با آب گرم اسهال بطن نماید و فاسد نگرداند طعام را در معده و اوجاع معده را در یک روز زایل گرداند <br>و با مصطکی منقی دماغ <br>و با غاریقون جهت مفاصل و ربو و تنقیه سینه <br>و یک درم آن با آب سرد جهت نفث الدم و یرقان <br>و با گل سرخ و مصطکی جهت امراض معده <br>و با ادویه مناسبه جهت جمیع امراض سوداویه و اخراج اقسام کرم معده و امعا و امراض طحال و گرده و رفع تشنگی حادث از صفرای مخلوط به بلغم و اعاده کردن شهوت طعام باطل شده و اصلاح و التهاب حادث در لهات از حرارت صفرای کائن در معده و یا ادویه مسهله و رفع ضرر آنها از معده <br>چون به اطفال شیرخواره با ادویه مناسبه بخورانند کرم شکم ایشان را دفع نماید و اگر به طفل بخورانند و به مرضعه او بخورانند نیز همان اثر دارد به اعتبار تأثیر در شیر او <br>و در طب قدیم است که چون مسهل سودا است اگر سه روز پی هم هر روز مقدار یک مثقال آن را بخورند و سه روز ترک نمایند و باز سه روز بخورند و همچنین عقده ها و گره های مزمنه قدیمه را به تحلیل برد.  <br>آشامیدن و اکتحال آن مقوی باصره و سلاق و حکه و جرب و غلظ اجفان و پر کننده قروح غائره چشم و چاق کننده آن و قاطع دم منبعث به سوی آن <br>و طلای آن با روغن گل جهت قروح چشم و جرب و اوجاع آن که از جانب موافق باشد و تجفیف رطوبات آن <br>و بر پیشانی و صدغین جهت تنقیه فضول صفراوی از دماغ و تسکین صداع <br>و با نمک و نطرون بر پیش سر جهت منع نزلات بارده و تسخین دماغ و مجفف رطوبات آن <br>و با آب برگ بارتنگ و با سرکه جهت قروح رطبه سر اطفال و با اقاقیا جهت استحکام شئون سر ایشان <br>و با آب برگ بارتنگ جهت قروح بینی و گوش <br>و با روغن کدوی شیرین جهت جراحت بینی <br>و با مورد و شراب جهت سیاه کردن موی سر و ریش و دفع قمل و رویانیدن موی که از کچلی ریخته باشد <br>و با عسل جهت ضربه و سقطه که خون در آن مرده بنفش شده باشد و رفع آثار جلد و نزلات و صداع و تحلیل اورام بارده و نمله و باد سرخ و داخس و قروح خبیثه و اوجاع ظهر و مفاصل و بواسیر <br>و به دستور با شراب و عسل جهت کوفتگی اعضا و عضلات دو طرف زبان و لثه و اورام دهان و منخرین و قروح عسره الاندمال خصوصا که بر انف و مذاکیر و دبر باشد <br>و با آب گشنیز تازه و سرکه جهت حمره و شری <br>و با شراب حلو جهت دانه های بواسیر و برآمدگی و آویختگی دانه های آن و قطع آمدن خون از آنها و شقاق مقعده <br>و با آب گندنا جهت اسقاط دانه بواسیر اما باید که بعد از اسقاط سرب را با روغن گل ساییده بر آن موضع بمالند <br>و مطبوخ آن با آب گندنا و سلخ الحیه جهت سقوط دانه بواسیر و امراض مقعده با تکرار عمل بی نظیر <br>و طلای آن به تنهایی و یا با ادویه مناسبه بر بدن موتی حافظ اجساد آنها از تعفن و زود از هم پاشیدن <br>و ضماد محلول آن در وسخ صوف که از طبخ برآورده باشند بر اعضا جهت تسکین وجع حادث از رض و فسخ <br>و غسول آن با سرکه جهت حزاز و سعفه و داءالثعلب <br>و بخور آن و گرفتن دخان آن با انبوبه و با قمعی جهت ربو با مداومت بر آن بهترین دوایی است <br>و تحقین بدان جهت بواسیر نافع و ذرور آن مجفف زخمها و التیام دهنده آنها <br>و جهت قروح قضیب و فرج و اعضای عصبانی به نهایت مفید <br>و با استخوان پوسیده بالسویه جهت دفع آکله و بواسیر و قروح خبیثه مجرب <br>و زنان اهل هند را دستور است که چون شکم اطفال شیرخواره قبض می شود و از آن درد و وجع به هم می رسد صبر را با آب حل کرده بر برگ تانبول بنگاله مالیده گرم کرده به زیر ناف ایشان مایل به طرف چپ موضع کبد را به جهت مضرت آن مران را گذاشته می چسبانند اسهال می آورد و درد وجع آن را زایل می گرداند <br>و گویند که چون قطعه ای از برگ را شق نموده و بر آن زردچوبه و قلیلی افیون نرم سوده بپاشند و بر ورم کش ران که خیارک نامند گرم کرده بندند به تحلیل برد <br>و صبر مغسول ضعیف العمل‌تر از غیر مغسول و حدت و لذع آن کمتر جهت آنکه اجزای لطیفه مسهله آن زایل می گردد و یا ناقص اما نفع آن از برای معده ضعیف بیشتر از غیر مغسول و همچنین برای اکثر امراض چشم و دستور غسل آن در قرابادین ذکر یافت <br>و از ادویه شریفه و جزو اعظم ایارجات و شبیارات و اکثر حبوب مسهله است <br>و داء الصبر و ضماد و طلا و قرص و مطبوخ و معجون و نقوع آن در قرابادین مذکور شد. ",در اورام و جراحات دو وزن آن حضض مکی و در اسهال نیم وزن آن تربد و قدری سقمونیا و گفته اند به وزن آن افسنتین و نصف وزن آن زعفران. ,"و اکثار آن مورث اسهال الدم.  <br>مضر امعا و معده و کبد ضعیف و مقعده به جهت آنکه مرخی و مفتح افواه عروق مقعده است و مورث سحج، <br>و مورث سحج<br>و جوانان و صفراوی مزاجان و محرورین و صاحبان ضعیف الاحشا به تخصیص صاحبان ضعف امعا و ماساریقا و جگر و علل مقعده و بواسیر و کسانی که در ابدان ایشان خون غالب و عروقشان ضیق باشد و در هواهای بسیار گرم و یا بسیار سرد از استعمال آن اجتناب نمایند و همچنین هنگام بودن طعام در معده که مبادا با طعام آمیخته آن را فاسد سازد ","مصلح آن در امعا کثیرا <br>و در ضعف معده و کبد برگ گل سرخ و مصطکی <br>و در مقعده مقل و چرب نمودن آن موضع به روغن گل یا روغن بنفشه و یا پیه بز <br>و مقوی فعل آن عسل و افاویه و هلیله زرد است ","یک مثقال و یک و نیم درهم آن مسهل <br>و سه درهم آن منقی اخلاط فاسده"
382,ثوم,sum,herbal,Cultivated garlic,Allium sativum,http://bidd.group/CMAUP/plant.php?plant=NPO7103,,,Unbalanced Hot And Dry Mizaj,DryThird; HotThird,IrGO_0003963,Excitant; Organ generating; Weakening; Exciter of sexual appetence; Exciter of sexual appetence in women; Weakening of sexual appetence; Abstergent; Dissolver; Deoppilant; Antidote; Attractant; Toxin attractant; Stimulant; Stimulant of sexual appetence; Lice killer; Theriac; Ulcerogenic; Improving of facial skin color; Rarefactive; Rarefactive of thick food; Tonic; Powerful tonic; Conservative; Drying; Stimulant of sexual appetence in the wet-tempered; Semen producing; Fluid expelling; Diuretic; Emmenagogue; Sudorific ; Thinning; Expellant; Alleviating; Dipsetic; Adustive,IrGO_0000674; IrGO_0000685; IrGO_0000715; IrGO_0000823; IrGO_0000825; IrGO_0000864; IrGO_0000436; IrGO_0000468; IrGO_0000580; IrGO_0000415; IrGO_0000420; IrGO_0000434; IrGO_0000717; IrGO_0000813; IrGO_0000452; IrGO_0000414; IrGO_0000572; IrGO_0000923; IrGO_0000575; IrGO_0000981; IrGO_0000688; IrGO_0000689; IrGO_0000675; IrGO_0000402; IrGO_0000818; IrGO_0000907; IrGO_0000477; IrGO_0000483; IrGO_0000486; IrGO_0000488; IrGO_0000492; IrGO_0000631; IrGO_0000692; IrGO_0000557; IrGO_0000408,stomach; moisture; urine; sweat; menstruation; blood; thin blood; skin; throat; ilium; humor; thick humor; flank; wind; semen; lung; mesenteric vein; phlegm; kidney; tooth; milk; gingiva; mouth; head; thick moisture; eye; eyelid; frozen blood; limb; viscous humor; lung; eye; blood,Zahir; hemorrhoid; hemorrhoid blood; Khanazir; pain; amnesia; nerve disease; paralysis; Laqweh; Rasheh; ZiqonNafas; Rabv; joint pain; gout pain; gout; iliac pain; sweat disease; leech stuck in throat; stomach worm; Qoulanj; wind Qoulanj; tapeworm; lung ulcer; stomach pain; stomach ulcer; ulcer; long-term ulcer; thirst; mesenteric vein obstruction; dribbling; swelling; kidney swelling; kidney stone; toxicity due to bite; insect sting; snake bite; tarantula bite; dog bite; rabid dog bite; hair fall; whitening of hair; head lice; Kamaneh; KamantodDam; Zebheh; toothache; cold tooth pain; mouth pain; wind pain; rash; head ulcer; moist head ulcer; head Sabouseh; Jarab; Qouba; moist ulcer; weasel bite; poisoning; scorpion bite; Domal; Dobayleh; congealed blood; Daossalab; skin abrasion; Jomoud; limb congealment; abrasion due to viscous humor; phlegmatic abrasion; phlegmatic Qoulanj; Qoulanj pain; phlegmatic joint pain,IrGO_0002298; IrGO_0002453; IrGO_0002468; IrGO_0002936; IrGO_0001191; IrGO_0001374; IrGO_0001472; IrGO_0001492; IrGO_0001509; IrGO_0001512; IrGO_0001927; IrGO_0001929; IrGO_0002739; IrGO_0002751; IrGO_0002761; IrGO_0002765; IrGO_0003098; IrGO_0001881; IrGO_0002157; IrGO_0002416; IrGO_0002419; IrGO_0002449; IrGO_0001966; IrGO_0002053; IrGO_0002100; IrGO_0003134; IrGO_0003258; IrGO_0002089; IrGO_0002177; IrGO_0002570; IrGO_0001136; IrGO_0002526; IrGO_0002541; IrGO_0003336; IrGO_0003338; IrGO_0003345; IrGO_0003357; IrGO_0003380; IrGO_0003381; IrGO_0003046; IrGO_0003051; IrGO_0003053; IrGO_0001605; IrGO_0001606; IrGO_0001873; IrGO_0001824; IrGO_0001828; IrGO_0001805; IrGO_0001200; IrGO_0001135; IrGO_0001465; IrGO_0001467; IrGO_0001469; IrGO_0002947; IrGO_0002956; IrGO_0003235; IrGO_0003388; IrGO_0003272; IrGO_0003350; IrGO_0002922; IrGO_0002927; IrGO_0003335; IrGO_0003048; IrGO_0002994; IrGO_0001372; IrGO_0002792; IrGO_0002337; IrGO_0002341; IrGO_0002418; IrGO_0002437; IrGO_0002744,,سیر,به ضم ثا و سکون واو و میم به فارسی سیر و به هندی لهسن گویند. ,"['فارسی: سیر', 'هندی: لهسن', 'فارسی: موسیر']","بری و بستانی و جبلی می باشد.  <br>و بستانی آن دو قسم می باشد: یکی بسیار دانه یعنی چند دانه به هم متصل <br>و بهتر از همه بستانی مشهور بزرگ دانه آنست<br>و تازه همه اقسام بهتر از کهنه ","در سوم گرم و خشک <br>و با رطوبت فضلیه <br>و حرارت او شبیه به حرارت غریزی است","محلل و جالی و مفتح <br>و مجفف رطوبات معده و مفاصل <br>و رقیق کننده خون و مدر بول و حیض و عرق <br>و با قوت‌ تریاقیت و مقرح جلد <br>و خوردن آن با مراعات زمان و مزاج و حد اعتدال حافظ صحت مزاج <br>و دافع مضرت آبهای مختلف و هوای وبایی و تعفن خصوصا با سرکه آن <br>و جهت تصفیه حلق و صوت و ربو و ضیق النفس و نسیان و فالج و لقوه و رعشه و اکثر امراض عصبانی و اوجاع مفاصل و عرق النساء و نقرس و وجع ورک و امثال اینها <br>و قطع اخلاط غلیظه و سپرز <br>و دفع ریاح تهیگاه و قولنج ریحی و زلوی در حلق مانده و اقسام کرم معده و حب القرع <br>و در مرطوبین محرک باه و مولد منی <br>و در محرورین مجفف آن (منی) <br>و معطش و جهت تبهای کهنه و قروح شش و درد معده <br>و رفع تشنگی که از بلغم و سده ماساریقا باشد <br>و تقطیرالبول و نیکویی رنگ رخسار <br>و تلطیف غذاهای غلیظ و تحلیل اورام و حصات گرده <br>و گزیدن مار و سایر هوام و سگ دیوانه گزیده و رتیلا <br>و با شراب جهت سم افعی <br>و مداومت اکل آن باعث سقوط موی سفید و روییدن موی سیاه <br>و با انجیر و سداب و با مغز گردکان قوی‌تر از فادزهر <br>و مطبوخ آن با زیره و برگ صنوبر جهت تقویت دندان <br>و با شیر گوسفند پخته و با روغن گاو تازه بریان کرده و با عسل شیرین نموده حلوا ساخته در تحریک باه و انعاظ بیعدیل <br>و با طبیخ فودنج جبلی جهت قتل شپش و صیبان که به فارسی رشک نامند مفید.  <br>و استعمال آن با گشنیز و سکنجبین و آب انار‌ ترش شیرین و امثال اینها و اکتحال با آب آن جهت کمنه الدم <br>و غرغره با سرکه مخلل آن یعنی پرورده در آن جهت اخراج زلوی در حلق مانده و ذبحه <br>و مضمضه به طبیخ آن با کندر جهت درد دندان بارد و تأکل آن و تقویت لثه <br>و به دستور نگاهداشتن آب مطبوخ آن با چوب صنوبر و کندر در دهان جهت وجع اسنان حادث از برودت <br>و احتقان بدان جهت عرق النساء <br>و مالیدن مشوی آن بر دندان جهت تسکین وجع ریحی و رطوبی آن مفید <br>و طلای آن با عسل جهت بثور و قوبا و قروح رطبه سر و سبوسه آن و بهق و جرب ولیکن مقرح کننده جلد است <br>و با برگ (انجیر و سیاه زیره) جهت گزیدن ابن عرس <br>و با جند و روغن زیتون جهت جذب سم عقرب و مار و سگ دیوانه و کل سموم و رفع اذیت آنها و به دستور با عسل <br>و با سرکه جهت تحلیل رطوبات غلیظه و ورم اعضا <br>و ضماد پخته آن با شیر جهت گشودن دبیله و دمل <br>و تضمید محرق آن با عسل جهت ازاله خون منجمد در تحت پلک چشم <br>و با روغن بان جهت داءالثعلب <br>و با روغن گاو جهت سحج انفع <br>و خوردن آن در روغن بریان کرده و طلا کردن جرم آن و یا روغن آن و یا آن هر دو جهت تجفیف قروح رطبه سر <br>و تدهین به روغنی که مکرر سیر در آن جوشانیده باشند جهت جمود خون در اطراف بدن و شقاقی که از برودت به هم رسیده باشد <br>و جهت وجع مفاصل و قولنج بلغمی و سحج حادث از خلط لزج شربا و طلاء از خارج <br>و طلای رماد آن با عسل جهت بهق و برص و داء الثعلب و کمنه الدم و جرب <br>و گفته اند اگر جهت فالج تا چهل روز هر روز درست خام آن را بلع نمایند بدین طریق که روز اول یک دانه و روز دوم دو دانه و روز سوم سه دانه همچنین تا چهل روز که روز چلهم چهل دانه شود و باز به دستور روزی یک دانه کم نمایند تا به روز هشتادم باز به یک دانه رسد در بین انشاءالله تعالی زایل گردد و محتاج به دوای دیگر نگردد <br>و چون بلادر را در زمین دفن نمایند تا پوسیده گردد و در آنجا سیر را غرس نمایند تا قوت گیرد پس برآورده آن را معجون سازند تقویت عظیم بخشد و موی ریش سفید شده سیاه روید <br>و تریاق الثوم و منافع آن و دهن و مخلل و معجون آن در قرابادین ذکر یافت. ",,اکثار آن و عدم مراعات مزاج و سن و فصل مصدع و محرق خون و مضر چشم و شش و بواسیر و زنان حامله و صاحبان زحیر و خنازیر و مولد صفرای بسیار تند و مضعف باه و مهیج امراض نایبه,مصلح آن پختن آن است در آب با قلیلی نمک و اضافه نمودن روغن بادام و یا روغن کره,
254,بصل,bæsæl,herbal,Garden onion,Allium cepa,http://bidd.group/CMAUP/plant.php?plant=NPO23230,,,Unbalanced Hot And Dry Mizaj,DryMinThird; HotMaxThird,IrGO_0003963,Deoppilant; Organ generating; Dissolver; Toxin counteractant; Cleanser; Tonic; Reinforcer of digestion faculty; Exciter of food appetence; Reinforcer of food appetence; Fluid expelling; Maturant; Diuretic; Emmenagogue; Lithontriptic; Alleviating; Laxative; Softening; Reinforcer of appetency; Reinforcer of sexual appetence; Attractant; Improving of facial skin color,IrGO_0000580; IrGO_0000685; IrGO_0000468; IrGO_0000413; IrGO_0000729; IrGO_0000688; IrGO_0000773; IrGO_0000824; IrGO_0000832; IrGO_0000477; IrGO_0000585; IrGO_0000483; IrGO_0000486; IrGO_0000560; IrGO_0000692; IrGO_0000703; IrGO_0000752; IrGO_0000831; IrGO_0000833; IrGO_0000420; IrGO_0000923,flesh; urine; menstruation; lung; humor; viscous humor; yellow bile; eye; thick substance; moisture; thick moisture; brain; vapor; ear; slough; wind; skin; blood; anus; nail; stomach; humor; thick humor; wind; thick wind,phlegmatic Sarsam; amnesia; thirst; stomach worm; plague; kidney stone; sour eructation; nausea; phlegmatic nausea; yellow biliary nausea; jaundice; poisoning; rabid dog bite; Dameh; NozoulolMa; beginning of NozoulolMa; Jarab; pruritus; amaurosis; eye ulcer; Bayaz; impaired vision; ulcer; Tanin; imapired hearing; purulent ear discharge; Khonnaq; phlegmatic Khonnaq; Tholoul; Kalaf; Shahdieh ulcer; laceration; toxicity due to bite; scorpion bite; bee sting; swelling; cold swelling; pain; anal swelling; anal pruritus; anal pain; Tashannoj; Zahir; hemorrhoid; nail deformity; hemorrhoid blood; foot sore; Akeleh,IrGO_0001337; IrGO_0001374; IrGO_0002089; IrGO_0002157; IrGO_0001170; IrGO_0002541; IrGO_0002105; IrGO_0002119; IrGO_0002122; IrGO_0002123; IrGO_0002237; IrGO_0003272; IrGO_0003381; IrGO_0001602; IrGO_0001631; IrGO_0001632; IrGO_0002947; IrGO_0002951; IrGO_0001609; IrGO_0001610; IrGO_0001615; IrGO_0001634; IrGO_0003134; IrGO_0001704; IrGO_0001717; IrGO_0001720; IrGO_0001867; IrGO_0001871; IrGO_0002964; IrGO_0003016; IrGO_0003241; IrGO_0003173; IrGO_0003336; IrGO_0003350; IrGO_0003354; IrGO_0001136; IrGO_0001139; IrGO_0001191; IrGO_0002471; IrGO_0002478; IrGO_0002480; IrGO_0001497; IrGO_0002298; IrGO_0002453; IrGO_0003080; IrGO_0002468; IrGO_0003172; IrGO_0002902,Miskal,پياز,به فتح با و صاد مهمله و لام به فارسی پیاز نامند و به هندی نیز به این نام مشهور است. ,"['فارسی: پیاز', 'هندی: پیاز', 'ترکی: کومران']","بری و بستانی می باشد.  <br>و بستانی آن سفید و سرخ و بزرگ بالیده و کوچک می باشد <br>بهترین همه سفید بزرگ بالیده آبدار آنست. ",در آخر سوم گرم و در اول سوم خشک و با رطوبت فضلیه.  <br><br>و تخم آن در آخر دوم گرم و خشک و با رطوبت فضلیه و,"مفتح سده <br>و مقوی شهوتین طعام و باه خصوصا پخته آن با گوشت چرب <br>و دافع مضرت هوای وبایی و طاعون و اختلاف آبها خصوصا در اسفار و اول ورود در بلدان خوردن خام آن با نان <br>و مدر بول و حیض و مفتت حصات <br>و مطبوخ مهرای آن کثیرالغذا و ملین طبع و مسکن جشای حامض <br>و پخته آن با چربی دنبه جهت تنقیه سینه و شش از اخلاط لزجه <br>و پخته آن با سرکه و یا پرورده آن با سرکه جهت یرقان و سپرز و برانگیختن اشتها و تقویت هاضمه و منع غثیان صفراوی و بلغمی <br>و به تنهایی مانع ادویه کریهه و دافع سموم <br>و آب آن جهت رفع ضرر سگ دیوانه گزیده نافع خصوصا چون یک چهار یک از آن به وزن شاه در عرض سه روز خورده شود بغایت مجرب <br>و قطور آن در چشم بعد از تنقیه بدن جهت دمعه و حکه و جرب و ابتدای نزول آب <br>و با عسل جهت بیاض و قرحه عین و ضعف بصر و ظلمت حادث از رطوبات و مواد غلیظه <br>و سعوط آن منقی دماغ <br>و بوییدن آن جهت رفع ضرر هوای وبایی و تعفن هوا و سده دماغی و تحلیل بخار <br>و چکانیدن آب آن در گوش جهت رفع ثقل سامعه و طنین و پاک کردن چرک و تحلیل ریاح آن <br>و تحنک به آن جهت خناق بلغمی <br>و آشامیدن آب کوبیده معصور آن مقدار ده مثقال تا بیست مثقال به حسب ضعف و شدت آن جهت رفع سمیت عقرب گزیده <br>و ضماد کوبیده آن بر موضع نهش مجرب النفع <br>و نیز ضماد آن جاذب خون به ظاهر جلد و نیکویی رنگ رخسار <br>و با عسل و بارود و نمک جهت رفع برص و ثآلیل و کلف و قروح شهدیه گویند مجرب است <br>و با موی آدمی جهت زخم سگ دیوانه گزیده <br>و به دستور با نمک و سداب و عسل جهت ثآلیل برآمده <br>و با انجیر جهت گزیدن عقرب و زنبور <br>و ضماد پخته آن به تنهایی و یا با ادویه مناسبه جهت نضج اورام بارده <br>و با زرده تخم مرغ یا روغن تازه یا پیه جهت دفع اوجاع مقعده و حکه و تحلیل ورم آن <br>و با روغن کوهان شتر جهت رفع تشنج و شقاق مقعده و بواسیر و زحیر <br>و با زیت جهت رفع کجی ناخن مجرب <br>و حمول مقشر فرو برده آن در روغن زیت جهت گشودن دهن رگهای بواسیر و ادرار خون مؤثر <br>و قیروطی آن با پیه مرغ جهت ریش پاها از کفش و موزه مفید <br>و طلای پوست سوخته آن با موی سوخته جهت آکله مجرب و در جمیع افعال سفید بزرگ آن قوی‌تر از غیر آن.  <br>و حسوی بصل و دوا و قیروطی و لعوق و مراهم و مخلل آن در قرابادین کبیر ذکر یافت. ",,"مضر محرورین <br>و اکثار آن مورث نسیان و لیثرغس و ریاح غلیظه و مولد کرم معده و خلط غلیظ در جرم معده و تشنگی و مصدع محرورین خصوصا تازه آن و با کوامیخ","و مصلح آن شستن آنست با آب و نمک و با سرکه خوردن <br>و بعد از آن آب انار و کاسنی تناول کردن <br>و رافع بدبویی آن باقلا و مغز گردکان مشوی و نان سوخته است <br>و چون گوشت و بقول و حبوب زهمه با سمیت را با پیاز طبخ نمایند و یا با پیاز ورق کرده در روغن بریان کنند دفع آن می نماید و لذیذ می گردد. ",یک مثقال است
855,زیتون,zejtun,herbal,Olive,Olea europaea,http://bidd.group/CMAUP/plant.php?plant=NPO28608,,,Unbalanced Hot Mizaj,HotFirst,IrGO_0003958,Aphrodisiac; Aperient; Tonic; Binder; Laxating; Nauseating; Adustive,IrGO_0000461; IrGO_0000505; IrGO_0000688; IrGO_0000735; IrGO_0000491; IrGO_0000658; IrGO_0000408,yellow bile; black bile; stomach; head; tooth; gingiva; stomach; lung; humor,head Sabouseh; headache; Shaqiqeh; vertigo; head ulcer; Jarab; ulcer,IrGO_0001469; IrGO_0001263; IrGO_0001322; IrGO_0001346; IrGO_0001465; IrGO_0002947; IrGO_0003134,,درخت زيتون,به فتح زای و سکون یا و ضم تای مثناه فوقانیه و سکون واو و نون. ,,بری و بستانی می باشد بستانی آن را درخت بزرگتر و برگ آن آبدارتر و سبزتر از بری و درخت آن بعد از چهل سال ثمر می دهد و گویند تا هزار سال می ماند و گویند برگ زیتون جبلی نیز مانند برگ زیتون بستانی است. ,گرم در اول و با قوت قبض و نارس آن سرد و بغایت خشک و سیاه آن گرم و خشک. ,"سریع الاستحاله به سودا و صفرا <br>و بهترین آن سبز رسیده آنست که در آب نمک پرورده باشند و با طعام خورده شود نه قبل و نه بعد از آن در این وقت مقوی معده و دابغ آن و مشهی و حابس طبع و مبهی <br>و ضماد آن جهت رفع سبوسه سر <br>و نطول طبیخ همه اجزای آن جهت صداع و شقیقه و دوار و پاشیدن آن در خانه ها جهت گریزاندان هوام <br>و مضمضه با آب و نمکی که زیتون در آن خیسانیده باشند جهت استحکام دندان و لثه مفید<br><br>و رطوبتی که از شاخ تازه آن که در حین سوختن برمی آید جهت جرب و سبوسه سر و قروح آن <br>",,"و تازه و یاقوتی رنگ آن مرخی معده و مغثی<br>و مورث بی خوابی و لاغری است<br>و گویند مضر شش و مداومت آن محرق اخلاط","و مورث بی خوابی و لاغری است، مصلح آن مغز گردکان و بادام و روغنها و سرکه <br>و گویند مضر شش و مصلح آن عسل <br>و مداومت آن محرق اخلاط، مصلح آن شیرینیها است",
169,انیسون,ænisun,herbal,Anise burnet saxifrage,Pimpinella anisum,,"Pimpinella anisum L. (Apiaceae) Syn: Anisum vulgare Gaertn. , A. officinarum Moench.",,Unbalanced Hot And Dry Mizaj; Unbalanced Hot And Dry Mizaj; Unbalanced Hot And Dry Mizaj,DryMaxSecond; HotMaxSecond; DryThird; HotThird; DryThird; HotSecond,IrGO_0003963; IrGO_0003963; IrGO_0003963,Abstergent; Dissolver; Rarefactive; Alleviating; Fluid expelling; Diuretic; Galactagogue; Emmenagogue; Sudorific ; Lithontriptic; Deoppilant; Tonic; Reinforcer of sexual appetence; Theriac; Expellant; Fetus expellant; Expellant of gestational membrane,IrGO_0000436; IrGO_0000468; IrGO_0000575; IrGO_0000692; IrGO_0000477; IrGO_0000483; IrGO_0000485; IrGO_0000486; IrGO_0000488; IrGO_0000560; IrGO_0000580; IrGO_0000688; IrGO_0000833; IrGO_0000414; IrGO_0000631; IrGO_0000647; IrGO_0000650,wind; urine; sweat; milk; menstruation; head; ear; stomach; brain; phlegm; flesh; mouth; tooth; cardia; moisture; kidney; bladder; uterus; limb; liver; body waste; intestine,long-term fever; pain; head disease; epilepsy; laxity; paralysis; Laqweh; Nazleh disease; headache; Shaqiqeh; vertigo; Sadar; cold Nazleh; ear pain; cold ear pain; Zokam; phlegmatic Sarsam; Sobat; phlegmatic Sobat; Sobat due to external cold; melancholia; Kabous; organ hotness; Sobol; halitosis; tract constriction; Eya; cold headache; ZiqonNafas; cough; cold cough; chest pain; palpitation; cold palpitation; simple cold stomach dystemperament; tumescence; chest disease; Bahar; borborygmi; stomach borborygmi; borborygmi of winds in stomach; liver disease; dropsy; spleen obstruction; kidney disease; kidney stone; kidney obstruction; bladder disease; bladder stone; uterine obstruction; uterine discharge; limb tumescence; phlegmatic fever; poisoning; lethal drug poisoning; diarrhea; wet diarrhea; hemorrhoid; Riaholbawasir; wind hemorrhoid; imapired hearing; deafness; fall injury; blow injury; yellowness of facial coloration postpartum; facial skin yellowness; swelling; head lice; eye disease,IrGO_0002840; IrGO_0001191; IrGO_0001246; IrGO_0001413; IrGO_0001491; IrGO_0001492; IrGO_0001509; IrGO_0001138; IrGO_0001263; IrGO_0001322; IrGO_0001346; IrGO_0001350; IrGO_0001453; IrGO_0001701; IrGO_0001702; IrGO_0001444; IrGO_0001337; IrGO_0001359; IrGO_0001363; IrGO_0003113; IrGO_0001391; IrGO_0001410; IrGO_0001210; IrGO_0001594; IrGO_0001797; IrGO_0001102; IrGO_0001183; IrGO_0001270; IrGO_0001927; IrGO_0001932; IrGO_0001942; IrGO_0001961; IrGO_0001992; IrGO_0001996; IrGO_0002046; IrGO_0001147; IrGO_0001903; IrGO_0001931; IrGO_0002066; IrGO_0002069; IrGO_0002070; IrGO_0002162; IrGO_0002212; IrGO_0002283; IrGO_0002515; IrGO_0002541; IrGO_0002545; IrGO_0002546; IrGO_0002563; IrGO_0002659; IrGO_0002694; IrGO_0002791; IrGO_0002858; IrGO_0003272; IrGO_0003276; IrGO_0002359; IrGO_0002403; IrGO_0002453; IrGO_0002456; IrGO_0002462; IrGO_0001717; IrGO_0001718; IrGO_0003179; IrGO_0003184; IrGO_0002675; IrGO_0003041; IrGO_0001136; IrGO_0003053; IrGO_0001529,Dirham,,به فتح همزه و کسر نون و سکون یای مثناه تحتانیه و ضم سین مهمله و سکون واو و نون به عربی بزرالرازیانج الرومی و الرازیانج الشامی و حب الحلوه و کمون الحلو و به فارسی بادیان رومی و زیره رومی و به هندی رندنی نامند. ,"['عربی: بزرالرازیانج الرومی', 'عربی: الرازیانج شامی', 'عربی: حب الحلوه', 'عربی: کمون الحلو', 'فارسی: بادیان رومی', 'فارسی: زیره رومی', 'هندی: رندنی']","نباتی است بلندتر از ذرعی <br>و ساق آن مربع و باریک و برگ آن باریک و خوشبو <br>و گل آن مایل به سفیدی <br>و تخم آن در غلافی طولانی و از رازیانه کوچک‌تر و سبز مایل به سفیدی و زردی و اندک مثلث شکل <br>و مستعمل تخم آن است <br>و بهترین آن خوشبوی تازه بالیده آن است که پوست آن از آن جدا نشده زیرا که خاصیت بسیار اکثر در پوست بزور است و طعم تیز و تلخ باشد <br>و هندی و بنگالی آن ریزه‌تر و ضعیف العمل می باشد. ","گرم و خشک در آخر دوم <br>و تا سوم (گرم و خشک) نیز گفته اند <br>و گرم در دوم و خشک در سوم نیز گفته اند و این اصح است. ","ملطف و محلل ریاح و جالی و مسکن اوجاع <br>و با قوت‌ تریاقیت و قابضه <br>و مدر بول و حیض و شیر و عرق <br>و نیکو کننده رنگ رخسار.  <br>*امراض الرأس و غیرها* از توابل مستعمله در اغذیه اصحاب فالج و لقوه و استرخا و صرع است <br>و بخور و سعوط آن جهت درد سر بارد و شقیقه و دوار و سدر و نزلات بارده و درد گوش نافع <br>و چون به سرکه انگوری‌ تر کرده و خشک نموده بو داده در پارچه کتان نیلی بسته دائم ببویند جهت زکام و نزلات بارده <br>و خوردن نیم درم انیسون و یک دانگ مصطکی کوفته در ده درم گلقند سرشته چند روز پی هم بعد از استفراغ بلغم جهت لیثرغس و سبات بلغمی نافع برای آنکه مبدل مزاج دماغ و مقوی معده است پس تولید نمی کند بلغمی که سبب لیثرغس است <br>و چون دو درهم آن را در آب بجوشانند و صافی نموده ده درم جلنجبین عسلی در آن حل کرده باز صافی نموده بیاشامند جهت سبات حادث از برد خارجی و از آشامیدن ادویه مخدره مانند افیون مفید و باید که بوده باشد غذای او نخود آب و گوشت خروس جوان متوبل به ابازیر حاره یا حلتیت و مغز حب القرطم <br>و چون آن را کوبیده سفوف نمایند و یا کوبیده با گلقند سرشته بخورند و یا جوشانیده به تنهایی بیاشامند و یا گلقند در آن حل کرده صافی نموده بنوشند جهت مالیخولیا خصوصا مراقی آن <br>و آشامیدن آب مطبوخ آن با ماءالعسل جهت کابوس نافع <br>و سزاوار آنست که در اوایل فالج یا چهار روز یا هفت روز به آبی که در آن انیسون جوشانیده باشد به تنهایی یا با یک اوقیه جلنجبین عسلی در آن حل کرده صافی نموده باشند اقتصار نمایند <br>و ضماد آن جهت استرخا نافع برای آنکه در آن حرارت با اندک قبضی می باشد و لهذا تقویت می بخشد اعضا را <br>و اکتحال آن جهت سبل کهنه مجرب دانسته اند <br>و سنون آن جهت جلای دندان و دفع بدبویی دهان <br>و خاییدن آن جهت صداع بارد و شقیقه و جلای مجاری تنفس و درد سینه و سرفه و ضیق النفس و خفقان بارد و تقویت فم معده و دفع رطوبات آن و رفع اعیا <br>و آشامیدن آب مطبوخ آن خصوص با اصل السوس جهت امراض صدر و بهر و امراض مذکوره و تفتیح سده جگر و سپرز و گرده و مثانه و رحم و استسقا و سوءالقنیه و تفتیت حصات و تب بلغمی کهنه و قطع سیلان رحم و ازاله فضول و تحلیل قراقر ریاح در معده و سایر اعضا و ادرار شیر و عرق و بول و حیض و تقویت باه و گرده و ازاله سموم قتاله و تهبج وجه و اطراف <br>و اسهال رطوبی خصوص بریان کرده آن در این امر <br>و چون آن را بسیار نرم بکوبند و یا با آب ساییده استعمال نمایند جهت بواسیر نافع خصوص ریحی آن <br>و بخور آن جهت تسکین صداع بارد و نزلات بارده و اخراج جنین و مشیمه <br>و قطور نرم ساییده آن با روغن گل در گوش جهت تسکین درد گوش و کری و ثقل سامعه حادث از ضربه و سقطه و به دستور مطبوخ آن در روغن گل <br>و آشامیدن طبیخ آن با شکر جهت رفع زردی رخسار زن زاییده <br>و طلای مطبوخ آن در سرکه جهت تحلیل اورام و کشتن شپش نافع.  <br>و دستور تشویه و بریان نمودن آن جهت امراض عین و غیرها آنست که آن را به عسل بسرشند و در لته بسته به گل گرفته در تنور معتدل یک شب بگذارند پس برآورده به کار برند <br>و جوارش انیسون و حب و دهن و سفوف و عرق و اقراص و معجون آن در قرابادین کبیر ذکر یافت","تخم شبت و رازیانه و کرویا <br>و در تقویت باه مثل آن انجره است. ","مضر امعا، <br>و مصدع محرور ","مضر امعا، مصلح آن رازیانه<br>و مصدع محرور و مصلح آن سکنجبین. ",از دو درهم تا پنج درهم. 
1301,قرنفل,ɢærænfol,herbal,Clove,Eugenia caryophyllata,http://bidd.group/CMAUP/plant.php?plant=NPO30949,,,Unbalanced Hot And Dry Mizaj,DryThird; HotThird,IrGO_0003963,Conservative; Tonic; Reinforcer of action and faculty; Reinforcer of digestion faculty; Reinforcer of the digestion faculty of stomach; Reinforcer of sexual appetence; Stimulant; Stimulant of sexual appetence; Exceptional stimulant of sexual appetence; Theriac; Elating; Deoppilant; Equilibrating; Mind reinforcer; Reinforcer of vision; Dissolver; Resolver of bad odor; Clarifier; Alleviating; Heating,IrGO_0000675; IrGO_0000688; IrGO_0000765; IrGO_0000773; IrGO_0000774; IrGO_0000833; IrGO_0000717; IrGO_0000813; IrGO_0000820; IrGO_0000414; IrGO_0000562; IrGO_0000580; IrGO_0000621; IrGO_0000792; IrGO_0000796; IrGO_0000468; IrGO_0000975; IrGO_0000734; IrGO_0000692; IrGO_0000391,chief organ; spirit; brain; black bile; mouth; tooth; gingiva; stomach; intestine; spleen; kidney; uterus; liver; wind; thick wind; flesh; milk; menstruation; head; urinary meatus; sweat; humor; intestine; kidney,Nazleh disease; headache; cold headache; wet headache; phlegmatic headache; cold wet headache; stroke; cold Nazleh; paralysis; Laqweh; brain obstruction; cold disease; cold wet disease; black biliary disease; brain disease; cold brain disease; cold wet brain disease; cold nerve disease; cold wet nerve disease; pain; halitosis; mouth pain; toothache; cold tooth pain; eye disease; Sobol; Gheshaweh; obsession; ZiqonNafas; cough; chronic wet cough; wet cough; long-term wet cough; cold cough; cold wet cough; cold long-term cough; palpitation; cold palpitation; wet palpitation; organ coldness; vomiting; nausea; hiccups; wet disease; Lahmi dropsy; dribbling; uterine disease; cold uterine disease; black biliary uterine disease; swelling; cold swelling; cold pain; dropsy; poisoning; critical disease; critical cold disease,IrGO_0001138; IrGO_0001263; IrGO_0001270; IrGO_0001274; IrGO_0001280; IrGO_0001281; IrGO_0001434; IrGO_0001453; IrGO_0001492; IrGO_0001509; IrGO_0001262; IrGO_0001076; IrGO_0001079; IrGO_0001093; IrGO_0001248; IrGO_0001249; IrGO_0001250; IrGO_0001474; IrGO_0001476; IrGO_0001191; IrGO_0001797; IrGO_0001805; IrGO_0001824; IrGO_0001828; IrGO_0001529; IrGO_0001594; IrGO_0001637; IrGO_0001407; IrGO_0001927; IrGO_0001932; IrGO_0001937; IrGO_0001939; IrGO_0001940; IrGO_0001942; IrGO_0001943; IrGO_0001944; IrGO_0001992; IrGO_0001996; IrGO_0001999; IrGO_0001209; IrGO_0002113; IrGO_0002119; IrGO_0002127; IrGO_0001091; IrGO_0002213; IrGO_0002570; IrGO_0002645; IrGO_0002646; IrGO_0002653; IrGO_0001136; IrGO_0001139; IrGO_0001193; IrGO_0002212; IrGO_0003272; IrGO_0001053; IrGO_0001080,Miskal,ميخك,به فتح قاف و را و سکون نون و ضم فا و لام و قرنفول نیز و به یونانی عرنیواس و به رومی فرفلون و به فارسی میخک و به هندی لونک نامند. ,"['یونانی: عرنیواس', 'رومی: فرفلون', 'فارسی: میخک', 'هندی: لونک']","در ماهیت آن اقوال بسیار است آنچه به تحقیق پیوسته آنست که ثمر درختی است که در جزیره ای از جزایر زیرباد که آن جزیره را جاوه و بتاویه نیز نامند به هم می رسد و در جای دیگر نمی شود و بالفعل آن جزیره در تصرف ولندیس است که فرقه ای از نصاری است <br>و درخت آن فی الجمله شبیه به درخت کنار <br>و شاخ های آن باریک و بلند مانند شاخ های یاسمین که به هندی چنبیلی نامند و بلند شده باز به سوی زمین میل کرده <br>و برگ آن شبیه به برگ انار و از آن بزرگتر <br>و ثمر آن که قرنفل است باریک بلند از بند انگشتی کوتاه‌تر و اندک پهن و سر آن مشرف و بر سر آن قبه ای به شکل حباب و چون خشک گشت در بسته ها که می آورند به سبب سودن با هم اکثر قبه آن جدا می گردد و آن را نر و ماده می باشد <br>و ماده آن کوچک‌تر و در صفات مذکوره اقوی و بهتر <br>و مستعمل ماده تازه خوشبوی قوی الرایحه تند طعم مایل به شیرینی تیره رنگ بالیده آنست که در خاییدن و کوبیدن اجزای آن تمام خوب نرم گردد و خشبیت نداشته باشد <br>و آنچه به خلاف این اوصاف باشد زبون. ",در سوم گرم و خشک. ,"با قوت‌ تریاقیت و تفریح.  <br>*اعضاءالرأس* مقوی ارواح و اعضای رئیسه باطنیه و حافظ آنها <br>جهت تقویت دماغ و ذهن و فکر <br>و رفع صداع بارد رطب و فالج و لقوه و نزلات متوالیه و سکته <br>و تفتیح سدد دماغی <br>و سایر امراض بارده رطبه سوداویه دماغیه و عصبانیه نافع <br>و سوداوی مزاجان و کسی که در مزاج او سودا غالب باشد شربا و سعوطا و نفوخا و طلاء و ضمادا به تنهایی و یا با ادویه مناسبه <br>و جهت تقویت لثه و درد دندان بارد و رفع بدبویی دهان و باعث طیب نکهت مضغا <br>و اکتحال آن جهت تقویت باصره و رفع سبل و غشاوه و نیز خوردن آن جهت امراض مذکوره عین.  <br>*اعضاءالصدر* جهت سرفه بارد رطب و ضیق النفس کهنه رطوبی و خفقان بارد و وحشت و خوف و وسواس و مورث شجاعت آشامیدن آن.  <br>*اعضاءالغذاء و النفض* مقوی معده و قوت هاضمه و امعا و کبد و گرده بارده و طحال و باه و رحم <br>و مسخن و رافع امراض بارده اعضای مذکوره و قی و غثیان و فواق و جشا <br>و تحلیل ریاح غلیظه حاصله از اغذیه لزجه غلیظه <br>و استسقای لحمی و تقطیرالبول و سلس آن و علل بلغمی و سوداوی و زلق الامعاء رطوبی و امراض بارده رحم شربا و فرزجتا <br>آشامیدن نیم درم آن با شیر تازه دوشیده به شرط مداومت بغایت محرک باه <br>و مدوامت یک درم آن در وقت طهر و پاکی از حیض باعث حمل و تسخین رحم <br>و طلا و ضماد ماده آن بر پیش سر جهت امراض بارده دماغیه مذکوره و بر اوجاع بارده مسکن آنها و بر اورام بارده محلل آنها <br>و ضماد ممضوغ آن با آب دهان بر احلیل نزد مقاربت باعث تلذذ جانبین<br><br>و عرق آن در جمیع افعال قائم مقام خمر است که بگیرند یک جزو آن را و نرم بسایند و از هر یک برگ گل سرخ و برگ گاوزبان نرم سوده یک و نیم جزو و برگ تانبول نیم کوفته بیخته نیم جزو و همه را در گلاب یک شبانه روز بخیسانند پس به دستور متعارف مقطر نمایند و به قدر احتیاج بنوشند <br>جهت تفریح و تقویت اعضای ظاهره و باطنه و معده و کبد و هاضمه و دفع ریاح و سموم و تفتیح سدد و تعدیل اخلاط و استسقا و سایر امراض بارده بیعدیل <br><br>و شراب آن که یک جزو آن را با شانزده جزو آب انارین و یک جزو عسل مصفی در شیشه کنند و سر آن را بسته در سرگین اسب دفن نمایند و بعد از یک هفته برآورده استعمال نمایند از خمر به مراتب قوی‌تر گفته اند <br><br>و اگر آن را با شکر به قوام آورند و شربت مرتب نمایند جهت امراض بارده صعبه بی نظیر دانسته اند <br>و جوارش و دهن و شراب آن در قرابادین کبیر مذکور شد. ","به وزن آن دارچینی <br>و نصف آن بسباسه است <br>و نیم وزن آن فرنجمشک <br>و نیم وزن آن خولنجان <br>و به وزن آن نیز خولنجان گفته اند",و گویند مضر گرده و امعا,و مصلح آن صمغ عربی,تا یک مثقال. 
435,جوز,dʒoz,herbal,English walnut,Juglans  regia,http://bidd.group/CMAUP/plant.php?plant=NPO18674,,,Unbalanced Hot And Dry Mizaj,DryFirst; HotSecond,IrGO_0003963,Expellant; Corrigent; Alleviating; Fluid expelling; Emmenagogue; Toxin counteractant; Exceptional Expellant; Laxative; Softening; Theriac; Hair blackening; Obesogenous; Stimulant; Stimulant of sexual appetence; Tonic; Cleanser; Sense reinforcer; Reinforcer of internal sense; Aphrodisiac; Dissolver,IrGO_0000631; IrGO_0000596; IrGO_0000692; IrGO_0000477; IrGO_0000486; IrGO_0000413; IrGO_0000642; IrGO_0000703; IrGO_0000752; IrGO_0000414; IrGO_0000928; IrGO_0000508; IrGO_0000717; IrGO_0000813; IrGO_0000688; IrGO_0000729; IrGO_0000793; IrGO_0000804; IrGO_0000461; IrGO_0000468,chief organ; brain; skin; stomach; blood; menstruation; head; sweat; breast; sole of the foot; nerve; humor; choleric humor; kidney; cecum; hair; limb; gonad; hand; mouth; tonsil,rash; swelling; mouth rash; mouth swelling; tonsillar swelling; tapeworm; poisoning; Tokhameh; vomiting; cough; stomach worm; poisoning; hemorrhoid; hemorrhoid blood; Maghs; ulcer; Sobol; Dameh; Jarab; toxicity due to bite; dog bite; rabid dog bite; pain; cold pain; headache; paralysis; Laqweh; joint pain; cold joint pain; chronic joint pain; fever; cold fever; phlegmatic fever; chronic phlegmatic fever; chronic fever; skin scar; blow injury; Tashannoj; Kalaf; swelling; black biliary swelling; laceration; pediatric Qouba; pediatric swelling; Jomreh; nerve twisting; Tamaddod; nerve Tamaddod; Gharb; breast swelling; gangrene; pediatric Tashannoj; head ulcer; long-term ulcer; stomach weakness; whitening of hair,IrGO_0001135; IrGO_0001136; IrGO_0001783; IrGO_0001806; IrGO_0001875; IrGO_0002449; IrGO_0003272; IrGO_0002065; IrGO_0002113; IrGO_0001932; IrGO_0002157; IrGO_0003272; IrGO_0002453; IrGO_0002468; IrGO_0002313; IrGO_0003134; IrGO_0001594; IrGO_0001602; IrGO_0002947; IrGO_0003336; IrGO_0003380; IrGO_0003381; IrGO_0001191; IrGO_0001193; IrGO_0001263; IrGO_0001492; IrGO_0001509; IrGO_0002739; IrGO_0002746; IrGO_0002750; IrGO_0002810; IrGO_0002856; IrGO_0002858; IrGO_0002859; IrGO_0002880; IrGO_0002996; IrGO_0003184; IrGO_0001497; IrGO_0003016; IrGO_0001136; IrGO_0001151; IrGO_0003173; IrGO_0003500; IrGO_0003506; IrGO_0001341; IrGO_0001489; IrGO_0001504; IrGO_0001507; IrGO_0001650; IrGO_0002029; IrGO_0002737; IrGO_0003400; IrGO_0001465; IrGO_0003258; IrGO_0002062; IrGO_0003051,,گردو,به فتح جیم و سکون واو و زای معجمه به فارسی گردکان و چهار مغز و به هندی اخروت نامند. ,"['فارسی: گردکان', 'فارسی: چهار مغز', 'هندی: اخروت']","ثمر درختی است عظیم و برگ آن پهن و اندک طولانی و فی الجمله ضخیم <br>و آن ثمر را سه پوست می باشد یکی سبز ضخیم با عفوصت بسیار و قبوضت و اندک تلخی و در خامی اندک نرم و بعد از خشک شدن خشبی می گردد <br>و دوم که در زیر آنست صلب و دو پارچه به هم پیوسته و سر آن اندک برآمده <br>و در زیر آن مغز و بر آن پوست رقیقی محتوی بر مغز آن <br>و مغز آن سفید با دهنیت بسیار مانند مغز پسته و چلغوزه و چهار حصه است دو حصه از هم بسیار جدا و اندک اتصالی به هم دارند و دو حصه دیگر با هم متصل و اندک انفصالی و بین آنها پرده نازک اندک صلب خشبی است. ","در دوم گرم و در اول خشک <br>و با رطوبت فضلیه <br>و هر چند خشک گردد یبوست و حرارت آن می افزاید و رطوبت آن کم می گردد. ","بسیار لطیف <br>و ملین طبع و محلل و مبهی <br>و مانع تخمه <br>و مقوی اعضای رئیسه خصوصا دماغ و مقوی حواس باطنی خصوصا با مویز منقی و انجیر سفید <br>و پیران را بسیار موافق <br>و خوردن ده مثقال آن که با انجیر کوبیده باشند در تلیین طبع مجرب <br>و به تنهایی ناشتا جهت سهولت قی <br>و بریان کرده آن با پوست جهت سرفه که از هوای سرد به هم رسیده باشد <br>و خوردن آن با انزروت مانع ضرر انزروت و مخرج کرم معده و بیعدیل <br>و به دستور با بلادر مانع ضرر آن <br>و خوردن آن با انجیر و سداب جهت رفع مضرت سموم خواه قبل از حصول سم خواه بعد از آن <br>و آشامیدن سوخته آن که با پوست سوخته باشند به مقدار یک مثقال با رب مورد و امثال آن جهت قطع خون بواسیر مجرب <br>و بالخاصیت خوردن مغز آن مسکن مغص و مصلح قروح و به دستور ضماد آن <br>و اکتحال آن جهت جرب و سبل و دمعه مفید <br>و حمول سوخته مغز آن با شراب جهت منع ادرار حیض <br>و ضماد آن با عسل و پیاز و نمک جهت گزیدن سگ دیوانه <br>و چون با زیره کرمانی نرم سوده با عسل سرشته بر سر و بدن مفلوج و ملقو و یا صاحبان اوجاع مفاصل بارده و حمیات بارده بلغمیه مزمنه بمالند و در حمام و یا در آفتاب و یا خانه گرمی و بر فرش گرمی بر طرف مخالف علت در آن هر دو علت و بر پشت در غیر آن بخوابند و بر خود لحاف پر پنبه بیندازند و بگذارند تا خوب عرق شود پس بدن را پاک کرده از زیر آن برآیند و بدن خود را از هوای سرد محفوظ دارند و آب سرد ننوشند در یک دو دفعه زایل گردد و اگر در حمام است در بیت حار آن روند و برهنه شوند و آن را گرم کرده بر سر و تمام بدن بمالند و در فالج و لقوه اگر خواهند به طرف مخالف بخوابند و آن مقدار صبر کنند که خوب عرق کنند پس بدن خود را پاک کنند و استعمال آب مطلقا ننمایند و برآیند و از هوا خود را محفوظ دارند <br>و ضماد تازه‌ تر آن جهت رفع آثار ضربه <br>و دلوک آن جهت ازاله کلف و تشنج وجه <br>و طلای خاییده آن ناشتا جهت قوبای اطفال و ورم سوداوی که زخم شده باشد <br>و به دستور طلای خاییده مغز کهنه آن ناشتا جهت غرب و غانغرایا و جمره و قوبای اطفال و التوای عصب و تمدد و تشنج و اوتار قدمین حادث از برد و یبس و داء الثعلب و ورم پستان <br>و طلای مغز کهنه سوخته آن با زفت جهت قروح سر <br>و مغز آن به سبب لطافت و دهنیت سریع الفساد و استحاله به خلط مراری خصوصا کهنه آن <br><br>و مربای آن با عسل جهت تسمین گرده و تحریک باه بسیار مؤثر <br>و ملین بطن و مقوی معای اعور <br><br>و سرکه پرورده آن تریاق صاحبان ضعف معده <br><br>و جوشانیدن جوز صحیح در روغنی که طعم آن متغیر شده باشد و همچنین سایر اطعمه متغیرالطعم باعث رفع تغیر آنست <br>و گویند از خواص مغز آنست که چون با مس بکوبند و یا بر مس بمالند مس را ریزه کند <br>و گویند چون در فصل خزان مازو را در روغن زیتون بجوشانند به حدی که سیاه گردد و صاف نموده در شیشه کرده پای درخت آن را حفر نموده و ریشه قوی آن را بریده طرف متصل به درخت را در آن شیشه کنند به حدی که به ته شیشه نرسد و در روغن باشد پس اطراف دهن آن را خوب بند نمایند و به خاک بپوشند و نگاهدارند تا زمانی که آن درخت به ثمر آید پس شیشه را بر آورند در آن شیشه چیزی سیاه شبیه به مرکب خواهد بود و آن خضابی است بسیار نیکو و مدتها اثر آن می ماند و از اسرار است و احتیاج به مالیدن بر مو نیست بلکه به محض‌ تر کردن شانه بدان و بر مو کشیدن سیاه می گرداند <br>و چون قبل از موی برآمدن در حمام بر انثیان بمالند مانع روییدن موی سفید گردد و کندی مجرب دانسته <br>و بعضی گفته اند از خواص آنست که چون در زیر سایه آن بخوابند لاغر می گرداند و شخص نائم بیدار می شود در حالتی که مجنون و حواس باخته باشد <br>و چون خواهند که جوز را مقشر نمایند از قشر رقیق ملاصق مغز آن باید که در آرد در ظرف اندک بریان نمایند پس به دست بمالند تا پوست آن جدا گردد <br>","بدل مغز آن به وزن آن حبه الخضراء <br>و بدل روغن آن روغن سداب است. ",و اکثار خوردن آن باعث اخراج حب القرع و موجب ورم لوزتین و بثور دهان خصوصا در محرورین که مضر ایشان است و چون متغیر و متکرج گردد ردی و زبون و با سمیت می باشد نباید استعمال نمود ,خصوصا در محرورین که مضر ایشان است و برای این باید که بعد از خوردن آن دهن را خوب بشویند و انار چاشنی دار بمکند و سکنجبین بخورند و یا اندک خشخاش خوردن نیز مصلح آنستو مداوای (خوردن متکرج) آن قی کردن و ترشی ها خوردن است ,
628,خشخاش,xæʃxɒʃ,herbal,,,,,,Unbalanced Cold And Dry Mizaj; Unbalanced Cold And Dry Mizaj,DryFirst; ColdSecond; DryThird; ColdSecond,IrGO_0003965; IrGO_0003965,Narcotic; Oppilative; Repercussive; Cooling; Thickener; Alleviating; Drying; Dissolver; Binder,IrGO_0000474; IrGO_0000498; IrGO_0000702; IrGO_0000397; IrGO_0000559; IrGO_0000692; IrGO_0000402; IrGO_0000468; IrGO_0000735,skin; stomach; intestine; bladder; yellow bile; head; moisture; thin moisture; lung,burning sensation in the stomach; diarrhea; sanguine diarrhea; yellow biliary diarrhea; dysuria; pain; headache; Ramad; cough; wet cough; wet cough due to thin moisture; chronic diarrhea; swelling; chest pain; thirst; long-term diarrhea; urinary retention,IrGO_0002140; IrGO_0002359; IrGO_0002399; IrGO_0002401; IrGO_0002565; IrGO_0001191; IrGO_0001263; IrGO_0001583; IrGO_0001932; IrGO_0001939; IrGO_0001941; IrGO_0002404; IrGO_0001136; IrGO_0001961; IrGO_0002089; IrGO_0002408; IrGO_0002568,Miskal; Dirham,,به فتح خا و سکون شین و فتح خای معجمتین و الف و شین معجمه به هندی پوست نامند. ,['هندی: پوست'],"دو صنف می باشد بستانی که خشخاش سفید و بری که خشخاش سیاه است <br>اما خشخاش بستانی <br>گیاه آن به قدر دو ذرع تا چهار ذرع به حسب اختلاف آب و هوا و زمین بلند و کوتاه می باشد <br>و برگ آن مشرف و مزغب طولانی و سر قبه و کوزه آن مشرف و قبه کوزه آن نیز به حسب بلاد و اختلاف آب و هوا و زمین بزرگ و کوچک می شود <br>و همچنین لبن آن که افیون است قوی و ضعیف و در افیون ذکر یافت و در ایام بهار می رسد. ","طبیعت پوست آن در دوم سرد و در اول خشک <br>و بعضی در سوم گفته اند و افیون ناگرفته آن قوی‌تر از افیون گرفته. ","پوست آن مخدر و رادع و مسدد <br>و نیم درم آن که صبح ناشتا و شام وقت خواب با آب سرد بنوشند جهت اسهال دموی و صفراوی و التهاب معده و امعا و حرقت مثانه نافع <br>و ضماد آن بر پیشانی جهت درد سر <br>و با حلبه و گلاب که طبخ یافته باشد جهت ابتدای رمد و تسکین درد آن و منع ریختن مواد به اعضا <br>و آشامیدن آن جهت سعال گرم و سعال ‌تر حادث از رطوبت رقیق به سبب تبرید و تغلیظ و تجمید و ردع خود <br>و با شراب عفص قاطع اسهال مزمن <br>و چون خشخاش تازه را با پوست و کنگره آن بکوبند و اقراص سازند جهت سرفه و درد سینه و حرقه البول و تسکین تشنگی و حبس اسهال کهنه و تجفیف رطوبات شربا و نیز تجفیف رطوبات و تحلیل اورام ضمادا.  و همچنین چون بعد از رسیدن جمله آن را در آب طبخ دهند ولیکن ضعیف‌تر از قرص آنست<br>",بدل خشخاش کاهو است. ,مضر ریه,مصلح آن شکر و عسل و مصطکی. ,"تا یک مثقال و نیم.  <br>مقدار شربت (تازه) آن: تا پنج  درهم"
1366,کافور,kɒfur,herbal,Camphor tree,Laurus camphora,,,,Unbalanced MorakkabAlGhovaa Mizaj; Unbalanced Hot And Dry Mizaj,DryMaxThird; ColdMaxThird; DryMaxThird; HotMaxThird,IrGO_0003974; IrGO_0003963,Elating; Psychic spirit elating; Tonic; Theriac; Reinforcer of sexual appetence; Alleviating; Infertilizing; Binder; Thickener; Equilibrating; Lethal toxin; Interrupter of sexual appetence; Heat alleviating; Mizaj equilibrating; Equilibrating of hot Mizaj; Reinforcer of drug action; Sense reinforcer; Reinforcer of brain sense; Maturant; Interrupter of appetency; Narcotic; Weakening; Weakening of sexual appetence; Cooling,IrGO_0000562; IrGO_0000566; IrGO_0000688; IrGO_0000414; IrGO_0000833; IrGO_0000692; IrGO_0000966; IrGO_0000735; IrGO_0000559; IrGO_0000621; IrGO_0000449; IrGO_0000867; IrGO_0000695; IrGO_0000623; IrGO_0000626; IrGO_0000988; IrGO_0000793; IrGO_0000802; IrGO_0000585; IrGO_0000866; IrGO_0000474; IrGO_0000715; IrGO_0000864; IrGO_0000397,lung; heart; brain; yellow bile; kidney; liver; spirit; psychic spirit; tongue; fontanel; eye; head; nose; ear; mouth; tooth; vital spirit; blood; vulvae; stomach; sweat; gastrointestinal organ; stomach; kidney; bladder; semen; wind; cavity,insomnia; kidney stone; bladder stone; aging; fever; fever of humors; Sel; lung ulcer; pleurisy; Kholfeh; yellow biliary Kholfeh; diarrhea; yellow biliary diarrhea; fever; Deqieh fever; hot fever; ulcer; thirst; liver inflammation; kidney inflammation; dysuria; headache; hot headache; yellow biliary headache; acute fever; acute yellow biliary fever; epistaxis; brain hotness; insomnia; swelling; hot swelling; Ramad; Abeleh; dystemperament; eye dystemperament; pain; ear pain; hot ear pain; aphtha; mouth pain; toothache; caries; Qoroun; poisoning; hot toxin poisoning; vicious ulcer; vicious serpiginous ulcer; serpiginous ulcer; wound; hot wound; wound Nazfoddam,IrGO_0001365; IrGO_0002541; IrGO_0002563; IrGO_0003510; IrGO_0002810; IrGO_0002863; IrGO_0001960; IrGO_0001966; IrGO_0001968; IrGO_0002151; IrGO_0002153; IrGO_0002359; IrGO_0002401; IrGO_0002810; IrGO_0002843; IrGO_0002862; IrGO_0003134; IrGO_0002089; IrGO_0002175; IrGO_0002533; IrGO_0002565; IrGO_0001263; IrGO_0001265; IrGO_0001277; IrGO_0002860; IrGO_0002861; IrGO_0001741; IrGO_0001258; IrGO_0001365; IrGO_0001136; IrGO_0001160; IrGO_0001583; IrGO_0002982; IrGO_0001073; IrGO_0001530; IrGO_0001191; IrGO_0001701; IrGO_0001703; IrGO_0001784; IrGO_0001805; IrGO_0001824; IrGO_0001834; IrGO_0002963; IrGO_0003272; IrGO_0003274; IrGO_0003226; IrGO_0003228; IrGO_0003238; IrGO_0003133; IrGO_0003146; IrGO_0003211,Dung,درخت كافور,به فتح کاف و الف و ضم فا و سکون واو و رای مهمله. ,"['هندی: بهیم سینی', 'ریاحی', 'قیصوری', 'کافور موتی']","صمغ درختی است که در زیرباد و در جزیره ای مسمی به ماچین به هم می رسد و آن درختی عظیم می باشد <br>و چوب آن سفید رنگ و رخو گویند در گرمی هوا اکثر پلنگ و مار مجاور درخت آن می باشد <br>و آبی که از آن درخت در حین قطع می چکد مسمی به ماءالکافور و دهن الکافور است و در نهایت تندی رایحه و غلیظی و مایل به سرخی <br>و کافور اقسام می باشد <br>یکی ریاحی به کسر رای و فتح یای مثناه تحتانیه و بای موحده نیز آمده و الف و کسر حای مهمله و یای نسبت و در وجه تسمیه آن گفته اند سبب تصاعد آن با ریاح است از کمال لطافتی که دارد <br>و بعضی گفته اند که ریاح نام پادشاهی است که اول آن را یافته بود و یا در عصر او یافته اند و به نام او اشتهار یافته <br>و این را به هندی بهیم سینی نامند <br>و آن حبوب شبیه به مصطکی می باشد که خود بخود از باطن آن درخت جوش خورده به ظاهر بروز می کند مانند صموغ دیگر <br>و این اعلای همه اقسام است <br>و چون کرمی بدان رسد و یا در آفتاب گذارند نرم و گداخته می گردد و قلیل الوجودتر از سایر اقسام <br>و بعضی گفته اند که بعضی مواضع تنه درخت آن را می خراشند و تیغ می زنند رطوبتی که برمی آید و منجمد می گردد کافور است <br>و بعضی گفته اند شبنمی است که بر درخت کافور می نشیند و منعقد می گردد مانند‌ ترنجبین و شیرخشت و رنگ اینها همه سفید نباتی می باشد.  <br>بهترین همه قسم اول است و بعد از آن قسم دوم و بعد از آن قسم سوم <br>و درخت آن بسیار بلند مانند درخت دیودار می باشد و سفید رنگ و کم شاخ <br>و برگ آن شبیه به برگ مولسری و از برگ و پوست و چوب و جمیع اجزای آن بوی کافور می آید و اهل چین و جزایر بلاد دیگر که در آنها کافور به هم می رسد به سبب خوبی کافور این جزیره از این جزیره می برند <br>و نیز شنیده شد از شخصی که به سخن او کمال وثوق بود که از جوف چوب درخت دارچینی نیز قدری کافور به عمل می آید و از طبخ ریشه های درخت آن نیز.  <br>و اقسام دیگر نیز می باشد همه مجعول مصنوع بعضی مصعد و بعضی غیر مصعد.  <br>مصعد آن سفید لطیف شفاف و قطعه های بزرگتر <br>و مصنوع را بیشتر از بندر چینه که بندری است از بنادر چین در صندوقهای بزرگ چوبی پر کرده می آورند و به وزن منها به من هندوستان و ارزان بها می فروشند و این اندک چرک رنگ است <br>و گفته اند که مصنوع آن اکثر از برگ و بیخ درخت موز و چوب درخت کافور با چند دوای دیگر‌ ترتیب می دهند <br>و نیز شنیده شده که از موم سفید کافوری دو وزن در روغن گل یا بنفشه نیم وزن در هم حل کرده و سنگ رخام را ده وزن نیکو سحق نموده بر آن می پاشند و در هاون با اندک کافور اصلی صلایه می نمایند تا خشک گردد و ریزه ریزه نموده مانند کافور اصلی می سازند <br>و چون خواهند کافور چرک را سفید نمایند طریقه آنست که شیر را جوش نمایند و گرم گرم در کاسه شیشه ای ریزند و قطعه های کافور را در آن اندازند و با انگشت به ملایمت بمالند پس برآورند و بر غربال موی پهن کنند تا خشک گردد و ریزه های آن را در پارچه نازک پاکیزه کرده در میان آن شیر پس به ملایمت بمالند تا چرک آن زایل گردد پس بر روی آن غربال پهن کنند تا خشک گردد <br>و امتحان خالص از غیر خالص به چند طور است یکی به نحوی که ذکر یافت، <br>دوم آنکه در یخ و یا برف گذارند و مشتعل سازند اگر مانند شمع مشتعل گشت خالص است و الا مغشوش <br>و سوم آنکه قطعه شیشه ای را بر آتش گذارند و کافور بر آن ریزند اگر تمام آن گداخت و مرتفع گشت و باقی نماند چیزی خالص است و الا مغشوش، <br>چهارم آنکه در پارچه نان گرمی گذارند اگر عرق کرد و تر شد خالص است و الا فلا، <br>پنجم آنکه اندکی از آن را بر شقیقه پاشند اگر خنکی و سردی بسیاری در چشم ظاهر گشت و آب از چشم برآید خالص است و الا فلا، <br>ششم آنکه رایحه کافور اصلی شبیه به رایحه پوست‌ ترنج و لیمو است با بوی خاصی که دارد به خلاف مغشوش <br>و فی الحقیقت فرق مشکل است مگر آنکه شخصی با حدت ذهن و حدس صایب مکرر هر دو را دیده باشد تا فرق تواند گذاشت <br>و چون کافور زود هوا می گردد و نمی ماند خصوص در ایام گرما و بلاد حاره طریق حفظ آن آنست که در ظرف شیشه ای ضخیم سر تنگ با چند دانه جو و فحم و یا فلفل پر نموده سر آن را خوب مستحکم بندند و به موم گرفته نگاهدارند و عندالحاجت که برآورند باز سر آن را به دستور محکم نمایند <br>و چون خواهند که کافور را استعمال نمایند و در معاجین و مفرحات و حبوب و غیرها باید که کافور را به تنهایی و یا با اندک نبات و با ادویه مناسبه یابسه بارده از ادویه آن ترکیب به آلتی از عقیق به ملایمت که گرم نگردد بسایند و بکار برند. ",سرد و خشک در آخر سوم و با قوای مختلفه ناریه حاره محلله که مرارت آن دلیل آنست و قوت ارضیه بارده یابسه که دلیل بر آن قبض آنست و قوت هواییه لطیفه معتدله که حدت رایحه و عطریت آن دال برآنست و اهل هند بالعکس در آخر سوم تا اول چهارم گرم و خشک دانسته اند. ,"*اعضاءالرأس و الصدر و الغذاء و النفض* مفرح و مقوی دماغ و قلب و حمی و دق و سایر حمیات عنیفه و ذات الجنب و قرحه ریه و سل و اسهال حاره و خلفه صفراوی <br>و دافع تشنگی و التهاب جگر و گرده و حرقه البول است شربا و طلاء و سعوطا <br>و طلای آن با گلاب و صندل سفید و گل فارسی مسکن صداع حار و مقوی حواس و اعضای دماغی <br>و به دستور با روغن گل و خل خمر بر پیشانی جهت صداع صفراوی و شدت حرارت روح دماغی خصوصا در حمیات حاره حاده <br>و بر یافوخ و پیشانی خصوص با آب برگ گشنیز تازه و یا برگ آس و یا برگ لسان الحمل جهت حبس رعاف مجرب <br>و سعوط یک دو جو آن با آب برگ گشنیز تازه و یا سرکه و یا عصیر بسر و یا آب برگ آس و یا بادروج جهت رعاف و با برگ کاهو جهت بیخوابی محرورین و تسکین حرارت دماغ <br>و با روغن گل جهت اورام حاره و اکتحال آن جهت رمد حار با آب گشنیز و سرمه ساییده باعث برنیامدن دانه آبله است در چشم و اگر برآمده باشد باعث زوال آن و به دستور با آب حلزون تازه اما باید که حلزون آب شیرین باشد <br>و قطور آن با روغن گل در بینی جهت سوء مزاج حار ساذج سر و چشم و علامت سوء مزاج ساذج آنست که به ارتفاع و زیادتی آفتاب زیاد و شدید شود و به انحطاط و نقصان آن ضعیف و کم <br>و قطور محلول آن با آب گشنیز تازه در گوش جهت درد گوش حار و قطع رعاف دماغی <br>و سنون و غرغره آن با گلاب جهت درد دندان کرم خورده و قلاع دهان <br>و گذاشتن آن در جوف دندان کرم خورده مانع زیادتی آن <br>و خوردن آن با مشک و عنبر معدل برودت آن و مقوی روح حیوانی و نفسانی مبرودالمزاج و ضعیف.  <br>*السموم*‌ تریاق سموم حاره و عقرب جراره و ربع مثقال و یا زیاده با آب سیب‌ ترش و جهت قرون السنبل با آب انار و شیره خرفه و برف.  <br>*الحمی* جهت حمی دق و سایر حمیات حاره حاده نافع  <br>*الجروح و القروح* ذرور آن جهت قروح خبیثه ساعیه <br>و با ادویه مناسبه جهت زخمهای حاره و جراحات تازه و قطع خون و تسکین درد آن مجرب.  <br>و شیخ الرئیس در ادویه قلبیه نوشته که آن را خاصیت قویه است در تقویت جوهر روح اگر مقدار معتدل از آن بیاشامند و بسا است که اعانت می کند بر تعدیل امزجه حاره و عطریت رایحه آن معین بر خاصیت آنست <br>و گفته اند اگر زن در فرج خود طلا نماید مرد بر آن قادر نگردد حکایت ابن ماسرجوبه گفته مردی از اصحاب مقدار یک مثقال کافور در یک روز بخورد باه او قطع گردید و روز دیگر نیز همان مقدار بخورد باطل شد شهوت جماع او، روز سوم نیز همان مقدار بخورد فاسد شد معده او به حدی که غذا در معده او هضم و نضج نمی یافت <br>و اهل هند آن را مقوی باه می دانند و لهذا در اکثر حلویات و ماست داخل می نمایند و جوارش و حب و دهن و عرق و اقراص آن در قرابادین ذکر یافت. ","دو وزن آن طباشیر <br>و یک وزن آن صندل سفید","مضر مبرودین و صاحبان مزاج ضعیف <br>و مصدع و مضعف معده و آلات غذا و باه حتی اکثار بوییدن آن <br>و منجمد منی و مبرد گرده و مثانه <br>و گفته اند ضرر آن به باه نه به سبب برودت فقط است بلکه به حرارت محلله ریاح آن نیز و در امر ضعف باه از افیون بدتر است جهت آنکه شارب افیون بعد از افاقه از تخدیر آن خللی و آفتی و تعطیلی درآلات تناسل خود نمی یابد به خلاف کافور <br>و مورث بیخوابی خصوص بسیار بوییدن آن <br>و باعث سفیدی موی و پیری و قطع اشتها و نسل و تولید سنگ گرده و مثانه<br>و دو مثقال آن قاطع باه و مفسد معده و گویند دو مثقال آن قاتل است. <br>و حمیات خلطیه را مطلقا مضر چه در اوایل چه در اواخر جهت آنکه در اوایل باعث تغلیظ مواد و در اواخر موجب تحجر آنها است. ","مصلح آن عنبر و مشک و جند بادستر و ادویه حاره و عطره و گلقند و روغن سوسن و گل خیری و بنفشه و نرگس و امثال اینها است<br>و در امزجه بارده باید که تعدیل کرده شود برودت آن را به مشک و عنبر و یبوست آن را به روغن خیری و بنفشه. ",تا یک دانگ
1598,مصطکی,mæstæki,herbal,,Pistacia lentiscus,,,,Unbalanced Hot And Dry Mizaj; Unbalanced Hot And Dry Mizaj; Unbalanced BalancedInHotnessColdness Mizaj,DryMaxSecond; HotMaxSecond; DryThird; HotSecond; HotnessDegree,IrGO_0003963; IrGO_0003963; IrGO_0003955,Tonic; Reinforcer of action and faculty; Attractant; Abstergent; Rubefacient; Alleviating; Tooth germinator; Dissolver; Rarefactive; Constrictive; Laxative; Softening; Binder; Purgative; Conservative; Mind reinforcer; Reinforcer of memory; Incarnative; Reinforcer of digestion faculty; Descending; Stimulant; Bonesetting,IrGO_0000688; IrGO_0000765; IrGO_0000420; IrGO_0000436; IrGO_0000473; IrGO_0000692; IrGO_0000949; IrGO_0000468; IrGO_0000575; IrGO_0000617; IrGO_0000703; IrGO_0000752; IrGO_0000735; IrGO_0000521; IrGO_0000675; IrGO_0000792; IrGO_0000809; IrGO_0000676; IrGO_0000773; IrGO_0000678; IrGO_0000717; IrGO_0000952,bone; stomach; chief organ; tongue; palate; brain; phlegm; moisture; lung; trachea; black bile; hair; eye; ear; mouth; tooth; gingiva; flesh; sanguine; intestine; kidney; liver; wind; viscera; yellow bile; humor; thick humor; body waste; skin; facial skin; bladder,Nazleh disease; headache; cold headache; cold Nazleh; melancholia; obsession; Eya; tetanus; Rasheh; fever; fever chills; pain; eye pain; Ramad; ear obstruction; mouth pain; toothache; cough; kidney wind; bone fracture; swelling; wind swelling; visceral swelling; maldigestion; borborygmi; stomach Bellat; hiccups; wind hiccups; Maghs; wind Maghs; diarrhea; bloody diarrhea; nausea; Zaqqi dropsy; Zahir; gingival laxity; fall injury; blow injury; organ contusion; organ laxity; bone contusion; laceration; cold pain; joint pain; cold joint pain; joint stiffening; ulcer,IrGO_0001138; IrGO_0001263; IrGO_0001270; IrGO_0001453; IrGO_0001391; IrGO_0001407; IrGO_0001183; IrGO_0001508; IrGO_0001512; IrGO_0002810; IrGO_0003116; IrGO_0001191; IrGO_0001535; IrGO_0001583; IrGO_0001730; IrGO_0001805; IrGO_0001824; IrGO_0001932; IrGO_0002524; IrGO_0003194; IrGO_0001136; IrGO_0001141; IrGO_0001232; IrGO_0002064; IrGO_0002066; IrGO_0002067; IrGO_0002127; IrGO_0002131; IrGO_0002313; IrGO_0002316; IrGO_0002359; IrGO_0002409; IrGO_0002119; IrGO_0002217; IrGO_0002298; IrGO_0001859; IrGO_0003179; IrGO_0003184; IrGO_0003196; IrGO_0001218; IrGO_0003198; IrGO_0003173; IrGO_0001193; IrGO_0002739; IrGO_0002746; IrGO_0002758; IrGO_0003134,Miskal,درخت مصطكي,به فتح میم و سکون صاد و فتح طای مهملتین و کسر کاف و یا به ضم میم و فتح کاف نیز آمده و انباری گفته مصطکا به مد الف بر وزن فعلا معرب از مصطخای یونانی است و یا مصطخی رومی و به عربی علک رومی و به سریانی کیا و نیز به رومی و سندی کیه نامند. ,"['یونانی: مصطخا', 'رومی: مصطخی', 'رومی: کیه', 'عربی: علک رومی', 'سریانی: کیا', 'سندی: کیه']","صمغ درختی است که در سباطه از بلاد شام و روم و ناحیه ارمنیه می شود و چوب و برگ آن لطیف و نازک مثل اراک <br>و ثمر آن مایل به تلخی <br>و آن صمغ در هنگام بودن آفتاب در برج جوزا و حوالی آن از درخت آن مستخرج می شود <br>و قوت آن تا بیست سال باقی می ماند و آن دو قسم می باشد<br>قسمی سفید نرم خوشبوی صاف شفاف با اندک شیرینی و چسبندگی بسیار به دندان در وقت خاییدن و<br> تازه آن به حدی نرم است که ساییده نمی شود و این را نبطی نامند <br>و بهترین آن بزرگ دانه آنست <br>و این قسم مثل صموغ دیگر از قوت طبیعت از جوف درخت‌ تراوش کرده بیرون می آید بدون اعانت از خارج به خراش درخت آن و غیره ","گرم و خشک در آخر دوم<br>بعضی (گرم و خشک در آخر دوم) خشک در سوم دانسته اند<br>شیخ الرئیس گفته که این مقدار گرمی و خشکی که در آن است در درخت آن نیست و آن لطیف و معتدل است در سردی و گرمی و مرکب از جوهر لطیف مابی اندک گرم <br>و جوهر کثیف ارضی است و همچنین جمیع اجزای آن. ","ملطف و محلل و جالی و قابض<br> و مقوی قوا و اعضای رئیسه و معده.  <br>*اعضاءالرأس و الصدر* خاییدن آن با اندک صبر جاذب رطوبات و بلاغم از دماغ و کام و زبان <br>و آشامیدن آن رافع صداع بارد و نزلات بارده <br>و به دستور بوییدن و استنشاق آن با روغن زنبق و با هلیلجات جهت وسواس و خبث نفس و مبادی مالیخولیا و تسکین نوازل و تصفیه قصبه ریه برای آنکه مسهل سودا است با آنها <br>و با کندر جهت حدت ذهن و تقویت حفظ فهم <br>و طلای مطبوخ آن با زیت جهت کزاز و رعشه و ضربان و ماندگی اعضاء و لرز حمیات <br>و ذرور آن در چشم جهت الصاق شعر منقلب <br>و چون در آتش اندازند و پارچه پنبه را در گلاب‌ تر کرده به دود آن داشته بر چشم صاحب رمد گذارند درد آن را تسکین دهد <br>و چون با روغن کنجد جوش دهند و در گوش بچکانند سده آن را بگشاید و گرمی را نافع <br>خاییدن و یا سنون آن به تنهایی و یا با ادویه مناسبه جهت استحکام دندان و لثه و رویانیدن گوشت و تسکین درد آن و خوشبویی دهان و جلب رطوبات از حوالی کام و زبان و دماغ و تقویت معده بالمشارکت مفید <br>و آشامیدن آن جهت سرفه و نفث الدم و تصفیه قصبه ریه <br>و با ادویه قاطعه دم حابس آن از هر عضو که باشد.  <br>*اعضاءالغذاء و النفض* آشامیدن آن جهت تقویت معده و امعا و کبد و گرده و خوشبویی معده و برانگیختن اشتهای طعام و کسر ریاح <br>و رفع سوء هضم و قراقر و فواق ریحی و تحلیل ریاح و تحریک جشا و ورم احشا و مغص خصوص با آب گرم یا با آب سرد جهت انحدار رطوبات و رفع بلت از معده.  <br>صاحب شفاءالاسقام گفته چون مصطکی را با آب سرد بیاشامند احداث بلت و رطوبت می نماید در معده به خلاف آنکه با آب گرم بیاشامند <br>و اگر در معده رطوبت بسیار باشد و مصطکی را با آب سرد که در آن گلقند مالیده صاف کرده باشند بیاشامند تلیین طبیعت می نماید به عسر <br>و مداومت بر آن باعث حبس و قبض بطن است <br>و با غاریقون مسهل بلغم <br>و با صبر مسهل صفرا <br>و با هلیلجات مسهل سودا <br>و با کهربا قاطع نفت الدم <br>و چون یک درم آن را با دو درم شکر سوده بیاشامند به آب تلیین طبیعت نماید و تقویت معده بخشد و بادها دفع کند و اخلاط غلیظه بلغمیه را تحلیل دهد و فضول را منحدر سازد و طبع را نرم دارد خواه شب وقت خواب و یا صبح بیاشامند و یا شام و یا قبل از طعام و یا بعد از آن <br>و چون در آب جوش دهند و بیاشامند جهت نفت الدم و حبس اسهال و تقویت معده و احشا <br>و چون یک درم آن را در یک رطل آب در کوزه آب ندیده تازه جوش دهند تا دو ثلث آن برود و بیاشامند و چون صرف گردد تجدید نمایند باز در کوزه تازه دیگر جهت استسقای زقی و غثیان و زحیر و تقویت هضم مجرب و به دستور چون اجزای درخت آن را بجوشانند و صاف کرده بیاشامند <br><br>و جمیع اجزای درخت آن از ثمر و برگ و شاخ و ساق و بیخ همه قابض اند <br>و مسواک کردن به چوب و شاخ های آن جالی دندان و مستحکم کننده آن و لثه مسترخیه <br><br>و پوست درخت آن قائم مقام اقاقیا و عصاره لحیه التیس است که هوفقسطیداس نامند و همچنین عصاره برگ تازه آن <br>*آلات المفاصل و الجروح و القروح* آشامیدن مصطکی جهت جبر کسر و کوفتگی اعضا و ضربه و صدمه و سقطه <br>و نطول آن مقوی اعضای مسترخیه و جابر استخوان شکسته شده و ضربه رسیده و سقطه و کوفتگی اعضا <br>و ذرور مصطکی نرم سوده بر اورام و اوجاع و بی جا شدن اعضا و زخم ها <br>و بستن آنها به پارچه باعث تحلیل اورام و تسکین اوجاع و به جا آمدن عضو بی جا شده و التحام زخمها است خصوص که اول با آب طبیخ اجزای آن عضو را شسته باشند مکرر <br>و مالیدن آن بر اوجاع بارده و تعقد مفاصل با روغنهای گرم محلل و به تنهایی جهت التیام قروح و به دستور تدهین به دهن و گل آن <br>*الزینه *آشامیدن و طلای آن جالی بشره و سرخ کننده رخسار <br>و طریق داخل نمودن مصطکی در‌ تراکیب و جوارشات و حبوب و دهن و سفوف آن در قرابادین کبیر ذکر یافت. ","کندر به وزن آن <br>و یک وزن و نیم علک البطم <br>و در تقویت معده و جگر به وزن آن اذخر گفته اند. ",مصطکی مضر مثانه است،,"مصلح آن خیسانیدن آنست در سرکه انگوری یک شبانه روز پس خشک نموده استعمال نمودن با کثیرا و یا به تنهایی <br>و گویند مصلح آن قند و صمغ عربی است <br>و مغز گردکان و گشنیز نیز گفته اند. ",تا یک مثقال. 
2,آبیل,ɒbil,herbal,,,,Abelia sp,http://bidd.group/CMAUP/plant.php?plant=NPO21495,Unbalanced Hot And Dry Mizaj,DrySecond; HotSecond,IrGO_0003963,Fluid expelling; Diuretic; Lethal toxin,IrGO_0000477; IrGO_0000483; IrGO_0000449,urine,,,Dirham,,این اسم مسموع نیست و بر حرف دوم آن وثوقی نی و آن بیخی است که به حندقوقا ماند و به نبات رطبه مشابهت دارد و در بهار روید و آن را شاخ های بسیار بود و تخم آن به تخم گزر ماند و حکیم میر محمد مؤمن در تحفه نوشته نباتی است بیخش شبیه به شلغم و خوش طعم و برگش مانند اسپست و شاخ های آن بسیار و تخمش مثل تخم زردک و در کنار رودها روید. ,,,گرم و خشک در دوم. ,مدر بول و جهت سپرز آزموده. ,,و نوشته که مؤلف اختیارات بدیعی گوید که آنچه در زمین خشک رسته باشد قاتل است و در اختیارات به نظر نیامده,,تا دو درهم است
225,بدهل,bædhæl,herbal,,,,,,Unbalanced Cold And Wet Mizaj; Unbalanced Hot And Wet Mizaj,WetnessDegree; ColdnessDegree; WetnessDegree; HotnessDegree,IrGO_0003964; IrGO_0003962,Flatulent; Organ generating; Weakening; Weakening of sexual appetence; Semen decreasing,IrGO_0000586; IrGO_0000685; IrGO_0000715; IrGO_0000864; IrGO_0000908,phlegm; yellow bile; semen,fever; phlegmatic fever,IrGO_0002810; IrGO_0002858,,,به فتح با و سکون دال چهار نقطه هندی و فتح ها و سکون لام اسم ثمر درختی هندی است و مشهور به بژهل به رای چهار نقطه هندی است. ,['هندی: بژهل'],"درخت آن عظیم است قریب به درخت گردکان <br>و برگ آن بزرگ و عریض <br>و ثمر آن قریب به تدویر و با زواید <br>و پوست آن مزغب و زرد <br>و مغز آن زرد طلایی و خانه خانه <br>و طعم آن چاشنی دار و بر بعضی شیرینی غالب بر ترشی و بر بعضی بالعکس و رایحه آن قریب به رایحه سفرجل و با زهومت به خلاف سفرجل <br>و پوست و تخم آن را جدا کرده در زیر طعام پلاو می گذارند و در قلیه داخل می کنند با چاشنی آب لیمو و قند لذیذ می گردد <br>و در بنگاله بسیار می شود <br>و در آن تخم های بسیار می باشد و در بعضی که بسیار خوب است تخم کمتر و در بعضی زیاده و شکل تخم های بعضی طولانی به هیأت تخم زردآلو و بعضی اندک مثلث و مغز تخم آن سفید و ترش. ","سرد و تر <br>و بعضی گرم و تر گفته اند.","ثقیل و نفاخ و مولد بلغم <br>و دافع صفرا ",,"اکثار خوردن مغز آن محدث حمیات بلغمیه خصوص در بلغمی مزاجان <br>و مقلل منی و مضعف باه و اشتهای طعام",,
443,جوزالشرک,dʒozo∫∫ærk,herbal,Ethiopian pepper,Amomum granum-paradisi,,"Aframomum granum-paradisi K. Schum. , (Zingiberaceae) , Syn: Amomum granum، paradisi L.
Xylopia aethiopica (Dunal) A. Rich. (Annonaceae)",http://bidd.group/CMAUP/plant.php?plant=NPO16455,Unbalanced Hot And Dry Mizaj,DryThird; HotThird,IrGO_0003963,Dissolver; Deoppilant; Lithontriptic; Fluid expelling; Fluid expelling via uriniation; Diuretic; Sudorific ; Extruding; Abortifacient; Excitant; Exciter of sexual appetence; Exciter of food appetence,IrGO_0000468; IrGO_0000580; IrGO_0000560; IrGO_0000477; IrGO_0000481; IrGO_0000483; IrGO_0000488; IrGO_0000661; IrGO_0000663; IrGO_0000674; IrGO_0000823; IrGO_0000824,wind; bladder; ilium; urine; sweat; lower back; lung,Maghs; severe Maghs; pain; bladder pain; iliac pain; kidney stone; swelling; flabby swelling; paralysis; Laqweh; Qoulanj; Qoulanj pain; lumbar pain,IrGO_0002313; IrGO_0002323; IrGO_0001191; IrGO_0002558; IrGO_0002765; IrGO_0002541; IrGO_0001136; IrGO_0001159; IrGO_0001492; IrGO_0001509; IrGO_0002416; IrGO_0002437; IrGO_0002781,Miskal,هیل,به کسر شین معجمه و سکون رای مهمله و کاف و آن را تین الفیل و جوزالحبشه نیز نامند. ,"['تین الفیل', 'جوز الحبشه']","درختی است عظیم قریب به جوز شامی <br>و ثمر آن به مقدار گردکان و اندک طولانی و مستدیر <br>و پوست آن از آن نازک‌تر و سرخ و در سنبله می رسد و بعد از خشکی تیره رنگ و چین دار می شود و خودبخود از آن جدا می گردد <br>و در زیر آن پوست صلبی و در جوف آن دانه ها شبیه به دانه های انگور و خوشبو با اندک تندی <br>و اهل مصر آن را فلفل السودان نامند و گویند در حدت زیاده از فلفل است <br>و رنگ آن مایل به تیرگی و بنفشی و سرخی. ",در سوم گرم و خشک. ,"محلل ریاح و مغص شدید و مفتح سدد <br>و رافع وجع ورک و عرق النساء و بی خوابی حادث از برودت و مهیج باه و اشتها و با آب گرم مدر بول و مسقط جنین و درد مثانه <br>و آشامیدن آب طبیخ آن جهت تفتیت حصات <br><br>و روغن آن که ساییده با صد مثل آن آب جوش دهند تا به ربع رسد صاف نموده روغن زیتون به وزن آن در آن ریزند و در قدر مضاعف و یا با آتش بسیار ملایم طبخ دهند تا آب برود و روغن بماند جهت فالج و لقوه و درد کمر و قولنج و اورام رخو و اوجاع سایر اعضا مفید. ",نصف آن فلفل و در تحریک باه انجره است <br>و گویند چون آن را با ربع آن فلفل بسایند و در آب طبخ دهند پس در آن آب کرسنه را جوش دهند تا آب خشک گردد مخلوط به فلفل نمایند فرقی چندان نمی کند از فلفل چنانچه بعضی نامقیدان فلفل را چنین مغشوش می نمایند. ,مضر ریه و مصدع،,مصلح آن کثیرا. ,تا یک مثقال. 
740,ذنب السبع,zænbossæboʔ,herbal,,Cirsium arvensis,,,,Unbalanced Hot And Dry Mizaj; Unbalanced Cold Mizaj,DrySecond; HotFirst; ColdnessDegree,IrGO_0003963; IrGO_0003959,Alleviating,IrGO_0000692,bone; eyelid,swelling; pain; joint pain; wound; eyelid laxity,IrGO_0001136; IrGO_0001191; IrGO_0002739; IrGO_0003133; IrGO_0001675,Miskal,کنگر صحرایی,به فتح سین مهمله و ضم بای موحده و عین مهمله. ,,"گیاهی است ساق آن بقدر دو ذرع و اسفل آن مثلث و اعالی آن مستدیر پر خارهای نرم از هم دور <br>و برگ آن شبیه به برگ گاوزبان و مزغب و از آن کوچکتر و مایل به سفیدی و اطراف آن خاردار و در سرهای آن چیزی مستدیر و مزغب و بنفش رنگ و جسمی در وسط آن رسته مانند پشم <br>و قوت آن تا سه سال باقی می ماند. ","در اول گرم و در دوم خشک با رطوبت لزجه و قوت قابضه <br>و بعضی سرد دانسته اند. ","جهت رفع اورام بیعدیل <br>و جهت التیام جراحات و تسکین درد مفاصل <br>و چون بیخ تازه آن را بخراشند و رطوبتی که از آن برآید بر عضو مؤلم بمالند تسکین دهد در حال <br>و بیخ آن جهت استحکام استخوان شکسته شربا بقدر یک مثقال و ضماد آن نیز نافع <br>و طلا و عصاره آن جهت استرخای اجفان <br>و تعلیق آن جهت تسکین درد اعضا مفید. ",,مصدع،,مصلح آن عنب الثعلب,یک مثقال است. 
1016,شیرخشت,ʃejr xeʃt,herbal,"Cluster-flower cotoneaster; Black-Wood, Cotoneaster",Cotoneaster nummularia,,"Cotoneaster racemiflorus (Desf.) Booth. ex Bosse. (Rosaceae) Syn: Cotoneaster nummularia Fich & Mey. , Mespilus racemiflora , Cotoneaster fontanesii
Cotoneaster nigra Wahl.
Cotoneaster vulgaris L.
Atraphaxis spinosa L. (Polygonaceae)
Atraphaxis cotonester?",http://bidd.group/CMAUP/plant.php?plant=NPO20084,Unbalanced Hot Mizaj,HotMaxFirst,IrGO_0003958,Abstergent; Purgative; Laxative; Softening; Thinning; Organ generating; Semen producing; Purgative in acute hot fever; Purgative in the hot-tempered; Tonic; Reinforcer of action and faculty; Reinforcer of sexual appetence; Refreshing of cheek; Alleviating; Heat alleviating; Flare alleviating; Gentle purgative; Purgative in infants,IrGO_0000436; IrGO_0000521; IrGO_0000703; IrGO_0000752; IrGO_0000492; IrGO_0000685; IrGO_0000907; IrGO_0000549; IrGO_0000550; IrGO_0000688; IrGO_0000765; IrGO_0000833; IrGO_0000925; IrGO_0000692; IrGO_0000695; IrGO_0000699; IrGO_0000523; IrGO_0000548,humor; burnt humor; compound humor; yellow bile; viscera; stomach; liver; heart; throat; lung; sweat; thin humor; facial skin; milk; stomach; semen; wind; humor; thin humor,borborygmi; stomach borborygmi; borborygmi of winds in stomach; premature ejaculation; Qoulanj; swelling; stomach swelling; liver swelling; throat coarseness; cough; chest coarseness; Karab; diarrhea; Nazleh; acute disease; hot disease; hot acute disease; skin scar; Qoulanj,IrGO_0002066; IrGO_0002069; IrGO_0002070; IrGO_0002595; IrGO_0002416; IrGO_0001136; IrGO_0002099; IrGO_0002184; IrGO_0001886; IrGO_0001932; IrGO_0001962; IrGO_0002012; IrGO_0002359; IrGO_0001450; IrGO_0001084; IrGO_0001085; IrGO_0001086; IrGO_0002996; IrGO_0002416,Miskal,شیرخشت,به کسر شین و سکون یای مثناه تحتانیه و رای مهمله و کسر خا و سکون شین معجمتین و تای مثناه فوقانیه به فارسی شیرخشک نامند. ,['فارسی: شیرخشک'],"گفته اند طل یعنی شبنمی است که در بلاد خراسان و هرات و بعضی بلاد فرنگ نیز بر درختی که آن را به زبان دهات نواح خراسان کشیرو در درختی دیگر که کبیرو نامند می نشیند و آن درخت به قدر دو سه قامت بلند می شود <br>و چوب آن خالدار زرد و سفید و اندک ثقیل الوزن است و از آن عصا می سازند و کمیاب و قیمتی است جهت آنکه چوب آن اکثر کج واج می باشد <br>و تحقیق آنست که آن از قبیل صمغ است که از گره های آن درخت برمی آید و منعقد می گردد و از قبیل طل یعنی شبنم نیست و اسم آن نیز دلالت بر آن می کند جهت آنکه گفته اند که خشت به لغت اهل آن نواح به معنی صمغ است و بعد اضافه و ترکیب کشیرو یا کبیرو بدان و حذف کاف از اول کشیرو و کبیرو و اسقاط واو از اول وخشت و آخر کشیرو یا کبیرو برای تخفیف شیرخشت و بیرخشت گردید و نیز آن را به فارسی شیرخشک می نامند یعنی لبن منجمد و مجفف پس لبن که به فارسی شیر نامند غیر طل است که شبنم باشد <br>و بهترین آن حبهای بزرگ سفید شیرین خالص آنست که چون در دهان گذارند زود گداخته گردد و کام و زبان را بسیار شیرین و سرد گرداند و با جلا و تقطیعی باشد <br>و شیرینی طعم آن شیرینی خاص است ورای شیرینی شکر و عسل <br>و مغشوش و مصنوع از آرد جو و شکر را این صفت نیست <br>و نصاری در این اوقات از بلاد ایتالیان بسیار می آورند و می گویند در آنجا بسیار به هم می رسد <br>و از قبیل شبنم است و از آنچه بر شاخ های اشجار و سنگهای پاکیزه افتاده و یا در چادری و یا غیر آن با احتیاط اخذ نموده اند سفید خالص می باشد و آنچه بر زمین ریخته مخلوط به خاک و مایل به تیرگی است و این نوع مطلقا دهان را خوب سرد نمی گرداند و زود در آب گداخته نمی گردد مانند شیرخشت خراسانی اما در قوت اسهال قریب بدان است <br>و گویند در بلاد صوبه بهار که مشهور به عظیم آباد و پتنه و بهاکلپور و نواح آن از علفی که آن را به هندی کترا می نامند چیزی شبیه به شیرخشت به عمل می آید بدین قسم که چون علفها را بریدند ضابطه است که بیخ آن را آتش می زنند بعد از آن از بیخ آنها رطوبتی جوشیده برمی آید و مانند دانه نقلی سفید بسته می گردد و آن دانه نقل در جمیع اوصاف مانند شیرخشت است و آن را به زبان مردم آنجا هرلالو و به فرنگی مانه نامند و حکیم میر عبدالحمید نوشته که من خود تجربه نمودم مانند شیرخشت است. ",در آخر اول گرم و در رطوبت و یبوست معتدل. ,"جالی و ملین طبع و مسهل صفرا و اخلاط سوخته و مرکبه و رقیقه <br>و مقوی جگر و معده و احشا <br>و مسکن حرارت و لهیب معده و قلب و جگر و ورم آن <br>و جهت سرفه و خشونت سینه و حلق و تبهای حادث از مواد رقیقه <br>و نیکو مسهلی است و اسهال آن به رفق بدون کرب و اذیت و اضطراب و احداث حرارت حتی که اطفال و پیران و ضعفا را موافق است <br>و اگر نزله و سرفه نباشد با گلاب بهتر است و عمل آن بیشتر و الا با ادویه مناسبه دیگر <br>و با ماءالشعیر بهترین مسهل است از برای صاحبان تب حار حاد و محرورالمزاجان و امراض حاره حاده که در نیم آثار ماءالشعیر که قریب به یک رطل است و یا زیاده مقدار پنج شش توله تا هشت توله شیرخشت را حل نموده صاف کرده روغن بادام مقدار دو درم بر آن چکانیده گرم کرده بنوشند و هرگاه تشنه شوند و یا قصور در اسهال نماید عرق رازیانه و یا قدری ماءالعشیر نیم گرم کرده بنوشند.  <br>و در جمیع افعال سوای تقویت باه و ضرر صاحبان قولنج مانند‌ ترنجبین است <br>و شیخ الرئیس در بعضی مقالات قانون گفته که شیرخشت با وجود آنکه مسهل اخلاط رقیقه است مضر صاحبان قولنج است <br>و ضماد آن ملین و جالی بشره و با شیر جهت طراوت گونه مؤثر است. ",به وزن آن ترنجبین,"مولد ریاح و قراقر در معده و ترقیق منی و باعث سرعت انزال است به سبب جلایی که دارد.  <br>و شیخ الرییس در بعضی مقالات قانون گفته که شیرخشت با وجود آنکه مسهل اخلاط رقیقه است مضر صاحبان قولنج است",مولد ریاح و قراقر در معده و ترقیق منی و باعث سرعت انزال است به سبب جلایی که دارد، مصلح آن روغن بادام و رازیانه,تا بیست و پنج مثقال. 
1298,قرقومعما,ɢærɢumæʔmɒ,herbal,,,,,,Unbalanced Hot And Dry Mizaj,DryThird; HotThird,IrGO_0003963,Heating; Maturant; Tonic; Abstergent; Reinforcer of vision; Dissolver; Fluid expelling; Diuretic,IrGO_0000391; IrGO_0000585; IrGO_0000688; IrGO_0000436; IrGO_0000796; IrGO_0000468; IrGO_0000477; IrGO_0000483,nerve; urine; eye; spirit,skin scar,IrGO_0002996,,,به فتح قاف و سکون را و ضم قاف و سکون واو و فتح میم و سکون عین معجمه و میم و الف و قرقوعما نیز آمده.  لغت یونانی است. ,"['حکیم میر محمد هاشم طهرانی: دهن زعفران', 'قرقوعما', 'ثفل دهن زعفران']","ثفل دهن زعفران است زیرا که قرقو زعفران است و معما ثفل را نامند و مختار <br>و بهترین آن خوشبوی سنگین سیاه رنگ آنست که در آن چوب نباشد و چون بخایند به دندان بچسبد و دندان را رنگین کند <br>و چون در آب حل کنند آب را رنگین به رنگ زعفران نماید <br>و انطاکی دهن زعفران دانسته. ",در سوم گرم و خشک. ,"منضج و مسخن و مقوی اعصاب <br>و محلل صلابات و مدر بول <br>و اکتحال آن جالی آثار و رافع ظلمت چشم و مقوی روح باصره است. ",,,,
1521,لوعجیدیطوس,luʔdʒiditus,herbal,,,,,,Unbalanced Hot Mizaj,HotnessDegree,IrGO_0003958,,,skin,Jarab,IrGO_0002947,,,به ضم لام و سکون واو و فتح عین مهمله و کسر جیم و سکون یای مثناه تحتانیه و کسر دال مهمله و سکون یای مثناه تحتانیه و ضم طای مهمله و سکون واو و سین مهمله. ,,"ابن تلمیذ و محمد ابن احمد گفته اند گیاهی است <br>برگ آن شبیه به برگ اسقولوقندریون <br>و تخم آن مثلث شکل و بری و بستانی می باشد ",بری آن گرم‌تر از بستانی. ,"آشامیدن برگ خشک آن و ضماد پوست آن با سرکه جهت جرب مجرب <br>و جمیع اجزای آن جهت التیام زخمها مفید است. ",,,,
1783,رب به شیرین,rob-e-beh-e-∫irin,herbal,,,,,,Unbalanced BalancedDryInclined Mizaj,SlightlyDry,IrGO_0003950,Purgative from the intestine; Purgative from the stomach; Alleviating; Heat alleviating; Vapor-ascend alleviating; Purgative; Squeezing purgative,IrGO_0000540; IrGO_0000542; IrGO_0000692; IrGO_0000695; IrGO_0000696; IrGO_0000521; IrGO_0000525,stomach; intestine; head; humor; vapor; yellow bile,visceral weakness; pain; headache; stomach pain; thirst; vomiting; diarrhea; choleric diarrhea; yellow biliary vomiting; nausea; yellow biliary nausea,IrGO_0001230; IrGO_0001191; IrGO_0001263; IrGO_0002053; IrGO_0002089; IrGO_0002113; IrGO_0002359; IrGO_0002383; IrGO_0002114; IrGO_0002119; IrGO_0002123,Dirham,,,,,"قریب به اعتدال <br>و یبوست در آن غالب <br>و قبض آن کمتر از‌ ترش آن","و در جمیع افعال مانند آن (رب به‌ ترش) <br>و جهت صاحبان احشای ضعیفه انسب از آن.  <br>قاطع قی و اسهال مراری و مانع صعود بخارات به سر و مسکن تشنگی و حرارت و درد معده و امعا که از خلط موجود باشد <br>و مسهل به عصر <br>و با آب برگ نعناع جهت منع غثیان و قی خصوصا صفراوی آن",,,,تا بیست درهم
1976,تخم نوارس,toxm-e-nævɒres,herbal,,,,,,Unbalanced Hot And Dry Mizaj,DrySecond; HotSecond,IrGO_0003963,Toxin counteractant,IrGO_0000413,,poisoning; lethal drug poisoning,IrGO_0003272; IrGO_0003276,,,,,,تخم آن در دوم گرم و خشک و ,"*السموم* تخم آن رافع سموم قتاله و مقاوم آنها<br>",,,,
2197,عدس بری (نبقه),ʔædæs-e-bærri,herbal,,,,,,Unbalanced Dry Mizaj,DrynessDegree,IrGO_0003961,Fluid expelling; Diuretic; Emmenagogue; Purgative,IrGO_0000477; IrGO_0000483; IrGO_0000486; IrGO_0000521,urine; menstruation,,,,,,, بری آن کوچک‌تر مایل به تدویر و تلخ و آن را نبقه نامند ,و یبس بری آن غالب  ,و بری آن مسهل و مدر هر دو. (بول و حیض),,,,
2414,قسم چهارم زقوم,ɢesm-e-t∫ɒhɒrom-e-zæɢum,herbal,,,,,,,,,,,,,,,,,,و نوع چهارم ساق و شاخ های آن کم خار و از آن تارها بقدر یک شبر و زیاده و بقدر انگشت باریکی آویخته می باشد ,,,,,,
2627,یتوع لاغیه ماده (جوزی),,herbal,,,,,,,,,,,,,,,,,,"و اما نوع ماده آن که آن را جوزی نامند شبیه به نبات اذان الفار و از آن بزرگتر و قوی‌تر و سفیدتر <br>و برگ آن شبیه به برگ مورد و از آن بزرگتر و بدبو و اطراف آن تند و خاردار و شاخ های آن بقدر یک شبر از بیخ آن روییده <br>و ثمر آن در بعضی سالها بیشتر و بعضی کمتر و در بزرگی بقدر جوز کوچکی و اندک گزنده زبان مانند پوست گردکان <br>و بیخ آن نیز شبیه به بیخ آن <br>و منبت این نیز زمینهای صلب و کوهستانها",,و لبن و بیخ و برگ و ثمر آن در قوت مانند صنف اول و از آن قوی‌تر,,,,
2827,تخم قطف بری,,herbal,,,,,,,,,Expellant; Expellant of gestational membrane; Expellant of gestational membrane residue,IrGO_0000631; IrGO_0000650; IrGO_0000651,,,,,,,,,,تخم بری آن را چون به قدر سه مثقال و نیم در نود مثقال آب بجوشانند تا به نصف رسد پس بمالند و صاف کنند و بیاشامند جهت اخراج مشیمه که برنیاید و سه چهار روز یا زیاده مانده باشد مجرب دانسته اند,,,,
3023,گل رطبه,,herbal,,,,,,,,,,,,Laqweh,IrGO_0001509,,,,,,,"و گل آن ضعیف‌تر از تخم آنست <br>و مداومت دخان آن جهت لقوه نافع. ",,,,
3221,پوست درخت پیپل,,herbal,,,,,,Unbalanced Hot And Dry Mizaj,DrynessDegree; HotnessDegree,IrGO_0003963,Dissolver,IrGO_0000468,skin,swelling; laceration; Nasour,IrGO_0001136; IrGO_0003173; IrGO_0003206,,,,,,گرم و خشک. ,ضماد پوست درخت آن که ضخیم باشد جهت تحلیل اورام و زخم ناصور ,,,,
3401,عصاره آنس النفس,,herbal,,,,,,,,,,,eye,Bayaz,IrGO_0001615,Dirham,,,,,,و قطور عصاره آن بیاض چشم را زایل گرداند ,,,,و از عصاره و طبیخ آن تا هجده درم. 
