Recipe_id,Calories,cook_time,prep_time,servings,Recipe_title,total_time,url,Region,Sub_region,Continent,Source,img_url,"Carbohydrate, by difference (g)",Energy (kcal),Protein (g),Total lipid (fat) (g),Utensils,Processes,vegan,pescetarian,ovo_vegetarian,lacto_vegetarian,ovo_lacto_vegetarian,ingredients,instructions,nutritions.Adjusted Protein (g),nutritions.Alanine (g),"nutritions.Alcohol, ethyl (g)",nutritions.Arginine (g),nutritions.Ash (g),nutritions.Aspartic acid (g),nutritions.Beta-sitosterol (mg),nutritions.Betaine (mg),nutritions.Caffeine (mg),"nutritions.Calcium, Ca (mg)",nutritions.Campesterol (mg),"nutritions.Carbohydrate, by difference (g)","nutritions.Carotene, alpha (g)","nutritions.Carotene, beta (g)",nutritions.Cholesterol (mg),"nutritions.Choline, total (mg)","nutritions.Copper, Cu (mg)","nutritions.Cryptoxanthin, beta (g)",nutritions.Cystine (g),nutritions.Dihydrophylloquinone (g),nutritions.Energy (kJ),nutritions.Energy (kcal),"nutritions.Fatty acids, total monounsaturated (g)","nutritions.Fatty acids, total polyunsaturated (g)","nutritions.Fatty acids, total polyunsaturated 15:0 (g)","nutritions.Fatty acids, total polyunsaturated 16:1 c (g)","nutritions.Fatty acids, total polyunsaturated 16:1 t (g)","nutritions.Fatty acids, total polyunsaturated 17:0 (g)","nutritions.Fatty acids, total polyunsaturated 17:1 (g)","nutritions.Fatty acids, total polyunsaturated 18:1 c (g)","nutritions.Fatty acids, total polyunsaturated 18:1 t (g)","nutritions.Fatty acids, total polyunsaturated 18:2 CLAs (g)","nutritions.Fatty acids, total polyunsaturated 18:2 i (g)","nutritions.Fatty acids, total polyunsaturated 18:2 n-6 c,c (g)","nutritions.Fatty acids, total polyunsaturated 18:2 t not further defined (g)","nutritions.Fatty acids, total polyunsaturated 18:2 t,t (g)","nutritions.Fatty acids, total polyunsaturated 18:3 n-6 c,c,c (g)","nutritions.Fatty acids, total polyunsaturated 20:2 n-6 c,c (g)","nutritions.Fatty acids, total polyunsaturated 20:3 undifferentiated (g)","nutritions.Fatty acids, total polyunsaturated 22:1 c (g)","nutritions.Fatty acids, total polyunsaturated 22:1 t (g)","nutritions.Fatty acids, total polyunsaturated 24:0 (g)","nutritions.Fatty acids, total polyunsaturated 24:1 c (g)","nutritions.Fatty acids, total saturated (g)","nutritions.Fatty acids, total saturated 10:0 (g)","nutritions.Fatty acids, total saturated 12:0 (g)","nutritions.Fatty acids, total saturated 14:0 (g)","nutritions.Fatty acids, total saturated 14:1 (g)","nutritions.Fatty acids, total saturated 16:0 (g)","nutritions.Fatty acids, total saturated 16:1 undifferentiated (g)","nutritions.Fatty acids, total saturated 18:0 (g)","nutritions.Fatty acids, total saturated 18:1 undifferentiated (g)","nutritions.Fatty acids, total saturated 18:2 undifferentiated (g)","nutritions.Fatty acids, total saturated 18:3 undifferentiated (g)","nutritions.Fatty acids, total saturated 18:4 (g)","nutritions.Fatty acids, total saturated 20:0 (g)","nutritions.Fatty acids, total saturated 20:1 (g)","nutritions.Fatty acids, total saturated 20:4 undifferentiated (g)","nutritions.Fatty acids, total saturated 20:5 n-3 (EPA) (g)","nutritions.Fatty acids, total saturated 22:0 (g)","nutritions.Fatty acids, total saturated 22:1 undifferentiated (g)","nutritions.Fatty acids, total saturated 22:5 n-3 (DPA) (g)","nutritions.Fatty acids, total saturated 22:6 n-3 (DHA) (g)","nutritions.Fatty acids, total saturated 4:0 (g)","nutritions.Fatty acids, total saturated 6:0 (g)","nutritions.Fatty acids, total saturated 8:0 (g)","nutritions.Fatty acids, total trans (g)","nutritions.Fatty acids, total trans-monoenoic (g)","nutritions.Fatty acids, total trans-polyenoic (g)","nutritions.Fatty acids, total trans-polyenoic 13:0 (g)","nutritions.Fatty acids, total trans-polyenoic 15:1 (g)","nutritions.Fatty acids, total trans-polyenoic 18:1-11 t (18:1t n-7) (g)","nutritions.Fatty acids, total trans-polyenoic 18:3 n-3 c,c,c (ALA) (g)","nutritions.Fatty acids, total trans-polyenoic 18:3i (g)","nutritions.Fatty acids, total trans-polyenoic 20:3 n-3 (g)","nutritions.Fatty acids, total trans-polyenoic 20:3 n-6 (g)","nutritions.Fatty acids, total trans-polyenoic 20:4 n-6 (g)","nutritions.Fatty acids, total trans-polyenoic 21:5 (g)","nutritions.Fatty acids, total trans-polyenoic 22:4 (g)","nutritions.Fiber, total dietary (g)","nutritions.Fluoride, F (g)","nutritions.Folate, DFE (g)","nutritions.Folate, food (g)","nutritions.Folate, total (g)",nutritions.Folic acid (g),nutritions.Fructose (g),nutritions.Galactose (g),nutritions.Glucose (dextrose) (g),nutritions.Glutamic acid (g),nutritions.Glycine (g),nutritions.Histidine (g),nutritions.Hydroxyproline (g),"nutritions.Iron, Fe (mg)",nutritions.Isoleucine (g),nutritions.Lactose (g),nutritions.Leucine (g),nutritions.Lutein + zeaxanthin (g),nutritions.Lycopene (g),nutritions.Lysine (g),"nutritions.Magnesium, Mg (mg)",nutritions.Maltose (g),"nutritions.Manganese, Mn (mg)",nutritions.Menaquinone-4 (g),nutritions.Methionine (g),nutritions.Niacin (mg),nutritions.Pantothenic acid (mg),nutritions.Phenylalanine (g),"nutritions.Phosphorus, P (mg)",nutritions.Phytosterols (mg),"nutritions.Potassium, K (mg)",nutritions.Proline (g),nutritions.Protein (g),nutritions.Retinol (g),nutritions.Riboflavin (mg),"nutritions.Selenium, Se (g)",nutritions.Serine (g),"nutritions.Sodium, Na (mg)",nutritions.Starch (g),nutritions.Stigmasterol (mg),nutritions.Sucrose (g),"nutritions.Sugars, total (g)",nutritions.Theobromine (mg),nutritions.Thiamin (mg),nutritions.Threonine (g),"nutritions.Tocopherol, beta (mg)","nutritions.Tocopherol, delta (mg)","nutritions.Tocopherol, gamma (mg)","nutritions.Tocotrienol, alpha (mg)","nutritions.Tocotrienol, beta (mg)","nutritions.Tocotrienol, delta (mg)","nutritions.Tocotrienol, gamma (mg)",nutritions.Total lipid (fat) (g),nutritions.Tryptophan (g),nutritions.Tyrosine (g),nutritions.Valine (g),"nutritions.Vitamin A, IU (IU)","nutritions.Vitamin A, RAE (g)",nutritions.Vitamin B-12 (g),"nutritions.Vitamin B-12, added (g)",nutritions.Vitamin B-6 (mg),"nutritions.Vitamin C, total ascorbic acid (mg)",nutritions.Vitamin D (D2 + D3) (g),nutritions.Vitamin D (IU),nutritions.Vitamin D2 (ergocalciferol) (g),nutritions.Vitamin D3 (cholecalciferol) (g),nutritions.Vitamin E (alpha-tocopherol) (mg),"nutritions.Vitamin E, added (mg)",nutritions.Vitamin K (phylloquinone) (g),nutritions.Water (g),"nutritions.Zinc, Zn (mg)"
3779,207.0,50,15,8,Whole Rice and Lentils (Majadara),65,http://allrecipes.com/recipe/222902/whole-rice-and-lentils-majadara/,Middle Eastern,Israeli,Asian,AllRecipes,https://images.media-allrecipes.com/userphotos/560x315/3610232.jpg,160.0677,1242.0815,16.7013,60.6352,pot,heat||heat||cook||stir||add||stir||add||stir||stir||cover||place||simmer||heat,0.0,0.0,0.0,0.0,0.0,"[{'ingredient': 'olive oil', 'quantity': '1/4', 'unit': 'cup', 'ndb_id': '4053'}, {'ingredient': 'onion', 'state': 'chopped', 'quantity': '1', 'ndb_id': '11282'}, {'ingredient': 'garlic', 'state': 'chopped', 'quantity': '3', 'unit': 'cloves', 'ndb_id': '11215'}, {'ingredient': 'ginger root', 'state': 'chopped', 'quantity': '1', 'unit': 'teaspoon', 'ndb_id': '11216'}, {'ingredient': 'brown rice', 'quantity': '1', 'unit': 'cup', 'ndb_id': '20036'}, {'ingredient': 'green lentil', 'quantity': '1', 'unit': 'cup', 'ndb_id': '93600'}, {'ingredient': 'cumin', 'state': 'ground', 'quantity': '1', 'unit': 'teaspoon', 'ndb_id': '2014'}, {'ingredient': 'salt', 'quantity': '1', 'unit': 'teaspoon', 'ndb_id': '10165'}, {'ingredient': 'black pepper', 'state': 'ground', 'quantity': '1/2', 'unit': 'teaspoon', 'ndb_id': '2030'}, {'ingredient': 'cinnamon', 'state': 'ground', 'quantity': '1/2', 'unit': 'teaspoon', 'ndb_id': '18964'}, {'ingredient': 'water', 'quantity': '2 1/2', 'unit': 'cups', 'ndb_id': '14555'}]","['Heat olive oil in a pot over medium heat.', 'Cook and stir onion and garlic until onion has softened, 5 to 7 minutes.', 'Add ginger and stir until fragrant, 1 minute.', 'Add brown rice and stir to coat rice with oil.', 'Stir lentils, cumin, salt, black pepper, and cinnamon into rice mixture.', 'Cover with water.', 'Place lid on pot and simmer over low heat until lentils are tender and rice has absorbed the water, about 45 minutes.']",0.0,0.9077,0.0,1.3312,3.5403,1.5755,0.0,0.3064,0.0,152.1955,0.0,160.0677,0.138,21.517,0.0,52.3996,0.7236,0.2875,0.1912,0.0,5192.072,1242.0815,41.6757,7.6638,0.0037,0.0074,0.0,0.0119,0.0675,1.9295,0.0,0.0,0.0,1.789,0.0018,0.0,0.0,0.0,0.0017,0.0,0.0,0.0314,0.0,8.673,0.0324,0.0116,0.0385,0.0002,7.0388,0.6909,1.1755,40.7237,7.178,0.484,0.0,0.2514,0.1928,0.0,0.0,0.0697,0.0,0.0,0.0,0.0,0.0001,0.005,0.0018,0.0,0.0018,0.0,0.0,0.0,0.0609,0.0,0.0,0.0,0.0,0.0,0.0,9.9505,2.0433,71.9455,71.9455,71.9455,0.0,1.9376,0.0017,2.9578,3.4721,0.7849,0.4073,0.0,4.6742,0.6673,0.0,1.2938,22.069,0.23,0.6476,254.2125,0.0,5.8433,0.0,0.3424,12.3752,2.2285,0.8185,645.596,144.626,779.2615,0.7322,16.7013,0.0,0.2359,33.8426,0.8146,33.728,134.1435,0.0,2.7062,7.7597,0.0,1.1027,0.5875,0.1334,0.0,0.8751,0.8838,0.1665,0.111,2.479,60.6352,0.2147,0.5856,0.9276,36.7705,1.6545,0.0,0.0,1.1892,14.1697,0.0,0.0,0.0,0.0,8.9833,0.0,36.3689,755.0391,4.4212
4848,256.0,10,25,4,Turkish Walnut Soup,35,http://allrecipes.com/recipe/218489/turkish-walnut-soup/,Middle Eastern,Turkish,Asian,AllRecipes,https://images.media-allrecipes.com/images/79591.png,98.5731,2528.84,19.1005,236.6548,pan||pan||board||saucepan||processor||cup||saucepan,roast||heat||stirring||remove||heat||pour||cool||chop||heat||heat||stir||cook||stir||add||zest||boil||puree||pour||boil||simmer||remove||heat||stir||season||taste||garnish,0.0,0.0,0.0,0.0,0.0,"[{'ingredient': 'walnut', 'state': 'shelled', 'quantity': '1', 'unit': 'cup', 'ndb_id': '4528'}, {'ingredient': 'olive oil', 'quantity': '1', 'unit': 'tablespoon', 'ndb_id': '4053'}, {'ingredient': 'shallot', 'state': 'chopped', 'quantity': '3', 'ndb_id': '11677'}, {'ingredient': 'garlic', 'state': 'chopped', 'quantity': '3', 'unit': 'cloves', 'ndb_id': '11215'}, {'ingredient': 'orange', 'state': 'zested juiced', 'quantity': '2', 'ndb_id': '9200'}, {'ingredient': 'cinnamon', 'state': 'ground', 'quantity': '1', 'unit': 'pinch', 'ndb_id': '18964'}, {'ingredient': 'vegetable stock', 'quantity': '4', 'unit': 'cups', 'ndb_id': '6700'}, {'ingredient': 'yogurt', 'quantity': '1/2', 'unit': 'cup', 'ndb_id': '1116'}, {'ingredient': 'salt black pepper', 'state': 'ground', 'quantity': 'to taste', 'ndb_id': '93600'}, {'ingredient': 'cilantro', 'state': 'chopped', 'quantity': '1/4', 'unit': 'cup', 'ndb_id': '11165'}]","['Roast the walnuts in a dry frying pan over medium heat, stirring frequently, until golden brown and fragrant.', 'Remove the pan from the heat, and pour walnuts onto a cutting board to cool slightly.', 'Coarsely chop the nuts.', 'Heat the olive oil in a saucepan over medium heat.', 'Stir in the shallots and garlic.', 'Cook and stir until the shallots have softened and turned translucent, about 3 minutes.', 'Add the chopped walnuts, orange zest, orange juice, and cinnamon, and boil for 1 minute.', 'Puree the mixture in a blender or food processor with 1 cup of vegetable stock.', 'Return the soup to the saucepan and pour in the remaining 3 cups of vegetable stock.', 'Bring to a boil.', 'Reduce the heat and simmer for 4 to 5 minutes.', 'Remove from heat.', 'Stir in the yogurt, and season with salt and black pepper to taste.', 'Garnish with chopped cilantro.']",0.0,0.7394,0.0,1.0582,11.2252,1.4983,0.08,0.0135,0.0,374.45,0.0,98.5731,568.025,1164.74,15.925,79.6545,0.5523,16.78,0.0458,0.0,10591.935,2528.84,60.7727,139.7758,0.0088,0.0,0.0,0.003,0.0169,0.0442,0.0,0.0,0.0,0.0354,0.0,0.0,0.0,0.0,0.0,0.0,0.0,0.0,0.0,24.6085,0.1406,0.136,0.4379,0.0,18.0568,0.4747,5.1052,59.0523,116.9561,22.8197,0.0,0.0559,0.914,0.0,0.0,0.0174,0.0,0.0,0.0,0.1176,0.0808,0.0514,0.0,0.0,0.0,0.0,0.0,0.0,0.0,0.0,0.0,0.0,0.0,0.0,0.0,15.841,14.7,176.775,176.775,176.775,0.0,0.2652,0.0,1.1492,3.3928,0.7231,0.3233,0.0,6.6585,0.7617,0.0,1.1734,92.955,61.88,1.0091,128.38,0.0,1.6289,0.0,0.2629,2.1531,2.4941,0.6391,447.635,437.715,2031.675,1.3079,19.1005,33.075,0.4839,9.8065,0.8253,2734.23,0.0,0.12,3.3592,49.1725,0.0,0.554,0.6596,0.0148,0.0,0.112,0.0,0.0,0.0,0.0,236.6548,0.1655,0.5685,0.9088,2532.0,153.46,0.4532,0.0,1.8788,50.4265,0.1225,2.45,0.0,0.1225,3.1954,0.0,63.653,1372.9463,3.0375
3697,247.0,30,25,4,Spicy Crab Curry - Bangla Style,115,http://allrecipes.com/recipe/213237/spicy-crab-curry---bangla-style/,Indian Subcontinent,Bangladeshi,Asian,AllRecipes,https://images.media-allrecipes.com/userphotos/250x250/349849.jpg,73.0541,467.33,11.3443,18.5846,bowl,rub||combine||stand||heat||heat||add||stir||remove||set||add||cook||stir||raise||add||cook||stirring||add||stir||stir||add||cook||stir||heat||reduce||add||stir||combine||add||pour||cover||boil||stir||taste||cover||heat||simmer||remove||stir||simmer||squeeze||garnish,0.0,0.0,0.0,0.0,0.0,"[{'ingredient': 'dungeness crab', 'state': 'cracked', 'quantity': '2', 'ndb_id': '15143'}, {'ingredient': 'turmeric', 'state': 'ground', 'quantity': '2', 'unit': 'teaspoons', 'ndb_id': '2043'}, {'ingredient': 'salt', 'quantity': '1/2', 'unit': 'teaspoon', 'ndb_id': '10165'}, {'ingredient': 'mustard seed', 'quantity': '1', 'unit': 'tablespoon', 'ndb_id': '2024'}, {'ingredient': 'water', 'quantity': '1', 'unit': 'tablespoon', 'ndb_id': '14555'}, {'ingredient': 'mustard oil', 'quantity': '1', 'unit': 'tablespoon', 'ndb_id': '4583'}, {'ingredient': 'red onion', 'state': 'sliced', 'quantity': '3', 'unit': 'cups', 'ndb_id': '11282'}, {'ingredient': 'potato lengthwise', 'state': 'peeled cut boiling', 'quantity': '1 3/4', 'unit': 'cups halved', 'ndb_id': '93600'}, {'ingredient': 'clove', 'quantity': '2', 'ndb_id': '2011'}, {'ingredient': 'cinnamon', 'quantity': '1', 'unit': 'piece', 'ndb_id': '18964'}, {'ingredient': 'green cardamom pod', 'quantity': '2', 'unit': 'pods', 'ndb_id': '93600'}, {'ingredient': 'black peppercorn', 'quantity': '5', 'ndb_id': '93600'}, {'ingredient': 'tomato', 'state': 'chopped', 'quantity': '2', 'ndb_id': '11529'}, {'ingredient': 'thai green chile', 'quantity': '4', 'ndb_id': '93600'}, {'ingredient': 'garlic paste', 'quantity': '1 1/2', 'unit': 'teaspoons', 'ndb_id': '93600'}, {'ingredient': 'ginger paste', 'quantity': '1 1/2', 'unit': 'teaspoons', 'ndb_id': '93600'}, {'ingredient': 'cayenne pepper', 'quantity': '1', 'unit': 'teaspoon', 'ndb_id': '2031'}, {'ingredient': 'white sugar', 'quantity': '1', 'unit': 'teaspoon', 'ndb_id': '19335'}, {'ingredient': 'garnish', 'ndb_id': '93600'}, {'ingredient': 'wedge lemon', 'quantity': '1', 'ndb_id': '93600'}, {'ingredient': 'cilantro', 'state': 'chopped', 'quantity': '1/2', 'unit': 'cup', 'ndb_id': '11165'}]","['Rub the crabs with 1 teaspoon of the turmeric and 1/2 teaspoon salt.', 'Let them marinate for 1 hour.', 'Combine the mustard seed and hot water in a small bowl and let stand for 10 minutes.', 'Use a mortar and pestle to grind the seeds into a coarse paste.', 'Heat the oil in a wok or kadhai over medium heat.', 'Add the crabs and stir fry until they change color, about 4 minutes.', 'Remove the crabs from the oil and set aside.', 'Add the sliced onions to the wok and cook and stir over medium heat until the onions are translucent, about 5 minutes.', 'Raise the heat to high, add the potatoes, and cook, stirring constantly, for about 2 minutes.', 'Add the cloves, cinnamon stick, cardamom pods, and peppercorns, and stir for thirty seconds.', 'Stir in the tomatoes, ginger paste, and garlic paste.', 'Halve three of the chiles and add them to the wok.', 'Cook and stir for an additional minute or two over high heat.', 'Reduce the heat to medium.', 'Add the remaining 1 teaspoon turmeric, the cayenne pepper, and the mustard paste and stir to combine.', 'Add the crabs to the wok and pour in just enough water to cover the vegetables.', 'Bring the water to a boil and stir in the sugar and salt to taste.', 'Cover the wok, reduce the heat, and simmer until the potatoes are tender and the water is reduced by half, about 10 minutes.', 'Remove the lid, stir, and simmer until the gravy is thickened, about 5 minutes more.', 'Squeeze the lemon wedge over the finished dish.', 'Garnish with chopped cilantro and sliced green chile and serve hot, with rice.']",0.0,0.305,0.0,0.7432,4.6712,1.2184,0.16,1.6045,0.0,209.7292,0.0,73.0541,370.52,2349.704,0.0,67.8719,0.5621,133.022,0.1067,0.0,1943.862,467.33,10.0369,4.3422,0.0008,0.0011,0.0,0.0219,0.0098,0.0373,0.0122,0.0024,0.0,0.1074,0.0018,0.0,0.0049,0.0165,0.0003,0.0008,0.0,0.0272,0.0406,2.3864,0.0569,0.0022,0.2497,0.0092,0.9534,0.0433,0.2717,2.4463,3.167,1.1364,0.0,0.0312,1.1333,0.0044,0.0003,0.0184,6.3547,0.0077,0.0,0.0,0.0004,0.0013,0.0141,0.0122,0.0018,0.0,0.0,0.0,0.0248,0.0,0.0,0.0003,0.0,0.0,0.0024,16.796,13.652,165.124,165.124,165.124,0.0,11.252,0.0189,14.2581,3.2308,0.3292,0.188,0.0,6.652,0.2455,0.0,0.4074,808.73,9365.72,0.44,139.8202,0.0,4.972,0.0,0.0736,3.4094,1.0649,0.3337,310.146,117.56,1855.63,0.3344,11.3443,0.0,0.2637,16.4403,0.2701,56.0312,0.0,0.24,9.3197,35.0929,0.0,0.4276,0.2793,0.037,0.051,1.7287,0.2356,0.0,0.0,0.0074,18.5846,0.1166,0.1964,0.3153,4339.213,217.76,0.0,0.0,0.971,89.4209,0.0,0.0,0.0,0.0,3.7541,0.0,64.0212,795.6303,2.2702
72416,226.5,0,0,4,Iraqi Shish Kebab,130,http://www.geniuskitchen.com/recipe/iraqi-shish-kebab-234055,Middle Eastern,Iraqi,Asian,Geniuskitchen,https://geniuskitchen.sndimg.com/gk/img/gk-shareGraphic.png,15.5196,1460.2587,78.3874,118.3609,,marinate||put||thread,0.0,0.0,0.0,0.0,0.0,"[{'ingredient': 'lamb', 'state': 'cubed', 'quantity': '1', 'ndb_id': '17001'}, {'ingredient': 'vinegar', 'quantity': '1 1/2', 'unit': '1/2', 'ndb_id': '2048'}, {'ingredient': 'olive oil', 'quantity': '1 1/2', 'unit': '1/2', 'ndb_id': '4053'}, {'ingredient': 'onion', 'state': 'chopped', 'quantity': '1', 'ndb_id': '11282'}, {'ingredient': 'salt', 'quantity': '1/2', 'unit': 'teaspoon', 'ndb_id': '10165'}, {'ingredient': 'pepper', 'quantity': '1/4', 'unit': 'teaspoon', 'ndb_id': '2030'}]","['Make a marinade by mixing the vinegar, olive oil, onion, salt and pepper.', 'Marinate the cubed meat in the marinade for at least 2 hours.', 'Put the meat on skewers and grill or broil for 7 10 minutes or until the meat is browned and cooked to your preference.', 'Suggestion, while meat is marinating also marinate large chunks of vegetables in sauce made of equal parts of olive oil and lemon juice with a dash of salt and pepper.', 'Thread these vegetables onto skewers and grill alongside the meat.']",0.0,4.6411,0.0,4.7178,4.6155,6.8942,0.0,0.2314,0.0,95.5462,0.0,15.5196,0.069,3.3825,326.592,9.8858,0.5435,0.1438,0.9235,0.0,6107.512,1460.2587,54.9886,9.875,0.0,0.0,0.0,0.0045,0.0253,0.0037,0.0,0.0,0.0,0.0,0.0,0.0,0.0,0.0,0.0009,0.0,0.0,0.0,0.0,45.8272,0.2724,0.4541,3.9529,0.0001,23.8897,3.1122,13.9211,50.5631,7.6262,1.9304,0.0,0.0838,0.063,0.3175,0.0,0.0261,0.0,0.0,0.0,0.0,0.0001,0.0006,0.0,0.0,0.0,0.0,0.0,0.0,0.0009,0.0,0.0,0.0,0.0,0.0,0.0,2.8655,1.9566,112.1457,112.1457,112.1457,0.0,2.1323,0.0009,3.1758,11.5341,3.7847,2.4501,0.0,7.6714,3.7213,0.0,6.0016,9.0105,0.115,6.827,117.8927,0.0,0.4216,0.0,1.9679,27.8618,3.2439,3.1588,774.8565,69.2815,1301.0397,3.2388,78.3874,0.0,1.0421,90.6634,2.8846,271.1255,0.0,0.0,1.5841,6.8771,0.0,0.6185,3.3145,0.0223,0.0,0.2058,0.0689,0.0,0.0,0.0,118.3609,0.9163,2.5971,4.169,6.3452,0.1552,10.841,0.0,0.7834,11.84,0.0,0.0,0.0,0.0,3.8965,0.0,13.7718,438.9493,15.3926
4003,331.0,30,20,6,Vegetable Pulao,53,http://allrecipes.com/recipe/246257/vegetable-pulao/,Indian Subcontinent,Indian,Asian,AllRecipes,https://images.media-allrecipes.com/images/79591.png,142.3281,1051.381,30.8678,43.253,bowl||saucepan||saucepan||saucepan||fork,rinse||drain||place||pour||cover||set||heat||heat||cook||stir||add||cook||stir||drain||mix||cook||stir||stir||pour||cover||boil||simmer||heat||stir,0.0,0.0,0.0,0.0,0.0,"[{'ingredient': 'basmati rice', 'quantity': '2', 'unit': 'cups', 'ndb_id': '93600'}, {'ingredient': 'canola oil', 'quantity': '2', 'unit': 'tablespoons', 'ndb_id': '4582'}, {'ingredient': 'onion', 'state': 'minced', 'quantity': '1', 'ndb_id': '11282'}, {'ingredient': 'ginger', 'state': 'minced', 'quantity': '1 1/2', 'unit': 'tablespoons', 'ndb_id': '11216'}, {'ingredient': 'cumin seed', 'quantity': '1', 'unit': 'teaspoon', 'ndb_id': '2014'}, {'ingredient': 'fenugreek', 'state': 'ground', 'quantity': '1', 'unit': 'teaspoon', 'ndb_id': '2019'}, {'ingredient': 'turmeric', 'state': 'ground', 'quantity': '1/4', 'unit': 'teaspoon', 'ndb_id': '2043'}, {'ingredient': 'garlic clove', 'state': 'minced', 'quantity': '4', 'ndb_id': '11215'}, {'ingredient': 'pea', 'quantity': '1', 'unit': 'cup', 'ndb_id': '11300'}, {'ingredient': 'carrot', 'state': 'minced', 'quantity': '1', 'ndb_id': '11124'}, {'ingredient': 'green bean', 'state': 'minced', 'quantity': '1/2', 'unit': 'cup', 'ndb_id': '11052'}, {'ingredient': 'cauliflower', 'state': 'minced', 'quantity': '1/2', 'unit': 'cup', 'ndb_id': '11135'}, {'ingredient': 'vegetable broth', 'quantity': '3 1/2', 'unit': 'cups', 'ndb_id': '6072'}, {'ingredient': 'cilantro', 'state': 'chopped', 'quantity': '1/2', 'unit': 'cup', 'ndb_id': '11165'}]","['Rinse and drain rice 3 times.', 'Place rice in a bowl and pour in enough water to cover.', 'Set aside to soak.', 'Heat oil in a large saucepan over medium heat.', 'Cook and stir onion, ginger, cumin seeds, fenugreek, and turmeric until onion just begins to brown, 5 to 10 minutes.', 'Add garlic and continue to cook and stir until onions are browned, 5 to 10 minutes more.', 'Drain rice and mix into onion mixture.', 'Cook and stir until rice is dry and lightly toasted, about 3 minutes.', 'Stir peas, carrot, green beans, and cauliflower into rice mixture.', 'Pour in broth.', 'Cover saucepan and bring liquid to a rapid boil.', 'Reduce heat to low and simmer until rice is tender, 12 to 15 minutes.', 'Remove saucepan from heat and fluff rice with a fork.', 'Stir cilantro into rice, return lid, and let rest for 3 to 5 minutes.']",0.0,1.6033,0.0,1.6363,21.5294,2.8083,115.8,0.7948,0.0,327.833,67.48,142.3281,7863.13,18899.212,8.61,165.4532,1.4723,16.16,0.3506,0.0,4397.7885,1051.381,22.0097,13.8491,0.0011,0.0016,0.0,0.003,0.0012,17.2949,0.0088,0.0016,0.0,5.2262,0.0,0.1022,0.0006,0.0,0.0,0.0,0.0,0.0011,0.0011,5.5393,0.0166,0.0039,0.0995,0.0023,3.2611,0.2429,1.561,21.3005,10.4407,3.4073,0.0,0.1843,0.3739,0.0,0.0,0.0935,0.0,0.0,0.0,0.0,0.0,0.0006,0.111,0.0088,0.1022,0.0,0.0,0.0,2.5664,0.0,0.0,0.0,0.0,0.0,0.0,24.4219,15.891,229.144,229.144,229.144,0.0,3.9853,0.0,5.1679,7.7768,2.241,0.5324,0.0,13.7463,1.0669,0.0,1.7752,1761.693,250.97,1.5396,143.718,0.0,3.7064,0.0,0.3005,9.8709,4.3008,1.094,510.1335,41.988,2665.223,1.8698,30.8678,0.0,0.6493,23.4048,1.1006,4564.9395,2.2704,1.08,6.377,33.9574,0.0,0.7917,1.021,0.0157,0.2772,7.7676,0.0861,0.0,0.0028,0.0004,43.253,0.2557,0.6782,1.4667,38064.22,1899.485,0.0,0.0,1.297,133.0699,0.0,0.0,0.0,0.0,7.7649,0.0,136.8224,1176.1708,7.1416
62763,542.8,0,0,02-Mar,Lahm Ajin ( Meat Pie ),32,http://www.geniuskitchen.com/recipe/lahm-ajin-meat-pie-328786,Middle Eastern,Palestinian,Asian,Geniuskitchen,https://geniuskitchen.sndimg.com/gk/img/gk-shareGraphic.png,32.6634,672.5132,110.4827,12.9791,processor||oven||oven,mix||mix||cook||preheat,0.0,0.0,0.0,0.0,0.0,"[{'ingredient': 'beef', 'state': 'ground ground', 'quantity': '1', 'unit': 'lb', 'ndb_id': '13000'}, {'ingredient': 'red pepper', 'state': 'sweet', 'quantity': '1', 'ndb_id': '11819'}, {'ingredient': 'garlic clove', 'quantity': '2', 'ndb_id': '93600'}, {'ingredient': 'onion', 'quantity': '1', 'ndb_id': '11282'}, {'ingredient': 'cilantro', 'quantity': '1/2', 'unit': 'cup', 'ndb_id': '11165'}, {'ingredient': 'coriander', 'quantity': '1/2', 'unit': 'teaspoon', 'ndb_id': '11165'}, {'ingredient': 'salt', 'quantity': '1/2', 'unit': 'teaspoon', 'ndb_id': '10165'}, {'ingredient': 'tomato paste', 'quantity': '1/3', 'unit': 'cup', 'ndb_id': '11546'}, {'ingredient': 'cayenne pepper', 'quantity': '1/2', 'unit': 'teaspoon', 'ndb_id': '2031'}]","['Once you are done with blending all the above in your food processor mix all the above with the meat i recommend that you marinate for at least 2 3 hours and remember the mix that you have created will be okay in your refrigerator for up to 48 hours if you feel like baking fresh ones the next day or two.', 'Remember you can apply your mix to pre cooked or fresh dough this recipe should cook quick 10 12 max if you using cooked dough for fresh dough 20 25 depending on your oven preheat your oven to 450 for best results enjoy.', 'Sam freij.']",0.0,0.1532,0.0,0.2592,10.8846,0.7362,0.16,34.9654,0.0,116.4096,0.0,32.6634,29.525,1322.1275,249.3339,340.5888,0.7173,73.678,0.0481,0.0,2804.4782,672.5132,4.6381,0.7436,0.0499,0.0,0.0,0.1179,0.0,3.7128,0.4125,0.0771,0.0,0.1859,0.0997,0.0,0.0,0.0,0.0,0.0,0.0,0.0,0.0,4.8653,0.0048,0.0048,0.2847,0.0544,2.7573,0.3215,1.63,4.2476,0.597,0.0868,0.0,0.0136,0.0145,0.0272,0.0091,0.0,0.0,0.0181,0.0,0.0,0.0,0.0,0.5123,0.4125,0.0997,0.0,0.0,0.0,0.068,0.0,0.0,0.0,0.0,0.0,0.0,6.8437,1.76,106.5263,106.5263,106.5263,0.0,7.212,0.0,8.212,2.2778,0.1259,0.0862,0.0,11.5891,0.1027,0.0,0.1524,216.1692,25312.32,0.1831,161.3937,0.2464,0.5709,0.0,0.0278,33.4858,3.4473,0.1563,1088.3296,25.147,2746.192,0.0879,110.4827,0.0,0.7639,101.2844,0.147,311.8851,0.1936,0.24,1.848,17.8307,0.0,0.3728,0.1529,0.0,0.0,0.4576,0.064,0.0,0.0,0.0,12.9791,0.0505,0.0818,0.1136,2289.28,114.069,5.7573,0.0,3.383,38.4502,0.0,0.0,0.0,0.0,5.3034,0.0,40.7122,550.294,17.2622
5123,606.0,40,20,3,Pakistani Meatballs with Gravy (Koftay),60,http://allrecipes.com/recipe/33677/pakistani-meatballs-with-gravy-koftay/,Indian Subcontinent,Pakistani,Asian,AllRecipes,https://images.media-allrecipes.com/userphotos/250x250/80564.jpg,54.7333,991.6822,121.1182,35.4693,bowl||saucepan,mix||shape||heat||cook||stir||mix||place||reduce||heat||cook,0.0,0.0,0.0,0.0,0.0,"[{'ingredient': 'beef', 'state': 'ground lean', 'quantity': '1', 'unit': '1/4 pounds', 'ndb_id': '13000'}, {'ingredient': 'onion', 'state': 'sliced divided', 'quantity': '2', 'ndb_id': '11282'}, {'ingredient': 'chili powder', 'quantity': '1', 'unit': 'teaspoon', 'ndb_id': '2009'}, {'ingredient': 'black pepper', 'state': 'ground', 'quantity': '1/2', 'unit': 'teaspoon', 'ndb_id': '2030'}, {'ingredient': 'clove', 'state': 'ground', 'quantity': '1/2', 'unit': 'teaspoon', 'ndb_id': '2011'}, {'ingredient': 'cumin', 'state': 'ground', 'quantity': '1/2', 'unit': 'teaspoon', 'ndb_id': '2014'}, {'ingredient': 'cardamom', 'state': 'ground', 'quantity': '1/2', 'unit': 'teaspoon', 'ndb_id': '2006'}, {'ingredient': 'vegetable oil', 'quantity': '1', 'unit': 'tablespoon', 'ndb_id': '4513'}, {'ingredient': 'yogurt', 'quantity': '1', 'unit': 'cup', 'ndb_id': '1116'}, {'ingredient': 'lentil', 'quantity': '1/2', 'unit': 'cup', 'ndb_id': '11248'}, {'ingredient': 'ginger paste', 'quantity': '1', 'unit': 'teaspoon', 'ndb_id': '93600'}, {'ingredient': 'garlic paste', 'quantity': '1', 'unit': 'teaspoon', 'ndb_id': '93600'}, {'ingredient': 'coriander seed', 'state': 'crushed', 'quantity': '1', 'unit': 'teaspoon', 'ndb_id': '2013'}, {'ingredient': 'water', 'quantity': '2 1/2', 'unit': 'cups', 'ndb_id': '14555'}, {'ingredient': 'red pepper', 'state': 'crushed', 'quantity': 'to taste', 'ndb_id': '11819'}, {'ingredient': 'salt', 'quantity': 'to taste', 'ndb_id': '10165'}]","['In a medium bowl, mix lean ground beef, half of the onions, chili powder, black pepper, cloves, cumin and cardamom.', 'Shape the mixture into approximately six 2 inch meatballs.', 'In a large, heavy saucepan over medium heat, cook and stir the remaining onion in the vegetable oil until tender.', 'Mix in the yogurt, lentils, ginger paste, garlic paste, coriander seed, water, red pepper and salt.', 'Place the meatballs into the mixture.', 'Reduce heat to low and cook 30 minutes, until meatballs are evenly browned and lentils are tender.']",0.0,0.5892,0.0,0.8429,12.021,1.5848,0.0,34.9634,0.0,526.7331,0.0,54.7333,56.568,432.4885,281.1839,354.4853,0.7088,95.599,0.227,0.0,4142.4377,991.6822,8.8408,1.4071,0.0501,0.0003,0.0,0.1188,0.0,3.8125,0.4147,0.0777,0.0,0.2127,0.1001,0.0,0.0004,0.0002,0.0018,0.0002,0.0,0.0052,0.0,21.2186,0.7379,6.6724,3.3692,0.0546,6.1093,0.4989,2.8053,8.0737,1.1557,0.1868,0.0,0.0171,0.02,0.0283,0.0092,0.0033,0.0002,0.02,0.0,0.2352,0.1895,0.5532,0.515,0.4147,0.1002,0.0007,0.0,0.0,0.0898,0.0,0.0,0.0001,0.0,0.0,0.0006,8.171,33.3133,176.7025,176.7025,176.7025,0.0,4.2576,0.0033,6.3766,3.0385,0.4328,0.3625,0.0,12.2503,0.6505,0.0,1.2122,31.095,0.797,1.1772,212.5439,0.0,1.8313,0.0,0.3021,31.8164,4.6881,0.7307,1378.6143,68.909,2652.737,1.2366,121.1182,66.15,1.0859,104.0836,0.7979,474.0404,0.0,0.0,3.1889,25.2351,0.0,0.5643,0.5534,0.0065,0.0,0.1675,0.2215,0.0,0.0,0.077,35.4693,0.0967,0.5833,0.9484,1088.1305,108.0275,6.6638,0.0,3.5576,31.9473,0.245,4.9,0.0,0.245,2.8959,0.0,15.4912,1452.5165,19.3002
4686,937.0,60,60,6,Dol Sot Bi Bim Bap,120,http://allrecipes.com/recipe/176283/dol-sot-bi-bim-bap/,Korean,Korean,Asian,AllRecipes,https://images.media-allrecipes.com/userphotos/560x315/1125908.jpg,759.3666,5844.704,286.1086,189.0735,bowl||saucepan||oven||bowl||oven||bowl||saucepan||bowl||pan||pan||pan||bowl||oven||bowl||bowl,combine||add||season||cover||refrigerate||boil||heat||reduce||heat||cover||simmer||absorbed||preheat||place||combine||trim||slice||boil||add||drain||dry||combine||season||preheat||heat||cook||stirring||remove||set||add||cook||remove||set||add||cook||stirring||transfer||brush||coat||divide||arrange||sprout||add||drizzle||top||serve,0.0,0.0,0.0,0.0,0.0,"[{'ingredient': 'soy sauce', 'quantity': '1/2', 'unit': 'cup', 'ndb_id': '16123'}, {'ingredient': 'white sugar', 'quantity': '1/2', 'unit': 'cup', 'ndb_id': '19335'}, {'ingredient': 'brown sugar', 'quantity': '1/2', 'unit': 'cup', 'ndb_id': '19334'}, {'ingredient': 'garlic', 'state': 'minced', 'quantity': '1/4', 'unit': 'cup', 'ndb_id': '11215'}, {'ingredient': 'green onion', 'state': 'chopped', 'quantity': '1/3', 'unit': 'cup', 'ndb_id': '11292'}, {'ingredient': 'sesame seed', 'state': 'toasted', 'quantity': '4', 'unit': 'tablespoons', 'ndb_id': '12198'}, {'ingredient': 'rib eye steak', 'state': 'sliced', 'quantity': '20', 'unit': 'ounces', 'ndb_id': '23175'}, {'ingredient': 'salt pepper', 'quantity': 'to taste', 'ndb_id': '93600'}, {'ingredient': 'glutinous white rice', 'state': 'uncooked rinsed', 'quantity': '3', 'unit': 'cups', 'ndb_id': '20054'}, {'ingredient': 'water', 'quantity': '6 1/2', 'unit': 'cups', 'ndb_id': '14555'}, {'ingredient': 'shiitake mushroom', 'quantity': '4', 'ndb_id': '11238'}, {'ingredient': 'spinach', 'state': 'washed chopped', 'quantity': '1', 'unit': 'pound', 'ndb_id': '11457'}, {'ingredient': 'cucumber', 'state': 'julienned', 'quantity': '12', 'unit': 'ounces', 'ndb_id': '11205'}, {'ingredient': 'carrot', 'state': 'julienned', 'quantity': '12', 'unit': 'ounces', 'ndb_id': '11124'}, {'ingredient': 'sesame oil', 'ndb_id': '4058'}, {'ingredient': 'bean sprout', 'quantity': '8', 'unit': 'ounces', 'ndb_id': '93600'}, {'ingredient': 'egg', 'quantity': '6', 'ndb_id': '1123'}, {'ingredient': 'nori', 'state': 'crumbled', 'quantity': '6', 'unit': 'sheets', 'ndb_id': '93600'}, {'ingredient': 'chili bean paste', 'quantity': '1/4', 'unit': 'cup', 'ndb_id': '93600'}]","['Make the marinade for the beef.', 'Combine the soy sauce, sugars, garlic, green onions, sesame seeds in a large bowl.', 'Add the sliced beef strips to the marinade, and season with salt and pepper.', 'Cover, and refrigerate for at least 2 hours.', 'Bring the rice and water to a boil in a saucepan over high heat.', 'Reduce heat to medium low and cover.', 'Simmer until the rice is tender and the liquid has been absorbed, 20 to 25 minutes.', 'Preheat an oven to 425 degrees f, and place 6 korean stone bowls in oven.', 'Combine shiitake mushrooms and 1/2 cup hot water in a small bowl, and soak for about 10 minutes, until pliable.', 'Trim off and discard the stems.', 'Thinly slice the caps.', 'Set aside.', 'Bring a saucepan of water to a boil.', 'Add spinach to the water just long enough to wilt the leaves, and then drain and pat dry.', 'Set aside.', 'Combine cucumber and carrots in a bowl, and season with salt and pepper.', 'Set aside.', 'Preheat wok over medium high heat.', 'Cook carrots and cucumbers in a small amount of sesame oil to soften, stirring frequently.', 'Remove from pan, and set aside.', 'Add a small amount of sesame oil to the pan, and cook spinach in sesame oil for a minute or two.', 'Remove spinach from pan, and set aside.', 'Add the meat strips and marinade to the wok.', 'Cook, stirring frequently, until the liquid reduces in volume, about 4 to 5 minutes.', 'Transfer the stone bowls from the oven to suitable heat resistant surface.', 'Brush each bowl with sesame oil to coat.', 'Divide the rice into the bowls, and gently pack to the bottom.', 'Arrange the cucumbers and carrots, bean sprouts, greens, shiitake mushrooms, and beef mixture over each potion of rice.', 'Immediately before serving, add one raw egg yolk to each bowl, drizzle with about a tablespoon of sesame oil, and top with the nori.', 'Serve kochujang sauce as a condiment.']",0.0,14.6173,0.0,18.3373,51.1741,24.6463,0.0,584.859,0.0,1760.5404,0.0,759.3666,11865.9636,54426.9899,1603.3333,1477.5235,4.3458,115.4504,3.802,0.3,24474.0073,5844.704,74.3557,58.0459,0.2172,1.6938,0.043,0.5649,0.41,25.0716,1.7917,0.155,0.0,6.4449,0.053,0.0,0.036,0.054,0.137,0.0,0.0,0.0572,0.0,42.2182,0.0385,0.029,1.1967,0.2255,26.5339,2.0667,12.9289,71.1209,54.8506,1.4221,0.0,0.0152,0.3184,1.0276,0.0521,0.0125,0.0,0.1105,0.2488,0.012,0.0,0.012,1.8877,1.8347,0.053,0.0,0.1927,0.0,0.147,0.0,0.003,0.134,0.0,0.0,0.039,44.4854,18.6087,1290.8073,1290.8073,1290.8073,0.0,7.2339,0.4536,8.4572,42.7405,10.9152,7.9047,0.629,47.4466,11.936,0.0,21.1663,57995.9041,3.4019,19.3554,987.6502,0.034,13.5893,0.0,6.4801,59.8549,15.4557,11.4248,3428.2116,794.2905,8171.7322,10.9284,286.1086,559.3333,5.2978,382.0855,12.2959,8656.1077,7.6884,0.0,216.614,233.1189,0.0,3.5999,11.5356,0.098,0.18,2.4186,0.3501,0.0,0.0,0.03,189.0735,3.0829,9.3109,13.7568,102599.6655,5593.4462,15.5334,0.0,6.2761,170.8357,6.5667,263.0,0.0,6.5667,17.9079,0.0,2349.3909,3575.5825,53.2055
3435,653.0,33,15,4,Beef Rendang,48,http://allrecipes.com/recipe/246076/beef-rendang/,Southeast Asian,Indonesian,Asian,AllRecipes,https://images.media-allrecipes.com/images/79591.png,126.463,3442.2196,228.6072,227.5751,bowl||processor||saucepan,blend||heat||add||boil||cook||stir||heat||simmer||cook||stirring||remove||serve,0.0,0.0,0.0,0.0,0.0,"[{'ingredient': 'olive oil', 'state': 'mild', 'quantity': '1/4', 'unit': 'cup', 'ndb_id': '4053'}, {'ingredient': 'shallot', 'quantity': '4', 'ndb_id': '11677'}, {'ingredient': 'red chile pepper', 'state': 'mild', 'quantity': '1', 'ndb_id': '93600'}, {'ingredient': 'garlic', 'state': 'minced', 'quantity': '3', 'unit': 'cloves', 'ndb_id': '11215'}, {'ingredient': 'shrimp paste', 'quantity': '2', 'unit': 'teaspoons', 'ndb_id': '93600'}, {'ingredient': 'lemongrass', 'quantity': '1', 'unit': 'piece', 'ndb_id': '6625'}, {'ingredient': 'ginger root', 'quantity': '1', 'unit': 'piece', 'ndb_id': '11216'}, {'ingredient': 'turmeric', 'state': 'ground', 'quantity': '1', 'unit': 'teaspoon', 'ndb_id': '2043'}, {'ingredient': 'coconut milk', 'quantity': '3/4', 'unit': 'cup', 'ndb_id': '12117'}, {'ingredient': 'palm sugar', 'quantity': '1/3', 'unit': 'cup', 'ndb_id': '93600'}, {'ingredient': 'kaffir lime leaf', 'quantity': '4', 'ndb_id': '93600'}, {'ingredient': 'cinnamon', 'state': 'ground', 'quantity': '1', 'unit': 'teaspoon', 'ndb_id': '18964'}, {'ingredient': 'clove', 'state': 'ground', 'quantity': '1/2', 'unit': 'teaspoon', 'ndb_id': '2011'}, {'ingredient': 'sea salt', 'quantity': '2', 'unit': 'teaspoons', 'ndb_id': '93600'}, {'ingredient': 'white pepper', 'state': 'ground', 'quantity': '2', 'unit': 'teaspoons', 'ndb_id': '2032'}, {'ingredient': 'beef sirloin', 'state': 'cubed', 'quantity': '2 1/4', 'unit': 'pounds', 'ndb_id': '13929'}]","['Blend olive oil, shallots, chile pepper, garlic, shrimp paste, lemon grass, ginger root, and turmeric together in the bowl of a food processor until smooth paste forms, 30 seconds to 1 minute.', 'Heat paste in a large saucepan over medium heat until very fragrant, about 3 minutes.', 'Add coconut milk, palm sugar, kaffir lime leaves, cinnamon, cloves, sea salt, and white pepper.', 'Bring mixture to a boil and cook until thickened slightly, about 10 minutes.', 'Stir in beef.', 'Reduce heat to gentle simmer.', 'Cook mixture until beef is tender and sauce is thick, stirring occasionally, about 20 minutes.', 'Remove kaffir lime leaves to serve.']",0.0,13.5454,0.0,15.3045,17.4048,20.8475,0.0,127.86,0.0,551.6266,0.0,126.463,0.0,20.1225,765.0017,956.7007,1.8593,1.0815,2.7644,0.0,14410.546,3442.2196,96.8688,11.441,0.0002,0.0003,0.0,0.0225,0.0724,0.0104,0.0039,0.0006,0.0,0.0268,0.0004,0.0,0.0024,0.0002,0.0001,0.0002,0.0,0.0052,0.0,98.0472,2.8338,19.3127,11.6318,0.0046,41.3498,7.002,19.3137,89.4061,9.219,1.9845,0.0,0.2285,0.3553,0.2051,0.0001,0.0715,0.0002,0.0019,0.0,0.0,0.2449,3.0064,0.0044,0.0039,0.0005,0.0,0.0,0.0,0.0062,0.0,0.0,0.0001,0.0,0.0,0.0006,26.9236,0.0,360.2128,360.2128,360.2128,0.0,0.0247,0.0016,0.0234,35.4542,13.6302,6.9963,2.1726,28.6445,10.3013,0.0,17.7888,52.64,0.0,18.5249,430.73,0.0,5.212,0.0,5.6578,63.8354,8.2174,8.9424,2503.6843,158.468,5937.2513,11.1281,228.6072,0.0,1.1503,254.1089,9.1236,640.7697,0.0,0.0,0.0716,56.5913,0.0,1.0959,9.0747,0.0597,0.0,0.4698,0.0036,0.0,0.0,0.0015,227.5751,1.5957,7.2069,11.2752,28.09,0.084,10.71,0.0,8.0415,60.0791,0.0,0.0,0.0,0.0,12.1797,0.0,54.1319,1312.865,40.2941
2610,196.0,30,15,4,Egyptian Lentil Soup,45,http://allrecipes.com/recipe/222661/egyptian-lentil-soup/,Middle Eastern,Egyptian,African,AllRecipes,https://images.media-allrecipes.com/userphotos/560x315/5196784.jpg,146.7606,805.6975,49.554,5.6564,,place||heat||cook||remove||cool||blend||smooth||stir||heat,0.0,0.0,0.0,0.0,0.0,"[{'ingredient': 'water', 'quantity': '3', 'unit': 'cups', 'ndb_id': '14555'}, {'ingredient': 'red lentil', 'quantity': '1', 'unit': 'cup', 'ndb_id': '16144'}, {'ingredient': 'rom tomato', 'state': 'quartered', 'quantity': '1', 'ndb_id': '93600'}, {'ingredient': 'carrot', 'state': 'quartered', 'quantity': '1', 'ndb_id': '11124'}, {'ingredient': 'onion', 'state': 'quartered', 'quantity': '1', 'ndb_id': '11282'}, {'ingredient': 'garlic', 'state': 'quartered', 'quantity': '4', 'unit': 'cloves', 'ndb_id': '11215'}, {'ingredient': 'cumin', 'state': 'ground', 'quantity': '2', 'unit': 'teaspoons', 'ndb_id': '2014'}, {'ingredient': 'sea salt', 'quantity': '1/2', 'unit': 'teaspoon', 'ndb_id': '93600'}, {'ingredient': 'black pepper', 'state': 'cracked', 'quantity': '1/2', 'unit': 'teaspoon', 'ndb_id': '2030'}, {'ingredient': 'coriander', 'state': 'ground', 'quantity': '1/4', 'unit': 'teaspoon', 'ndb_id': '2013'}]","['Place 3 cups water, lentils, tomato, carrot, onion, garlic, and chicken bouillon in a stockpot over medium heat.', 'Cook until vegetables and lentils are softened, 20 to 25 minutes.', 'Remove from heat and cool to lukewarm.', 'Blend vegetable and lentil mixture with an immersion blender until smooth.', 'Stir 1 cup water, cumin, sea salt, pepper, and coriander into soup.', 'Heat over medium heat until warmed.']",0.0,2.1828,0.0,3.9707,8.323,5.6772,90.24,0.6844,0.0,290.707,11.52,146.7606,4450.698,10708.869,0.0,19.4853,2.7285,0.2875,0.7462,0.0,3372.0515,805.6975,1.6476,2.5317,0.0058,0.0,0.0,0.0077,0.0,0.0074,0.0,0.0,0.0,0.0,0.0,0.0,0.0,0.0,0.0017,0.0,0.0,0.023,0.0,0.9002,0.0033,0.0057,0.0098,0.0002,0.6818,0.0128,0.1047,1.6067,2.0311,0.4969,0.0,0.0269,0.03,0.0,0.0,0.0269,0.0,0.0,0.0,0.0,0.0001,0.0012,0.0,0.0,0.0,0.0,0.0,0.0,0.0017,0.0,0.0,0.0,0.0,0.0,0.0,26.6826,5.2593,430.2755,430.2755,430.2755,0.0,1.6096,0.0017,2.137,8.1885,2.0537,1.4242,0.0,17.896,2.2084,0.0,3.6701,356.437,1.51,3.533,171.6835,0.0,4.0639,0.0,0.4442,4.5088,1.1913,2.4843,672.5555,124.061,1938.561,2.1063,49.554,0.0,0.3269,2.5747,2.3193,128.2635,93.2608,7.68,5.2884,9.2571,0.0,1.1486,1.9992,0.0128,0.0,0.0754,0.0506,0.0,0.0,0.0,5.6564,0.462,1.3607,2.5212,21557.1505,1077.5585,0.0,0.0,1.2042,20.1579,0.0,0.0,0.0,0.0,1.0203,0.0,19.4893,908.8117,7.7139
3713,404.0,30,15,4,Caramel Coated Catfish,45,http://allrecipes.com/recipe/193835/caramel-coated-catfish/,Southeast Asian,Vietnamese,Asian,AllRecipes,https://images.media-allrecipes.com/userphotos/560x315/3556886.jpg,68.986,1109.3929,191.3863,5.4153,bowl||bowl||skillet||fork||plate||plate,mix||set||combine||set||heat||heat||stirring||stir||boil||stir||cook||soften||add||cover||cook||place||cover||set||heat||stir||stir||boil||simmer,0.0,0.0,0.0,0.0,0.0,"[{'ingredient': 'water', 'quantity': '1/3', 'unit': 'cup', 'ndb_id': '14555'}, {'ingredient': 'fish sauce', 'quantity': '2', 'unit': 'tablespoons', 'ndb_id': '6179'}, {'ingredient': 'shallot', 'state': 'chopped', 'quantity': '2', 'ndb_id': '11677'}, {'ingredient': 'garlic', 'state': 'minced', 'quantity': '4', 'unit': 'cloves', 'ndb_id': '11215'}, {'ingredient': 'black pepper', 'state': 'ground', 'quantity': '1 1/2', 'unit': 'teaspoons', 'ndb_id': '2030'}, {'ingredient': 'red pepper flake', 'quantity': '1/4', 'unit': 'teaspoon', 'ndb_id': '93600'}, {'ingredient': 'white sugar', 'quantity': '1/3', 'unit': 'cup', 'ndb_id': '19335'}, {'ingredient': 'catfish fillet', 'quantity': '2', 'unit': 'pounds', 'ndb_id': '93600'}, {'ingredient': 'lime juice', 'quantity': '1', 'unit': 'tablespoon', 'ndb_id': '9160'}, {'ingredient': 'green onion', 'state': 'sliced', 'quantity': '1', 'ndb_id': '11292'}, {'ingredient': 'cilantro', 'state': 'chopped', 'quantity': '1/2', 'unit': 'cup', 'ndb_id': '11165'}]","['Mix 1/3 cup of water with the fish sauce in a small bowl and set aside.', 'Combine shallots, garlic, black pepper, and red pepper flakes in a separate bowl and set aside.', 'Heat 1/3 cup of water and 1/3 cup of sugar in a large skillet over medium heat, stirring occasionally until sugar turns deep golden brown.', 'Gently stir in the fish sauce mixture and bring to a boil.', 'Stir in the shallot mixture and cook until shallots soften, then add the catfish.', 'Cover and cook the catfish until the fish flakes easily with a fork, about 5 minutes on each side.', 'Place catfish on a large plate, cover, and set aside.', 'Increase heat to high and stir in 1/2 teaspoon of sugar.', 'Stir in the lime juice and any sauce that has collected on the plate.', 'Bring to a boil and simmer until the sauce has reduced.', 'Pour sauce over the catfish and garnish with green onions and cilantro.']",0.0,0.4023,0.0,0.6682,21.6362,0.8638,0.16,0.3372,0.0,1293.0711,0.0,68.986,3.294,2043.8325,453.3344,638.2689,2.6978,17.0225,0.0129,0.0,4636.3806,1109.3929,0.909,1.7836,0.0014,0.0014,0.0,0.0007,0.0,0.0351,0.0,0.0,0.0,0.0305,0.0,0.0,0.0,0.0,0.0052,0.0,0.0,0.0014,0.0,1.3298,0.0099,0.0053,0.0238,0.002,0.9274,0.141,0.3408,0.7664,0.505,0.1842,0.0,0.0014,0.0,0.4715,0.2089,0.0014,0.0,0.1088,0.2999,0.0,0.0004,0.0035,0.0,0.0,0.0,0.0,0.0,0.0,0.0201,0.0,0.0,0.0,0.0,0.0,0.0,12.9273,1.1799,291.8793,291.8793,291.8793,0.0,1.6054,0.0052,1.2635,1.8098,0.4377,0.157,0.0,17.8716,0.3781,0.0,0.5512,721.563,0.69,0.4436,336.6632,0.0,1.8023,0.0,0.0991,11.9144,1.2525,0.2983,1874.0422,19.574,3524.0968,0.5932,191.3863,273.4406,1.4981,161.764,0.4038,3500.2582,0.0,0.24,2.2827,31.8336,0.0,1.3425,0.3411,0.0,0.0,0.2263,0.0369,0.0,0.0,0.0,5.4153,0.0998,0.2571,0.4075,4331.1427,443.6346,9.2395,0.0,2.5729,45.7355,0.0,0.0,0.0,0.0,5.0892,0.0,145.1821,1165.7802,10.7933
3170,306.0,35,10,8,Quick Red Curry Soup,45,http://allrecipes.com/recipe/241425/quick-red-curry-soup/,Thai,Thai,Asian,AllRecipes,https://images.media-allrecipes.com/userphotos/560x315/2134127.jpg,70.315,2478.4982,96.3944,211.879,saucepan||saucepan,stir||cook||boil||cook||simmer||stir||simmer||cook||stir||cook||season,0.0,0.0,0.0,0.0,0.0,"[{'ingredient': 'red curry paste', 'quantity': '1/4', 'unit': 'cup', 'ndb_id': '93600'}, {'ingredient': 'olive oil', 'quantity': '2', 'unit': 'tablespoons', 'ndb_id': '4053'}, {'ingredient': 'coconut milk', 'quantity': '3', 'unit': 'cups', 'ndb_id': '12117'}, {'ingredient': 'chicken stock', 'quantity': '3', 'unit': 'cups', 'ndb_id': '6172'}, {'ingredient': 'lime', 'state': 'juiced', 'quantity': '2', 'ndb_id': '9160'}, {'ingredient': 'cherry tomato', 'quantity': '2', 'unit': 'cups', 'ndb_id': '93600'}, {'ingredient': 'cilantro', 'state': 'chopped', 'quantity': '1', 'unit': 'tablespoon', 'ndb_id': '11165'}, {'ingredient': 'shrimp', 'quantity': '1', 'unit': 'pound', 'ndb_id': '15149'}, {'ingredient': 'bean sprout', 'state': 'drained', 'quantity': '1', 'unit': 'can', 'ndb_id': '93600'}, {'ingredient': 'chicken', 'state': 'chopped cooked', 'quantity': '1', 'unit': 'cup', 'ndb_id': '5001'}, {'ingredient': 'salt black pepper', 'state': 'ground', 'quantity': 'to taste', 'ndb_id': '93600'}]","['Stir red curry paste and olive oil together in a saucepan over low heat and cook until fragrant, about 5 minutes.', 'Pour coconut milk, chicken stock, lime juice, and lime zest into the saucepan.', 'Bring the mixture to a boil, reduce heat to medium low, and cook, at a simmer for 10 minutes.', 'Stir cherry tomatoes and cilantro into the soup.', 'Bring mixture again to a simmer and cook until the tomatoes are soft, 10 to 15 minutes.', 'Stir shrimp, bean sprouts, and cooked chicken into the soup.', 'Cook until shrimp are bright pink on the outside and the meat is no longer transparent in the center, 10 to 15 minutes.', 'Season soup with salt and pepper.']",0.0,4.6619,0.0,8.7924,18.198,8.5014,0.02,0.0472,0.0,383.9523,0.0,70.315,0.36,42.325,592.8013,494.9107,3.1341,2.02,1.0586,0.0,10370.1698,2478.4982,32.0148,7.594,0.0317,0.0725,0.0136,0.0603,0.2423,0.4715,0.0363,0.0,0.0,0.4035,0.0272,0.0,0.0,0.0272,0.0272,0.0,0.0,0.0181,0.0,159.4315,9.5544,76.1699,30.1747,0.0,20.0585,1.0705,10.1689,30.5393,6.4163,0.2983,0.0,0.1209,0.1264,0.1541,0.3083,0.0348,0.0,0.0272,0.3173,0.0,0.9792,12.024,0.0816,0.0499,0.0272,0.0,0.0,0.0,0.0272,0.0,0.0,0.0272,0.0,0.0,0.0136,15.9083,0.0,238.9618,238.9618,238.9618,0.0,0.0615,0.0,0.0605,14.6143,4.4099,1.7418,0.0,14.45,3.4906,0.0,6.5069,15.85,0.0,6.6085,396.0003,0.0,6.7328,1.36,2.1095,24.9625,2.741,3.5246,2022.4275,66.92,3179.1453,3.5249,96.3944,252.0006,0.6831,194.6861,3.3691,3704.6742,0.0,0.03,0.0484,35.6031,0.0,0.5331,3.0458,0.0297,0.136,0.7681,0.005,0.0,0.0,0.0,211.879,0.8973,2.8461,3.8896,910.1236,255.5723,5.032,0.0,1.412,24.895,0.4533,9.0667,0.0,0.4533,11.2017,0.0,22.9345,1536.7337,10.2424
2837,145.0,0,20,4,Iranian _ Persian Salad Shirazi,20,http://allrecipes.com/recipe/239818/iranian--persian-salad-shirazi/,Middle Eastern,Rest Middle Eastern,Asian,AllRecipes,https://images.media-allrecipes.com/userphotos/560x315/2282013.jpg,56.6905,615.2089,13.4766,43.0058,bowl,mix,1.0,1.0,0.0,0.0,0.0,"[{'ingredient': 'tomato', 'state': 'ripe seeded diced', 'quantity': '4', 'ndb_id': '11527'}, {'ingredient': 'red onion', 'state': 'diced', 'quantity': '1', 'ndb_id': '6340'}, {'ingredient': 'english cucumber', 'state': 'peeled diced', 'quantity': '2', 'ndb_id': '93600'}, {'ingredient': 'olive oil', 'quantity': '3', 'unit': 'tablespoons', 'ndb_id': '4053'}, {'ingredient': 'lemon', 'state': 'juiced', 'ndb_id': '9152'}, {'ingredient': 'mint', 'quantity': '1', 'unit': 'tablespoon', 'ndb_id': '2065'}, {'ingredient': 'dill', 'quantity': '1', 'unit': 'teaspoon', 'ndb_id': '2016'}, {'ingredient': 'sumac', 'state': 'ground', 'quantity': '1', 'unit': 'teaspoon', 'ndb_id': '93600'}, {'ingredient': 'salt black pepper', 'state': 'ground', 'quantity': 'to taste', 'ndb_id': '93600'}]","['Mix tomatoes, red onion, cucumbers, olive oil, lemon juice, mint, dill, sumac, salt, and pepper together in a bowl.']",0.0,0.3767,0.0,0.3481,5.652,1.814,0.0,0.0405,0.0,183.9138,0.0,56.6905,841.979,3734.9325,0.0,92.9551,1.0016,0.0,0.1748,0.0,2560.8663,615.2089,30.072,5.1799,0.0,0.0,0.0,0.0089,0.0506,0.0,0.0,0.0,0.0,0.0,0.0,0.0,0.0,0.0,0.0,0.0,0.0,0.0,0.0,5.9206,0.0,0.0002,0.0004,0.0,4.8083,0.5203,0.8698,29.3748,4.8189,0.3631,0.0,0.1677,0.126,0.0,0.0,0.0522,0.0,0.0,0.0,0.0,0.0,0.0,0.0,0.0,0.0,0.0,0.0,0.0,0.0,0.0,0.0,0.0,0.0,0.0,0.0,12.7048,0.0,103.3464,103.3464,103.3464,0.0,0.0,0.0,0.0,4.7916,0.3328,0.2048,0.0,6.7515,0.3368,0.0,0.5085,0.0,0.0,0.5048,116.913,0.0,1.1817,0.0,0.1135,5.5102,5.4115,0.3583,311.4859,92.679,2253.516,0.256,13.4766,0.0,0.4478,4.5719,0.3527,143.2698,0.0,0.0,0.0,43.1784,0.0,0.6609,0.3436,0.0446,0.0,0.3361,0.0,0.0,0.0,0.0,43.0058,0.1,0.2323,0.3674,7162.3259,357.0613,0.0,0.0,0.8886,253.7928,0.0,0.0,0.0,0.0,9.9137,0.0,133.4065,1008.9361,0.9269
72001,848.2,0,0,2,P.f. Chang's Mongolian Beef (Gluten Free),30,http://www.geniuskitchen.com/recipe/p-f-changs-mongolian-beef-gluten-free-478412,Chinese and Mongolian,Mongolian,Asian,Geniuskitchen,"https://img.sndimg.com/food/image/upload/w_555,h_416,c_fit,fl_progressive,q_95/v1/img/recipes/47/84/12/uAbAYu7iR6G8OCLPLkrb_1969419_10204420324495209_6005427865578806234_n.jpg",40.215,857.541,113.878,24.6447,saucepan||skillet||skillet||pan||plate||pan,heat||add||add||dissolve||boil||remove||heat||slice||tilt||dip||heat||smoking||add||stir||pour||put||heat||simmer||add||cook||stirring||add||cook||remove,0.0,0.0,0.0,0.0,0.0,"[{'ingredient': 'vegetable oil', 'quantity': '2', 'unit': 'teaspoons', 'ndb_id': '4513'}, {'ingredient': 'ginger', 'state': 'minced', 'quantity': '1/2', 'unit': 'teaspoon', 'ndb_id': '11216'}, {'ingredient': 'garlic', 'state': 'chopped', 'quantity': '1', 'unit': 'tablespoon', 'ndb_id': '11215'}, {'ingredient': 'tamari soy sauce', 'quantity': '1/2', 'unit': 'cup', 'ndb_id': '16124'}, {'ingredient': 'water', 'quantity': '1/2', 'unit': 'cup', 'ndb_id': '14555'}, {'ingredient': 'dark brown sugar', 'quantity': '3/4', 'unit': 'cup', 'ndb_id': '93600'}, {'ingredient': 'steak', 'quantity': '1', 'unit': 'lb', 'ndb_id': '10957'}, {'ingredient': 'cornstarch', 'quantity': '1/4', 'unit': 'cup', 'ndb_id': '20027'}, {'ingredient': 'green onion', 'quantity': '2', 'ndb_id': '11292'}]","['Make the sauce by heating 2 tsp of vegetable oil in a medium saucepan over med/low heat.', ""Don't get the oil too hot."", 'Add ginger and garlic to the pan and quickly add the soy sauce and water before the garlic scorches.', 'Dissolve the brown sugar in the sauce, then raise the heat to about medium and boil the sauce for 2 3 minutes or until the sauce thickens.', 'Remove it from the heat.', 'Slice the flank steak against the grain into 1/4 thick bite size slices.', 'Tilt the blade of your knife at about a forty five degree angle to the top of the steak so that you get wider cuts.', 'Dip the steak pieces into the cornstarch to apply a very thin dusting to both sides of each piece of beef.', 'Let the beef sit for about 10 minutes so that the cornstarch sticks.', 'As the beef sits, heat up one cup of oil in a wok.', ""Heat the oil over medium heat until it's nice and hot, but not smoking."", 'Add the beef to the oil and saut� for just two minutes, or until the beef just begins to darken on the edges.', ""You don't need a thorough cooking here since the beef is going to go back on the heat later."", 'Stir the meat around a little so that it cooks evenly.', 'After a couple minutes, use a large slotted spoon to take the meat out and onto paper towels, then pour the oil out of the wok or skillet.', 'Put the pan back over the heat, dump the meat back into it and simmer for one minute.', 'Add the sauce, cook for one minute while stirring, then add all the green onions.', 'Cook for one more minute, then remove the beef and onions with tongs or a slotted spoon to a serving plate.', 'Leave the excess sauce behind in the pan.']",0.0,6.4062,0.0,6.9608,30.5318,10.4957,0.0,28.5601,0.0,88.5684,0.0,40.215,0.0,0.425,285.6006,383.6495,0.5048,0.0,1.2677,0.0,3589.5117,857.541,8.7179,2.5467,0.0,0.0,0.0,0.0408,0.0,6.9813,0.0725,0.0,0.0,1.9131,0.0,0.0,0.0,0.0635,0.0,0.0,0.0,0.0,0.0,12.7987,0.3357,4.2617,1.673,0.0,4.239,0.4989,1.9315,8.1192,2.1431,0.0681,0.0,0.0,0.0998,0.2675,0.0,0.0,0.0,0.0,0.0,0.0,0.0181,0.2993,0.0725,0.0725,0.0,0.0,0.0,0.0,0.0589,0.0,0.0,0.0,0.0,0.0,0.0,1.6385,0.0,30.8183,30.8183,30.8183,0.0,0.0,0.0,0.0,18.546,5.0803,4.3114,0.34,7.5361,5.3701,0.0,9.1707,1.36,0.0,9.8005,163.2186,0.0,0.9208,0.0,2.9373,37.9069,4.2298,4.8647,1143.1071,8.7633,1999.1454,5.1439,113.878,0.0,2.1462,117.5023,4.814,8381.5991,0.0,0.0,0.0,2.55,0.0,2.4822,4.9184,0.0,0.0,0.0,0.0,0.0,0.0,0.0,24.6447,1.4362,4.3879,5.744,0.765,0.0,2.9013,0.0,2.9015,2.702,0.0,0.0,0.0,0.0,0.7175,0.0,2.385,562.7637,15.1564
3805,579.0,90,15,8,Mom's Black-Eyed Peas,105,http://allrecipes.com/recipe/213018/moms-black-eyed-peas/,Middle Eastern,Lebanese,Asian,AllRecipes,https://images.media-allrecipes.com/userphotos/250x250/548303.jpg,201.5487,2852.1109,106.6559,190.8011,saucepan,melt||heat||cook||stir||stir||season||cook||stirring||stir||pour||cover||boil||cover||simmer||heat,0.0,0.0,0.0,0.0,0.0,"[{'ingredient': 'butter', 'quantity': '1', 'unit': 'cup', 'ndb_id': '12198'}, {'ingredient': 'onion', 'state': 'sliced', 'quantity': '2', 'ndb_id': '11282'}, {'ingredient': 'beef stew meat', 'state': 'cubed', 'quantity': '3', 'unit': 'pounds', 'ndb_id': '22905'}, {'ingredient': 'salt pepper', 'quantity': 'to taste', 'ndb_id': '93600'}, {'ingredient': 'garlic', 'state': 'sliced', 'quantity': '2', 'unit': 'cloves', 'ndb_id': '11215'}, {'ingredient': 'black eyed pea', 'quantity': '3', 'unit': 'packages', 'ndb_id': '93600'}]","['Melt the butter in a large saucepan over medium low heat.', 'Cook and stir the onions in the melted butter until translucent, about 5 minutes.', 'Stir in the beef and season with salt and pepper.', 'Cook, stirring occasionally, until the meat is tender and the juices have cooked away, about 30 minutes.', 'Stir in the garlic and peas.', 'Pour in enough water to cover.', 'Bring the mixture to a boil, cover, and simmer over low heat until the peas change color and are tender and hot, and almost all of the liquid has been absorbed, about 1 hour.']",0.0,5.6026,0.0,9.4308,32.6691,9.4859,0.0,24.814,0.0,1255.7534,0.0,201.5487,721.2127,1445.9255,176.9012,233.1935,5.9446,40.8234,1.425,0.0,11912.5961,2852.1109,78.1517,53.9785,0.381,0.0,0.0,0.8981,0.8709,0.0,0.0,0.0,0.0,0.0,0.0,0.0,0.0,0.0,0.0,0.0,0.0,0.0,0.0,46.0055,0.0001,0.1361,2.6005,0.762,27.1796,3.4346,14.0164,72.2518,52.3465,1.3479,0.2313,0.0953,0.6507,0.0,0.0,0.0,0.1361,0.0,0.0,0.0,0.0,0.0,0.0,0.0,0.0,0.0,0.0,0.0,0.0,0.0,0.0,0.0,0.0,0.0,0.0,40.133,772.36,486.689,486.689,486.689,0.0,8.6186,0.0,19.2314,20.0002,6.4492,2.7108,0.0,40.5453,3.9102,0.0,7.0598,68.1911,381.018,4.7639,372.7623,0.0,4.8128,0.0,2.6469,29.5473,3.7279,4.3569,2478.3071,48.0,3702.9293,4.826,106.6559,0.0,2.0382,66.4086,4.5318,5471.2415,73.8903,0.0,9.6997,37.5777,0.0,4.2318,3.9866,0.1361,0.0,0.1361,0.128,0.0,0.0,0.0,190.8011,1.257,2.9832,4.9493,3202.2766,156.8857,6.8039,0.0,1.9996,35.0775,0.0,0.0,0.0,0.0,3.7429,0.0,85.7503,1395.1039,25.3574
59582,475.4,0,0,3,Beans and Bamboo Shoots Tarkari,60,http://www.geniuskitchen.com/recipe/beans-and-bamboo-shoots-tarkari-87975,Indian Subcontinent,Nepalese,Asian,Geniuskitchen,"https://img.sndimg.com/food/image/upload/w_555,h_416,c_fit,fl_progressive,q_95/v1/img/recipes/87/97/5/FiyZIXLcSg6tjqYZkWtG_Beans%20and%20Bamboo%20Tarkari.jpg",97.0503,439.931,16.1031,2.8302,pan||plate||pan,heat||fry||add||add||fry||heat||add||heat||sprinkle||burn||add||stir||boil||simmer||heat||garnish||serve,0.0,0.0,0.0,0.0,0.0,"[{'ingredient': 'bamboo shoot', 'state': 'fermented', 'quantity': '1', 'unit': 'cup', 'ndb_id': '11026'}, {'ingredient': 'potato', 'state': 'peeled cut', 'quantity': '2', 'unit': 'cups', 'ndb_id': '11352'}, {'ingredient': 'black eyed pea', 'state': 'soaked', 'quantity': '1', 'unit': 'cup', 'ndb_id': '93600'}, {'ingredient': 'onion', 'state': 'chopped', 'quantity': '1', 'unit': 'cup', 'ndb_id': '11282'}, {'ingredient': 'red chilies', 'quantity': '3', 'ndb_id': '11819'}, {'ingredient': 'curry powder', 'quantity': '1', 'unit': 'tablespoon', 'ndb_id': '2015'}, {'ingredient': 'chili powder', 'quantity': '1', 'unit': 'teaspoon', 'ndb_id': '2009'}, {'ingredient': 'garlic', 'state': 'minced', 'quantity': '1', 'unit': 'teaspoon', 'ndb_id': '11215'}, {'ingredient': 'ginger', 'state': 'minced', 'quantity': '1', 'unit': 'teaspoon', 'ndb_id': '11216'}, {'ingredient': 'mustard paste', 'quantity': '1', 'unit': 'tablespoon', 'ndb_id': '93600'}, {'ingredient': 'turmeric', 'quantity': '1/2', 'unit': 'teaspoon', 'ndb_id': '2043'}, {'ingredient': 'broth', 'quantity': '1', 'unit': 'cup', 'ndb_id': '6609'}, {'ingredient': 'tomato', 'state': 'chopped', 'quantity': '2', 'unit': 'cups', 'ndb_id': '11529'}, {'ingredient': 'cooking oil', 'quantity': '6', 'unit': 'tablespoons', 'ndb_id': '4679'}, {'ingredient': 'salt pepper', 'ndb_id': '93600'}, {'ingredient': 'cilantro', 'state': 'chopped', 'quantity': '1', 'unit': 'tablespoon', 'ndb_id': '11165'}]","['In a frying pan, heat three tablespoons of oil.', 'Fry bamboo shoots until light brown.', 'Reserve on a plate.', 'In a sauce pan heat oil, fry dried red chilies until dark.', 'Add onions and saut� until light brown.', 'Add curry powder, chili powder, ginger, garlic, whole mustard paste, salt and pepper.', 'Fry for one minute over low heat.', 'Add potatoes to the onion mixture and saut� for five minutes on medium heat.', 'Sprinkle water if it starts to burn.', 'Add soaked beans, saut�ed bamboo shoots, tomatoes and broth to the potatoes mixture.', 'Stir well.', 'Bring to a boil, and let simmer for 15 20 min.', 'Over low heat until potatoes are fork tender, and the gravy has attained its desired consistency.', 'Garnish with chopped cilantro.', 'Serve with rice or roti.']",0.0,0.5463,0.0,0.7746,8.9036,2.8338,0.02,3.0908,0.0,172.793,0.0,97.0503,357.77,1805.873,0.0,73.9577,0.9924,96.25,0.1601,0.0,1837.199,439.931,0.7827,1.0333,0.0,0.0,0.0,0.0054,0.0025,0.6359,0.0008,0.0,0.0,0.0,0.0,0.0,0.0024,0.0,0.0,0.0,0.0,0.0,0.0,0.5344,0.017,0.015,0.0639,0.0023,0.3328,0.0094,0.0733,0.766,0.924,0.1094,0.0,0.003,0.0013,0.0,0.0,0.0015,0.0009,0.0,0.0,0.0008,0.0028,0.0009,0.0008,0.0008,0.0,0.0057,0.0,0.0,0.0301,0.0,0.0,0.0,0.0,0.0,0.0,20.6765,8.614,136.178,136.178,136.178,0.0,7.099,0.0132,7.9423,3.3534,0.4785,0.2617,0.0,6.8983,0.4712,0.0,0.7153,417.408,7668.107,0.7344,147.338,0.0,2.3222,0.0,0.1824,6.6293,1.7161,0.5599,419.16,76.141,3201.988,0.7063,16.1031,0.0,0.3471,6.8113,0.5661,677.526,45.87,0.03,2.1893,24.0958,0.0,0.679,0.4843,0.0364,0.0,0.5329,0.1793,0.0,0.0,0.0778,2.8302,0.1575,0.2459,0.6376,3891.769,170.144,0.0,0.0,1.7908,119.1231,0.0,0.0,0.0,0.0,5.8999,0.0,42.6739,1035.353,3.8636
3862,356.0,40,10,8,Chocolate-Orange Rice Pudding,50,http://allrecipes.com/recipe/240256/chocolate-orange-rice-pudding/,Southeast Asian,Filipino,Asian,AllRecipes,https://images.media-allrecipes.com/userphotos/560x315/3029279.jpg,203.8049,1360.882,43.5484,44.6852,saucepan||saucepan,stir||boil||cook||stirring||remove||heat||stir||stir,0.0,0.0,0.0,1.0,0.0,"[{'ingredient': 'milk', 'quantity': '5 1/2', 'unit': 'cups', 'ndb_id': '1211'}, {'ingredient': 'arborio rice', 'quantity': '1', 'unit': 'cup', 'ndb_id': '93600'}, {'ingredient': 'white sugar', 'quantity': '2/3', 'unit': 'cup', 'ndb_id': '19335'}, {'ingredient': 'orange juice', 'quantity': '2', 'unit': 'tablespoons', 'ndb_id': '9206'}, {'ingredient': 'orange zest', 'state': 'grated', 'quantity': '1 1/2', 'unit': 'teaspoons', 'ndb_id': '93600'}, {'ingredient': 'orange liqueur', 'quantity': '2', 'unit': 'tablespoons', 'ndb_id': '14414'}, {'ingredient': 'cocoa powder', 'state': 'unsweetened', 'quantity': '1', 'unit': 'tablespoon', 'ndb_id': '19165'}, {'ingredient': 'chocolate chip', 'state': 'semisweet', 'quantity': '1', 'unit': 'cup', 'ndb_id': '18158'}]","['Stir milk, rice, sugar, orange juice, and orange zest together in a heavy saucepan.', 'Bring to a boil, reduce heat to medium low, and cook, stirring frequently, until the rice is tender and the mixture is thickened, 35 to 40 minutes.', 'Remove the saucepan from heat.', 'Stir orange liqueur and cocoa powder through the rice mixture.', 'Add chocolate chips and stir until melted into the pudding.']",0.0,1.4893,0.0,1.2824,9.4419,3.7521,0.0,8.052,12.42,1528.1153,0.0,203.8049,1.86,104.17,134.2,194.476,0.563,52.39,0.2695,0.0,5702.5413,1360.882,11.155,2.6531,0.0,0.0,0.0,0.0,0.0,0.0,0.0,0.0,0.0,0.0,0.0,0.0,0.0,0.0,0.0,0.0,0.0,0.0,0.0,25.4715,1.0065,1.0333,3.9871,0.0,11.331,0.0016,5.1281,11.1537,1.6432,1.0099,0.0,0.0,0.0,0.0,0.0,0.0,0.0,0.0,0.0,1.0065,1.0065,1.0065,0.0,0.0,0.0,0.0,0.0,0.0,0.0,0.0,0.0,0.0,0.0,0.0,0.0,2.06,0.0,78.128,78.128,78.128,0.0,0.0,0.0,0.0,9.6708,0.8823,1.2941,0.0,1.2797,2.231,67.771,4.0808,37.702,0.0,3.5988,164.556,0.0,0.2705,13.42,1.1257,1.4364,5.0783,2.2411,1172.186,0.0,1918.4027,4.2325,43.5484,603.9,2.3156,51.2572,2.5995,579.8373,0.0,0.0,133.0667,203.5362,111.078,0.6494,1.8427,0.0,0.0,0.0,0.0,0.0,0.0,0.0,44.6852,0.5532,2.1747,2.8315,2236.04,620.42,6.039,0.0,0.5019,15.5,1.342,26.84,0.0,1.342,0.9572,0.0,4.192,1210.2663,5.3619
4810,361.0,20,20,2,Malaysian Mango Chicken Curry,40,http://allrecipes.com/recipe/208612/malaysian-mango-chicken-curry/,Southeast Asian,Malaysian,Asian,AllRecipes,https://images.media-allrecipes.com/userphotos/560x315/2199669.jpg,59.7236,666.5216,57.9551,22.0911,skillet||plate||skillet,heat||stir||cook||transfer||whisk||cook||stir||stir||cook||add||cook||stir||cook||drop||cook,0.0,0.0,0.0,0.0,0.0,"[{'ingredient': 'green bell pepper', 'state': 'sliced', 'quantity': '1', 'ndb_id': '93600'}, {'ingredient': 'red bell pepper', 'state': 'sliced', 'quantity': '1', 'ndb_id': '93600'}, {'ingredient': 'ginger root', 'state': 'minced', 'quantity': '2', 'unit': 'teaspoons', 'ndb_id': '11216'}, {'ingredient': 'mango', 'state': 'peeled cubed', 'quantity': '1', 'ndb_id': '9176'}, {'ingredient': 'vegetable oil', 'quantity': '1', 'unit': 'tablespoon', 'ndb_id': '4513'}, {'ingredient': 'chicken breast', 'state': 'skinless boneless cubed', 'quantity': '1/2', 'unit': 'pound', 'ndb_id': '5062'}, {'ingredient': 'chicken stock', 'quantity': '1/2', 'unit': 'cup', 'ndb_id': '6172'}, {'ingredient': 'soy sauce', 'quantity': '1', 'unit': 'tablespoon', 'ndb_id': '16123'}, {'ingredient': 'cider vinegar', 'quantity': '1', 'unit': 'tablespoon', 'ndb_id': '2048'}, {'ingredient': 'brown sugar', 'quantity': '1 1/2', 'unit': 'tablespoons', 'ndb_id': '19334'}, {'ingredient': 'curry powder', 'quantity': '1', 'unit': 'teaspoon', 'ndb_id': '2015'}, {'ingredient': 'cornstarch', 'quantity': '1', 'unit': 'tablespoon', 'ndb_id': '20027'}, {'ingredient': 'onion', 'state': 'diced', 'quantity': '1/2', 'ndb_id': '11282'}]","['Heat vegetable oil in a large skillet over medium high heat and stir in the chicken breast.', 'Cook the chicken breast until no longer pink in the center.', 'Transfer cooked chicken to a plate.', 'Meanwhile, whisk together the chicken stock, soy sauce, vinegar, brown sugar, curry powder, and cornstarch.', 'Set aside.', 'Using the same skillet, cook and stir the onion over medium heat until the onion has softened and turned translucent, about 5 minutes.', 'Stir in the green and red bell peppers and cook for 2 minutes, then add the ginger and cook for another minute.', 'Stir in the chicken stock mixture and the cooked chicken breast.', 'Cook until the sauce has thickened.', 'Drop mango in and cook until the mango is heated through.']",0.0,3.1889,0.0,3.6766,6.8904,5.142,0.0,21.3042,0.0,80.3114,0.0,59.7236,14.85,1057.02,169.067,220.2875,0.4145,16.5,0.5618,0.0,2784.2546,666.5216,4.2491,1.6764,0.0068,0.1881,0.0,0.0068,0.0045,1.4963,0.0136,0.0023,0.0,0.7185,0.0023,0.0,0.0003,0.0136,0.0272,0.0,0.0,0.0,0.0,12.9842,0.542,6.4043,2.3029,0.0068,2.4692,0.4066,0.7556,3.7964,1.3272,0.139,0.0,0.0023,0.0281,0.1088,0.0068,0.0068,0.0003,0.0136,0.0091,0.0002,0.028,0.4494,0.0159,0.0136,0.0023,0.0016,0.0,0.0,0.0346,0.0,0.0,0.0272,0.0,0.0,0.0295,5.344,0.88,116.485,116.485,116.485,0.0,8.9643,0.0042,5.1605,8.2283,2.3994,1.9796,0.0,2.3239,2.6278,0.0,4.4304,42.35,4.95,5.1207,113.6268,0.0,0.6201,19.04,1.3611,25.3188,3.9069,2.1936,599.5331,25.52,1415.7404,1.7854,57.9551,21.6,0.6193,57.025,2.0921,1164.1352,0.0,0.0,25.0865,41.1715,0.0,0.3479,2.4076,0.0165,0.0,0.2435,0.0815,0.0165,0.0,0.0,22.0911,0.6923,1.9222,2.7989,1858.8802,110.72,0.476,0.0,2.2415,66.434,0.0,2.2667,0.0,0.0,3.8397,0.0,12.8492,516.6238,2.2554
2886,315.0,25,15,6,Szechwan Chicken,100,http://allrecipes.com/recipe/63362/szechwan-chicken/,Chinese and Mongolian,Chinese,Asian,AllRecipes,https://images.media-allrecipes.com/userphotos/250x250/580739.jpg,39.6487,1885.5851,201.5459,98.4323,bowl||bowl||skillet||skillet,whisk||add||coat||cover||heat||heat||stir||cook||stir||place||set||reduce||heat||stir||cook||stir||cook||stir,0.0,0.0,0.0,0.0,0.0,"[{'ingredient': 'soy sauce', 'quantity': '1/2', 'unit': 'cup', 'ndb_id': '16123'}, {'ingredient': 'cooking sherry', 'quantity': '1/2', 'unit': 'cup', 'ndb_id': '93600'}, {'ingredient': 'white sugar', 'quantity': '3/4', 'unit': 'teaspoon', 'ndb_id': '19335'}, {'ingredient': 'ginger', 'state': 'ground', 'quantity': '3/4', 'unit': 'teaspoon', 'ndb_id': '11216'}, {'ingredient': 'cornstarch', 'quantity': '2', 'unit': 'tablespoons', 'ndb_id': '20027'}, {'ingredient': 'red pepper', 'state': 'crushed', 'quantity': '3/4', 'unit': 'teaspoon', 'ndb_id': '11819'}, {'ingredient': 'garlic powder', 'quantity': '1/2', 'unit': 'teaspoon', 'ndb_id': '2020'}, {'ingredient': 'chicken breast', 'state': 'skinless boneless cut', 'quantity': '2', 'unit': 'pounds', 'ndb_id': '5057'}, {'ingredient': 'vegetable oil', 'quantity': '1', 'unit': 'tablespoon', 'ndb_id': '4513'}, {'ingredient': 'green bell pepper', 'state': 'sliced', 'quantity': '1', 'ndb_id': '93600'}, {'ingredient': 'onion', 'state': 'quartered', 'quantity': '1', 'ndb_id': '11282'}, {'ingredient': 'cashew', 'quantity': '1/2', 'unit': 'cup', 'ndb_id': '12087'}]","['Whisk together the soy sauce, sherry, sugar, ginger, cornstarch, crushed red pepper, and garlic powder in a large glass or ceramic bowl.', 'Add the chicken and toss to evenly coat.', 'Cover the bowl with plastic wrap, and marinate in the refrigerator for 1 to 2 hours.', 'Heat the vegetable oil in a skillet over medium heat.', 'Stir in the bell pepper and onion.', 'Cook and stir until the onion has softened and turned translucent, about 5 minutes.', 'Place onion and bell pepper on a plate and set aside.', 'Reduce heat to medium low, stir chicken and marinade into the same skillet.', 'Cook the chicken breasts until no longer pink in the center and the juices run clear, about 15 minutes.', 'Stir in cashews and cook for 1 to 2 minutes.', 'Stir in the onion and bell pepper, cooking until heated through.']",0.0,11.1875,0.0,12.4969,29.182,17.9601,0.0,118.072,0.0,178.5095,0.0,39.6487,0.8438,14.0156,580.5989,643.0291,0.49,0.9375,2.648,0.0,7890.7155,1885.5851,36.3439,18.3739,0.0,0.0,0.0,0.0,0.0,0.0016,0.0,0.0,0.0,0.0,0.0,0.0,0.0,0.0003,0.0,0.0,0.0,0.0,0.0001,35.3805,0.5032,6.4833,2.9626,0.0,18.9223,4.5362,5.2968,30.4363,16.3338,0.7697,0.0,0.0,0.9073,0.4536,0.0907,0.0004,0.0,0.0907,0.1814,0.0,0.0272,0.4489,0.9525,0.0,0.0,0.0,0.0,0.0,0.0002,0.0,0.0,0.0,0.0,0.0,0.0,3.9187,1.65,84.07,84.07,84.07,0.0,1.9398,0.0,3.3386,30.379,11.5682,5.9195,0.0,9.0745,10.0802,0.0,14.6591,22.6172,0.0,16.2092,339.0041,0.0,1.6864,0.0,5.2377,92.9106,7.8762,7.9026,1843.6681,35.769,2802.2402,9.3286,201.5459,217.7246,1.0273,152.8398,7.1519,7583.9095,0.0,0.0,4.788,10.2011,0.0,0.6914,8.2698,0.0,0.0,0.5443,0.06,0.0,0.0,0.0,98.4323,2.2963,6.5471,9.7237,778.2767,218.8496,3.0844,0.0,5.2167,14.5616,3.6287,145.1497,0.0,0.0,3.0281,0.0,4.295,859.1907,8.6891
63249,666.0,0,0,4,"(Balalit, Saweeya or Seviyan) Sweet Vermicelli Breakfast",43,http://www.geniuskitchen.com/recipe/balalit-saweeya-or-seviyan-sweet-vermicelli-breakfast-361328,Middle Eastern,Saudi Arabian,Asian,Geniuskitchen,"https://img.sndimg.com/food/image/upload/w_555,h_416,c_fit,fl_progressive,q_95/v1/img/recipes/36/13/28/picC5ZzHo.jpg",545.0196,2660.2956,46.895,33.1676,oven||oven||pan,place||remove||cook||drain||set||mix||butter||heat||add||stirring||combine||cook||serve,0.0,0.0,0.0,0.0,0.0,"[{'ingredient': 'rice vermicelli', 'quantity': '450', 'unit': ' g', 'ndb_id': '32002'}, {'ingredient': 'sugar', 'quantity': '1', 'unit': 'cup', 'ndb_id': '19908'}, {'ingredient': 'cardamom', 'state': 'ground', 'quantity': '2 -3', 'unit': 'teaspoons', 'ndb_id': '2006'}, {'ingredient': 'rose water', 'quantity': '3', 'unit': 'tablespoons', 'ndb_id': '14555'}, {'ingredient': 'olive oil', 'quantity': '2', 'unit': 'tablespoons', 'ndb_id': '4053'}, {'ingredient': 'saffron', 'quantity': '1', 'unit': 'pinch', 'ndb_id': '2037'}, {'ingredient': 'water', 'quantity': '3', 'ndb_id': '14555'}]","['Place vermicelli on oven trays under broiler until golden brown.', 'Watch carefully.', 'May need turning to colour all.', 'Remove from oven and cook in 3 liters of boiling water for precisely 3 minutes.', 'Drain and set aside.', 'In a large pan mix the other tbls oil or butter with sugar, cardamom, saffron, and rose water stirring over medium heat.', 'Add the vermicelli, stirring to combine, let it cook over very low heat for 1/2 hour.', 'Serve warm.']",0.0,1.566,0.0,2.556,18.2585,2.8755,0.0,0.027,0.0,469.1586,0.0,545.0196,0.0,4.5,4.5,78.831,0.8151,0.0,0.5715,0.0,11136.1979,2660.2956,21.3782,4.5386,0.0,0.0,0.0,0.0059,0.0338,0.0,0.0,0.0,0.0,0.0,0.0,0.0,0.0,0.0,0.0,0.0,0.0,0.0,0.0,5.1104,0.0,0.0,0.0,0.0,4.2593,0.4513,0.6939,20.7863,4.265,0.2735,0.0,0.1118,0.1065,0.0,0.0,0.0348,0.0,0.0,0.0,0.0,0.0,0.0,0.0,0.0,0.0,0.0,0.0,0.0,0.0,0.0,0.0,0.0,0.0,0.0,0.0,5.4017,0.0,1561.5407,90.0407,954.0407,864.0,0.0,0.0,0.45,5.193,1.332,0.675,0.0,11.8835,1.2555,0.0,2.3535,126.0,0.0,0.8505,162.3755,5.085,4.0743,0.0,0.6525,27.5721,3.2175,1.44,695.1302,59.67,905.6042,1.746,46.895,18.0,0.3916,145.8024,1.332,5884.3848,320.535,0.0,201.7138,207.2488,0.0,2.7136,0.9945,0.2097,0.0,0.4491,0.135,1.17,0.0,0.45,33.1676,0.387,0.8055,1.683,63.2319,18.0118,0.09,0.0,1.8004,18.4854,0.0,0.0,0.0,0.0,4.0545,0.0,18.504,747.1036,4.6061
4887,324.0,30,540,8,Azuki Ice Cream (Japanese Red Beans Ice Cream),570,http://allrecipes.com/recipe/87470/azuki-ice-cream-japanese-red-beans-ice-cream/,Japanese,Japanese,Asian,AllRecipes,https://images.media-allrecipes.com/userphotos/250x250/248610.jpg,209.1915,1696.2627,61.0608,70.393,saucepan||cup||paddle||saucepan||bowl||cup||bowl||pan,boil||boil||reduce||simmer||add||strain||refrigerate||cream||boil||heat||boil||whisk||boil||whisk||smooth||cook||heat||cook||remove||heat||stir||refrigerate||stir||pour,0.0,0.0,0.0,0.0,0.0,"[{'ingredient': 'adzuki bean', 'quantity': '1', 'unit': 'cup', 'ndb_id': '16001'}, {'ingredient': 'white sugar', 'quantity': '1/3', 'unit': 'cup', 'ndb_id': '19335'}, {'ingredient': 'lemon juice', 'quantity': '2', 'unit': 'teaspoons', 'ndb_id': '9152'}, {'ingredient': 'water', 'quantity': '3 1/2', 'unit': 'cups', 'ndb_id': '14555'}, {'ingredient': 'milk', 'quantity': '1', 'unit': 'cup', 'ndb_id': '1211'}, {'ingredient': 'heavy cream', 'quantity': '1', 'unit': 'cup', 'ndb_id': '1053'}, {'ingredient': 'egg yolk', 'quantity': '4', 'ndb_id': '1125'}, {'ingredient': 'vanilla extract', 'quantity': '1', 'unit': 'teaspoon', 'ndb_id': '2050'}]","['In a saucepan, combine the azuki beans, 1/3 cup of sugar, lemon juice and water.', 'Bring to a boil, and boil uncovered for 3 minutes.', 'Reduce the heat to low, and simmer for 2 1/2 to 3 hours, or until the beans are very tender.', 'When done, the beans and liquid should amount to 3 cups.', 'If not, add more water to compensate.', 'Strain the bean mixture through a sieve i use a wooden paddle for this, and discard the bean skins.', 'Refrigerate for about 2 hours, or until cold.', 'In a saucepan, combine the milk and cream.', 'Bring to a boil over medium heat.', 'While you wait for that to boil, whisk together the egg yolks and 2/3 cup of sugar in a medium bowl.', 'When the cream and milk come to a boil, ladle about 1/4 cup of the hot liquid into the bowl with the egg yolks, and whisk until smooth.', 'Pour the yolk mixture into the pan with the cream, and cook over low heat until thick enough to coat the back of a metal spoon.', 'This should take about 5 minutes.', 'Do not cook too long, or you will get lumps.', 'Remove from the heat, and stir in the vanilla.', 'Refrigerate until cold.', 'Once both of the mixtures are cold, stir them together.', ""Pour into an ice cream maker, and freeze according to the manufacturer's instructions.""]",0.0,3.224,1.4448,3.5756,10.4753,6.603,0.0,2.076,0.0,657.3487,0.0,209.1915,25.84,163.4217,897.8,613.3065,2.3492,22.8467,0.6064,0.068,7097.5384,1696.2627,20.9838,5.4434,0.4325,0.6564,0.1308,0.2867,0.078,8.494,1.0692,0.2256,0.0,1.05,0.2784,0.0,0.0024,0.0096,0.0492,0.0036,0.0,0.0169,0.0,39.0645,1.2771,1.4541,4.7928,0.4293,17.8466,1.4114,6.821,18.9188,4.4753,0.4075,0.0,0.0782,0.1365,0.3674,0.0183,0.0438,0.0097,0.024,0.0775,1.0614,0.9138,0.6499,1.4832,1.2,0.2832,0.0,0.0,0.0,0.1473,0.0048,0.0024,0.0468,0.0,0.0,0.012,25.0495,3.6,1343.6533,1343.6533,1343.6533,0.0,0.1594,0.0476,0.223,9.8585,2.0516,1.6262,0.0,11.9066,2.7201,15.8736,5.2477,745.445,0.0,4.5697,304.094,0.0476,3.4761,2.44,0.9524,5.5185,6.45,3.0892,1291.3953,149.72,2998.601,3.2823,61.0608,848.08,1.4486,57.2252,3.4008,197.5464,0.0,0.0,66.6246,83.5276,0.0,1.1552,2.2732,0.034,0.0408,1.1924,0.1284,0.0,0.0,0.0,70.393,0.6735,2.1741,3.3672,3173.94,866.49,2.616,0.0,1.0651,4.6545,5.836,228.72,0.0,5.836,3.0444,0.0,5.048,1187.3974,12.7
2656,380.0,300,30,8,Chicken Tagine,330,http://allrecipes.com/recipe/180014/chicken-tagine/,Northern Africa,Moroccan,African,AllRecipes,https://images.media-allrecipes.com/userphotos/250x250/174873.jpg,248.3609,17343.0723,401.1311,1638.6127,skillet||skillet||cooker||bowl||saucepan||fork,heat||heat||place||stir||cook||remove||heat||place||whisk||cook||boil||stir||remove||heat||cover,0.0,0.0,0.0,0.0,0.0,"[{'ingredient': 'olive oil', 'quantity': '2', 'unit': 'tablespoons', 'ndb_id': '4053'}, {'ingredient': 'chicken thigh', 'state': 'skinless boneless cut', 'quantity': '8', 'ndb_id': '5674'}, {'ingredient': 'eggplant', 'state': 'cut', 'quantity': '1', 'ndb_id': '11209'}, {'ingredient': 'onion', 'state': 'sliced', 'quantity': '2', 'ndb_id': '11282'}, {'ingredient': 'carrot', 'state': 'sliced', 'quantity': '4', 'ndb_id': '11124'}, {'ingredient': 'cranberry', 'quantity': '1/2', 'unit': 'cup', 'ndb_id': '9078'}, {'ingredient': 'apricot', 'state': 'chopped', 'quantity': '1/2', 'unit': 'cup', 'ndb_id': '9021'}, {'ingredient': 'chicken broth', 'quantity': '2', 'unit': 'cups', 'ndb_id': '6013'}, {'ingredient': 'tomato paste', 'quantity': '2', 'unit': 'tablespoons', 'ndb_id': '11546'}, {'ingredient': 'lemon juice', 'quantity': '2', 'unit': 'tablespoons', 'ndb_id': '9152'}, {'ingredient': 'purpose flour', 'quantity': '2', 'unit': 'tablespoons', 'ndb_id': '93600'}, {'ingredient': 'garlic salt', 'quantity': '2', 'unit': 'teaspoons', 'ndb_id': '93600'}, {'ingredient': 'cumin', 'state': 'ground', 'quantity': '1 1/2', 'unit': 'teaspoons', 'ndb_id': '2014'}, {'ingredient': 'ginger', 'state': 'ground', 'quantity': '1 1/2', 'unit': 'teaspoons', 'ndb_id': '11216'}, {'ingredient': 'cinnamon', 'quantity': '1', 'unit': 'teaspoon', 'ndb_id': '18964'}, {'ingredient': 'black pepper', 'state': 'ground', 'quantity': '3/4', 'unit': 'teaspoon', 'ndb_id': '2030'}, {'ingredient': 'water', 'quantity': '1', 'unit': 'cup', 'ndb_id': '14555'}, {'ingredient': 'couscous', 'quantity': '1', 'unit': 'cup', 'ndb_id': '20028'}]","['Heat olive oil in a skillet over medium high heat.', 'Place the chicken pieces and eggplant in the heated oil.', 'Stir and cook until the chicken is browned on all sides but not cooked through.', 'Remove the skillet from the heat.', 'Place the browned chicken and eggplant on the bottom of a slow cooker.', 'Layer the onion, carrots, dried cranberries, and apricots over the chicken.', 'Whisk together the chicken broth, tomato paste, lemon juice, flour, garlic salt, cumin, ginger, cinnamon, and ground black pepper in a bowl.', 'Pour the broth mixture into the slow cooker with the chicken and vegetables.', 'Cook on high setting for 5 hours, or on low setting for 8 hours.', 'Bring water to boil in a saucepan.', 'Stir in couscous, and remove from heat.', 'Cover, and let stand about 5 minutes, until liquid has been absorbed.', 'Fluff with a fork.']",0.0,24.9789,0.0,26.2078,34.0107,28.1858,0.0,302.6625,0.0,542.4832,0.0,248.3609,10037.972,25050.5255,3810.24,1137.6004,2.8415,118.4912,3.7942,0.0,72492.623,17343.0723,710.5801,333.236,0.9788,96.3984,0.6523,1.8541,1.4472,572.7494,5.1823,2.0294,0.0,295.9033,2.4643,0.0,1.5946,1.8482,2.6119,0.1812,0.0,0.145,0.0362,444.4501,0.1885,0.7647,9.2353,3.2987,349.3421,97.711,79.5615,599.9571,305.0297,16.3024,0.3262,1.1628,7.897,4.8199,0.2537,0.9408,0.1812,0.5074,0.2537,0.0362,0.0002,0.1107,8.299,5.8346,2.4643,0.0,0.0,0.0,14.3926,0.0,0.1087,2.5006,0.0,0.0,1.0872,27.5747,13.106,257.3632,257.3632,257.3632,0.0,8.7625,0.0026,13.4841,51.825,45.652,7.8017,0.0,22.6713,11.024,0.0,21.1604,4627.5435,9207.705,20.8366,487.5088,0.1361,4.3023,0.0,6.2958,115.1306,26.0774,11.9799,4299.439,122.799,7508.7272,29.1843,401.1311,2138.16,1.8844,381.5323,14.0108,5238.467,4.1888,0.0,18.1739,42.4438,0.0,2.1687,12.3128,0.0585,0.0,5.2369,1.6131,0.0,0.0,1.6091,1638.6127,2.0864,9.0057,13.6616,57288.8907,4645.8117,24.564,0.0,5.4322,73.8461,7.248,217.44,0.0,7.248,18.6387,0.0,81.9184,3033.8407,27.8043
50996,173.1,0,0,4-5 cups,Libyan Pumpkin Dip,40,http://www.geniuskitchen.com/recipe/libyan-pumpkin-dip-488517,Northern Africa,Libyan,African,Geniuskitchen,https://geniuskitchen.sndimg.com/gk/img/gk-shareGraphic.png,20.0373,559.536,2.3615,55.0165,pan||pan,peel||chop||squash||place||boil||simmer||simmer||evaporated||grate||add||stir||cook||cool||refrigerate,0.0,0.0,0.0,0.0,0.0,"[{'ingredient': 'butternut squash', 'quantity': '1', 'ndb_id': '11485'}, {'ingredient': 'water', 'quantity': '2', 'unit': 'cups', 'ndb_id': '14555'}, {'ingredient': 'salt', 'quantity': '1/2', 'unit': 'tablespoon', 'ndb_id': '10165'}, {'ingredient': 'garlic clove', 'quantity': '7', 'ndb_id': '93600'}, {'ingredient': 'olive oil', 'quantity': '1/4', 'unit': 'cup', 'ndb_id': '4053'}, {'ingredient': 'paprika', 'state': 'sweet', 'quantity': '1', 'unit': 'tablespoon', 'ndb_id': '2028'}]","['Peel and chop butternut squash.', 'Place in a sauce pan with water oil and salt.', 'Bring to the boil.', 'Simmer covered until butternut squash is cooked, then uncover and simmer until all the water has evaporated.', 'Grate or crush garlic and add to the pan along with the paprika.', 'Stir in and cook for a further five minutes.', 'Leave to cool and refrigerate, serve chilled with bread or rolls.', 'Or alternatively serve hot over rice.']",0.0,0.1023,0.0,0.1389,1.9781,0.3436,0.0,0.5368,0.0,130.712,0.0,20.0373,1208.06,7695.416,0.0,3.664,0.1825,5280.048,0.0282,0.0,2340.968,559.536,39.524,6.2693,0.0,0.0,0.0,0.0119,0.0675,0.109,0.0,0.0,0.0,0.0,0.0,0.0,0.0,0.0,0.0,0.0,0.0,0.0,0.0,7.6312,0.0,0.0046,0.0117,0.0,6.2216,0.6824,1.0803,38.6041,5.7913,0.4781,0.0,0.2268,0.1695,0.0,0.0,0.0729,0.0,0.0,0.0,0.0,0.0,0.0,0.0,0.0,0.0,0.0,0.0,0.0,0.0308,0.0,0.0,0.0,0.0,0.0,0.0,5.1732,0.0,41.132,41.132,41.132,0.0,1.8423,0.0129,1.5648,0.3987,0.1048,0.0436,0.0,2.7199,0.0934,0.0,0.1424,1288.192,0.0,0.0987,69.184,0.0,0.3909,0.0,0.0304,2.3641,0.7307,0.0961,67.552,131.24,648.38,0.2075,2.3615,0.0,0.1116,1.1284,0.0961,20.784,0.0,0.0,0.3631,3.7831,0.0,0.1624,0.0753,0.0832,0.017,0.6889,0.2686,0.0,0.0,0.0061,55.0165,0.0244,0.0734,0.1112,18231.272,912.284,0.0,0.0,0.3612,29.4612,0.0,0.0,0.0,0.0,11.7438,0.0,39.5084,595.6435,0.5044
51649,855.9,0,0,06-Aug,Nhem (Laotian Crispy Rice Salad),35,http://www.geniuskitchen.com/recipe/nhem-laotian-crispy-rice-salad-503396,Middle Eastern,Laotian,Asian,Geniuskitchen,https://geniuskitchen.sndimg.com/gk/img/gk-shareGraphic.png,1236.426,7028.3756,227.535,116.418,bowl||bowl,add||mix||dip||cool||break||stir||fry||add||season||combine||handle||add||garnish,0.0,0.0,0.0,0.0,0.0,"[{'ingredient': 'coconut milk', 'quantity': '12', 'unit': 'ounces', 'ndb_id': '12117'}, {'ingredient': 'red curry paste', 'quantity': '3', 'unit': 'tablespoons', 'ndb_id': '93600'}, {'ingredient': 'white rice', 'state': 'cooked', 'quantity': '8', 'unit': 'cups', 'ndb_id': '20044'}, {'ingredient': 'coconut', 'state': 'shredded', 'quantity': '1/3', 'unit': 'cup', 'ndb_id': '12104'}, {'ingredient': 'sugar', 'quantity': '1', 'unit': 'tablespoon', 'ndb_id': '19908'}, {'ingredient': 'salt', 'quantity': '1', 'unit': 'pinch', 'ndb_id': '10165'}, {'ingredient': 'cornstarch', 'ndb_id': '20027'}, {'ingredient': 'egg', 'state': 'beaten', 'quantity': '3', 'ndb_id': '1123'}, {'ingredient': 'oil', 'ndb_id': '1003'}, {'ingredient': 'spam', 'state': 'chopped', 'quantity': '1', 'unit': ' lb', 'ndb_id': '93600'}, {'ingredient': 'shallot', 'state': 'sliced', 'quantity': '1/2', 'unit': 'cup', 'ndb_id': '11677'}, {'ingredient': 'fish sauce', 'quantity': '3', 'unit': 'tablespoons', 'ndb_id': '6179'}, {'ingredient': 'cilantro', 'state': 'chopped', 'ndb_id': '11165'}, {'ingredient': 'mint', 'state': 'chopped', 'ndb_id': '2065'}, {'ingredient': 'chili', 'ndb_id': '11670'}, {'ingredient': 'peanut', 'state': 'roasted crushed', 'ndb_id': '16087'}]","['In a large bowl, combine coconut milk, red curry paste, sugar, salt and grated coconut.', 'Add the rice and mix well so that the rice absorbs all the liquid.', 'Form the rice mixture into tennis sized balls and pack tightly so they do not fall apart while frying.', 'Dip the balls into the egg, then dredge with cornstarch.', 'Deep fry until golden brown.', 'Let cool slightly.', 'Break the balls apart into a clean bowl, gently stir, and bring to room temperature.', 'If desired, reserve some of the crust to deep fry until crispy.', 'Add the chopped som moo, shallots, season with fish sauce and a little lime, chopped cilantro, mint, then lightly toss to combine.', 'If desired, return the reserved crusts to the deep fryer until crispy, then drain on paper towels.', 'Once cooled enough to handle, crumble them onto the rice mixture or serve on the side.', 'Add peanuts and toss.', 'Garnish with dried chilies.']",0.0,7.7486,0.0,11.5907,30.7924,12.943,0.0,0.45,0.0,1145.9748,0.0,1236.426,0.0,2.4,784.6672,869.5185,5.6168,13.5,2.7395,0.15,29402.2025,7028.3756,12.7766,7.2751,0.012,0.297,0.0045,0.033,0.018,5.082,0.0345,0.018,0.0,2.2965,0.018,0.0,0.018,0.027,0.0345,0.0,0.0,0.0,0.0,87.7804,5.0205,39.941,15.8891,0.0105,13.7822,0.3996,6.2145,12.2931,5.658,0.6095,0.0,0.0045,0.0405,0.5177,0.1048,0.006,0.0,0.0649,0.2377,0.006,0.5136,6.3128,0.057,0.039,0.018,0.0,0.0,0.0,0.054,0.0,0.0015,0.033,0.0,0.0,0.0195,31.6843,1.65,5982.2045,373.0045,3673.4045,3300.4,0.296,0.0,0.851,25.4658,5.9667,3.1851,0.0,80.4192,5.9908,0.0,11.1096,760.9,0.0,5.6692,724.6479,0.0,20.0263,0.0,3.2408,71.2793,18.305,7.1633,3237.2471,19.9352,4368.0343,6.218,227.535,378.1603,2.1428,375.3495,7.5442,4901.1838,0.0,0.0,14.8722,37.3046,0.0,9.2894,5.0011,0.015,0.09,0.8913,0.4793,0.0,0.0,0.015,116.418,1.6036,4.5975,8.3398,1273.0144,378.1603,6.1275,0.0,3.8427,17.0754,3.0,123.0,0.0,3.0,6.076,0.0,3.4168,986.8602,25.605
62676,340.7,0,0,10-Dec,Cambodian Coleslaw-Ngiom,23,http://www.geniuskitchen.com/recipe/cambodian-coleslaw-ngiom-78491,Southeast Asian,Cambodian,Asian,Geniuskitchen,https://geniuskitchen.sndimg.com/gk/img/gk-shareGraphic.png,344.9438,3780.6655,221.2633,176.3132,pan||bowl,place||cover||dry||remove||heat||shred||set||soak||drain||whisk||set||toss||add||place,0.0,0.0,0.0,0.0,0.0,"[{'ingredient': 'cellophane noodle', 'quantity': '8', 'unit': 'ounces', 'ndb_id': '16082'}, {'ingredient': 'cabbage', 'state': 'shredded', 'quantity': '1', 'ndb_id': '11109'}, {'ingredient': 'carrot', 'state': 'shredded', 'quantity': '5', 'ndb_id': '11124'}, {'ingredient': 'chicken breast', 'state': 'boneless skinless', 'quantity': '1 1/2', 'unit': '1/2', 'ndb_id': '5057'}, {'ingredient': 'peanut', 'state': 'roasted chopped', 'quantity': '8', 'unit': 'ounces', 'ndb_id': '16087'}, {'ingredient': 'fish sauce', 'quantity': '1', 'unit': 'cup', 'ndb_id': '6179'}, {'ingredient': 'rice vinegar', 'quantity': '5', 'unit': 'tablespoons', 'ndb_id': '93600'}, {'ingredient': 'sugar', 'quantity': '3', 'unit': 'tablespoons', 'ndb_id': '19908'}, {'ingredient': 'hot red chili pepper', 'state': 'minced', 'quantity': '3', 'ndb_id': '11819'}, {'ingredient': 'mint leaf', 'state': 'chopped', 'quantity': '2', 'unit': 'tablespoons', 'ndb_id': '93600'}, {'ingredient': 'basil leaf', 'state': 'chopped', 'quantity': '2', 'unit': 'tablespoons', 'ndb_id': '93600'}]","['Place chicken breasts in a covered pan in enough liquid to cover, and poach for 5 8 minutes or until cooked through.', 'Remove from heat.', 'Shred chicken and set aside.', 'Soak cellophane noodles for 2 minutes in boiling water.', 'Drain.', 'Whisk together fish sauce, rice vinegar, sugar and chopped chiles.', 'Set aside.', 'Toss cabbage, carrots, and chicken together in a large bowl.', 'Add vinaigrette and toss again.', 'Place cabbage mixture on a serving platter and garnish with roasted peanuts and chopped mint and basil, if desired.']",0.0,11.14,0.0,16.3743,77.2806,21.0426,0.0,63.7951,0.0,680.2058,0.0,344.9438,22252.8,53024.0,435.4492,881.3211,3.4794,0.0,3.1485,0.0,15835.9957,3780.6655,81.5026,49.4193,0.0,0.0,0.0,0.0,0.0,0.0,0.0,0.0,0.0,0.0,0.0,0.0,0.0,0.0,0.0,0.0,0.0,0.0,0.0,32.6232,0.0,0.068,0.6039,0.0,25.211,3.438,6.1914,75.5447,47.8921,0.5662,0.0,0.0,2.1795,0.3402,0.0709,0.0,0.0,0.068,0.1419,0.0,0.0,0.0,0.7144,0.0,0.0,0.0,0.0,0.0,0.0,0.0,0.0,0.0,0.0,0.0,0.0,38.332,20.48,844.5515,844.5515,844.5515,0.0,3.52,0.0,3.776,35.5615,12.1964,5.9984,0.0,24.6634,9.7983,0.0,14.9116,1638.4,6.4,14.5082,1139.5532,0.0,6.3408,0.0,4.6821,108.1849,11.7917,9.0881,2353.7942,0.0,6007.9222,9.4334,221.2633,174.8134,1.4199,174.0391,8.2063,23545.8709,9.152,0.0,64.0407,92.5889,0.0,2.6773,9.1489,0.064,0.0,0.4082,0.064,0.0,0.0,0.0,176.3132,2.2608,7.3195,9.8537,107517.6832,5518.8134,3.6957,0.0,6.5325,39.2,2.7216,108.8623,0.0,0.0,25.2483,0.0,84.48,1287.5265,15.9138
3780,278.0,60,20,6,Moroccan Shabbat Fish,80,http://allrecipes.com/recipe/213243/moroccan-shabbat-fish/,Middle Eastern,Israeli,Asian,AllRecipes,https://images.media-allrecipes.com/userphotos/560x315/2154853.jpg,35.3808,3068.2712,547.0434,71.1227,oven||dish||dish||oven,preheat||arrange||combine||mix||sprinkle||cover||bake,0.0,0.0,0.0,0.0,0.0,"[{'ingredient': 'red bell pepper', 'state': 'cut', 'quantity': '1', 'ndb_id': '93600'}, {'ingredient': 'tomato', 'state': 'sliced', 'quantity': '3', 'ndb_id': '11529'}, {'ingredient': 'tilapia fillet', 'quantity': '6', 'ndb_id': '93600'}, {'ingredient': 'paprika', 'quantity': '2', 'unit': 'tablespoons', 'ndb_id': '2028'}, {'ingredient': 'chicken bouillon granule', 'quantity': '1', 'unit': 'tablespoon', 'ndb_id': '93600'}, {'ingredient': 'cayenne pepper', 'quantity': '1', 'unit': 'teaspoon', 'ndb_id': '2031'}, {'ingredient': 'salt pepper', 'quantity': 'to taste', 'ndb_id': '93600'}, {'ingredient': 'olive oil', 'quantity': '1/4', 'unit': 'cup', 'ndb_id': '4053'}, {'ingredient': 'water', 'quantity': '1', 'unit': 'cup', 'ndb_id': '14555'}, {'ingredient': 'parsley', 'state': 'chopped', 'quantity': '1/4', 'unit': 'cup', 'ndb_id': '11297'}]","['Preheat an oven to 200 degrees f.', 'Layer the sliced red peppers and sliced tomatoes in the bottom of a baking dish.', 'Arrange the tilapia fillets on top of the vegetables.', 'Combine the paprika, chicken bouillon, cayenne, salt, pepper, olive oil, and water and mix well.', 'Pour the seasoning mixture over the fish.', 'Sprinkle with parsley.', 'Cover the baking dish with aluminum foil and bake in the preheated oven until the fish flakes easily with a fork and the vegetables are tender, about 1 hour.']",0.0,0.2971,0.0,0.28,37.6481,1.3364,0.0,1.6898,0.0,3355.3718,0.0,35.3808,757.7866,7718.2925,1360.0031,1822.918,7.338,953.832,0.0937,0.0,12819.0289,3068.2712,42.3245,12.0881,0.0,0.0,0.0,0.0119,0.0675,0.218,0.0,0.0,0.0,0.0,0.0,0.0,0.0,0.0,0.0,0.0,0.0,0.0,0.0,11.4678,0.0005,0.0097,0.0806,0.0,8.9333,1.1073,2.1206,40.9781,7.856,0.9681,0.0,0.23,0.171,1.4144,0.6256,0.0761,0.0,0.3264,0.8976,0.0,0.0,0.0,0.0,0.0,0.0,0.0,0.0,0.0,0.0616,0.0,0.0,0.0,0.0,0.0,0.0,13.773,15.4138,539.8976,539.8976,539.8976,0.0,10.0939,0.0258,8.7348,3.2332,0.2551,0.137,0.0,44.1373,0.2158,0.0,0.3232,4471.6628,17243.3433,0.3018,656.9033,0.0,1.0402,0.0,0.0737,35.6227,0.9978,0.2856,5113.5287,192.2955,8274.2771,0.4467,547.0434,816.0019,4.4058,457.9912,0.2776,1907.1204,0.0,0.0,0.1102,19.3451,0.0,3.5757,0.2658,0.174,0.034,1.8133,0.6042,0.0,0.0,0.0122,71.1227,0.0564,0.1578,0.2484,17013.604,1533.0472,27.2001,0.0,4.1489,113.2602,0.0,0.0,0.0,0.0,29.5749,0.0,346.5372,3020.4273,29.1334
3781,232.0,15,15,8,Apples in Pajamas,30,http://allrecipes.com/recipe/57998/apples-in-pajamas/,Middle Eastern,Israeli,Asian,AllRecipes,https://images.media-allrecipes.com/userphotos/560x315/883965.jpg,141.9491,8068.4893,21.0436,843.0712,bowl||skillet,stir||whisk||smooth||heat||coat||place||fry||fry||drain||stir||sprinkle,0.0,0.0,0.0,0.0,0.0,"[{'ingredient': 'granny smith apple', 'state': 'peeled cored sliced', 'quantity': '4', 'ndb_id': '9502'}, {'ingredient': 'purpose flour', 'quantity': '2/3', 'unit': 'cup', 'ndb_id': '93600'}, {'ingredient': 'salt', 'quantity': '1', 'unit': 'pinch', 'ndb_id': '10165'}, {'ingredient': 'egg', 'quantity': '2', 'ndb_id': '1123'}, {'ingredient': 'vegetable oil', 'quantity': '1', 'unit': 'tablespoon', 'ndb_id': '4513'}, {'ingredient': 'milk', 'quantity': '1/3', 'unit': 'cup', 'ndb_id': '1211'}, {'ingredient': 'water', 'quantity': '1/4', 'unit': 'cup', 'ndb_id': '14555'}, {'ingredient': 'oil', 'quantity': '4', 'unit': 'cups', 'ndb_id': '1003'}, {'ingredient': 'cinnamon', 'state': 'ground', 'quantity': '1/2', 'unit': 'teaspoon', 'ndb_id': '18964'}, {'ingredient': 'white sugar', 'quantity': '2', 'unit': 'tablespoons', 'ndb_id': '19335'}]","['In a shallow bowl, stir together the flour and salt.', 'Whisk in the eggs, 1 tablespoon of oil, milk, and water until batter is smooth.', 'The batter should be just thick enough to stick to the apples and coat them.', 'If the batter is too thin, more flour may be added.', 'If the batter does not want to stick, toss the apples with a bit of flour.', 'Heat one inch of vegetable oil in a deep heavy skillet to 375 degrees f.', 'Coat apple slices with batter, and place 4 or 5 slices into the hot oil at a time.', 'Fry until golden on one side, then use tongs to flip and fry until brown on the other side.', 'Drain on paper towels.', 'Stir together the cinnamon and sugar.', 'Sprinkle over the apple slices before serving.']",0.0,0.904,0.0,0.9752,4.0385,1.7208,0.0,0.788,0.0,228.0837,0.0,141.9491,0.0,2074.4533,2479.3333,516.3339,0.3618,25.48,0.3121,0.1,33752.5813,8068.4893,241.4712,32.578,0.008,0.198,0.003,0.022,0.012,3.388,0.023,0.012,0.0,1.531,0.012,0.0,0.012,0.018,0.023,0.0,0.0,0.0,0.0,523.5037,21.0292,29.3572,84.546,0.007,218.5681,18.4706,100.3479,210.835,20.2956,11.9744,0.0,0.003,0.027,0.188,0.0,0.004,0.0,0.007,0.058,26.5182,15.7502,9.6322,0.038,0.026,0.012,0.0,0.0,0.0,0.036,0.0,0.001,0.022,0.0,0.0,0.013,23.072,1.1,51.0667,75.7867,75.7867,0.0,41.2,0.0,22.2884,2.7326,0.5316,0.4519,0.0,3.023,0.943,4.1073,1.5506,1030.36,0.0,1.3071,62.5183,0.0,0.3949,0.8133,0.5049,1.2102,2.3798,0.9274,389.8,12.92,1275.664,0.9863,21.0436,6953.4,0.8463,34.6845,1.2485,203.0503,0.412,0.0,41.0528,108.6485,0.0,0.2422,0.7716,0.01,0.06,0.5,0.06,0.0,0.0,0.01,843.0712,0.2323,0.7431,1.1813,26661.56,7126.6133,1.338,0.0,0.5124,0.0,2.0813,83.6267,0.0,2.0813,26.0683,0.0,100.7912,913.2307,2.005
3782,271.0,0,25,5,Israeli Salad,25,http://allrecipes.com/recipe/208878/israeli-salad/,Middle Eastern,Israeli,Asian,AllRecipes,https://images.media-allrecipes.com/userphotos/560x315/4539292.jpg,62.9161,1259.5057,13.6405,111.9441,bowl,toss||drizzle||coat||season||serve,1.0,1.0,0.0,0.0,0.0,"[{'ingredient': 'cucumber', 'state': 'diced', 'quantity': '6', 'ndb_id': '11206'}, {'ingredient': 'rom tomato', 'state': 'seeded diced', 'quantity': '4', 'ndb_id': '93600'}, {'ingredient': 'green onion', 'state': 'sliced', 'quantity': '5', 'ndb_id': '11292'}, {'ingredient': 'red bell pepper', 'state': 'seeded diced', 'quantity': '1', 'ndb_id': '93600'}, {'ingredient': 'garlic', 'state': 'chopped', 'quantity': '1/3', 'unit': 'cup', 'ndb_id': '11215'}, {'ingredient': 'parsley', 'state': 'chopped', 'quantity': '1', 'unit': 'cup', 'ndb_id': '11297'}, {'ingredient': 'mint leaf', 'state': 'minced', 'quantity': '1/2', 'unit': 'cup', 'ndb_id': '93600'}, {'ingredient': 'olive oil', 'quantity': '1/2', 'unit': 'cup', 'ndb_id': '4053'}, {'ingredient': 'lemon juice', 'quantity': '2', 'unit': 'tablespoons', 'ndb_id': '9152'}, {'ingredient': 'salt', 'quantity': '1', 'unit': 'tablespoon', 'ndb_id': '10165'}, {'ingredient': 'black pepper', 'state': 'ground', 'quantity': '1', 'unit': 'tablespoon', 'ndb_id': '2030'}]","['Toss the cucumbers, tomatoes, onions, bell pepper, garlic, parsley, and mint together in a bowl.', 'Drizzle the olive oil and lemon juice over the salad and toss to coat.', 'Season with salt and pepper to serve.']",0.0,0.4667,0.0,0.6293,7.0571,0.7909,0.0,1.5201,0.0,494.6503,0.0,62.9161,64.668,11823.7417,0.0,81.6075,0.9982,146.585,0.1033,0.0,5280.7117,1259.5057,79.1268,11.8785,0.0074,0.0071,0.0,0.0274,0.135,0.1097,0.0,0.0,0.0,0.1563,0.0,0.0,0.0,0.0,0.0105,0.0,0.0,0.0071,0.0,15.5528,0.0521,0.0173,0.0448,0.0088,12.5631,1.3726,2.215,77.2734,10.936,0.9396,0.0,0.4542,0.3359,0.0,0.0,0.1464,0.0,0.0,0.0,0.0,0.0008,0.007,0.0,0.0,0.0,0.0,0.0,0.0,0.0878,0.0,0.0,0.0,0.0,0.0,0.0,16.7452,12.7338,318.053,318.053,318.053,0.0,13.8624,0.0104,11.168,2.2397,0.4076,0.1148,0.0,9.356,0.2903,0.0,0.5315,6553.3343,1.38,0.4487,207.5223,0.0,2.8527,0.0,0.1621,2.6786,3.0518,0.4482,373.832,248.028,2288.1127,0.3664,13.6405,0.0,0.4175,9.4389,0.3954,114.3617,0.6384,0.0,0.7006,26.669,0.0,0.511,0.257,0.1188,0.0,1.8266,0.3778,0.0,0.0,0.0,111.9441,0.1168,0.1352,0.3686,19872.613,996.383,0.0,0.0,1.3674,178.8535,0.0,0.0,0.0,0.0,17.0868,0.0,1673.403,1207.838,3.3318
3783,209.0,20,20,4,Chakchouka (Shakshouka),40,http://allrecipes.com/recipe/213717/chakchouka-shakshouka/,Middle Eastern,Israeli,Asian,AllRecipes,https://images.media-allrecipes.com/userphotos/560x315/2273713.jpg,47.462,852.0018,33.1885,61.5706,skillet||bowl||skillet||skillet,heat||heat||stir||cook||stir||combine||mix||stir||combine||simmer||uncovered||cover||cook||dry,0.0,0.0,0.0,0.0,0.0,"[{'ingredient': 'olive oil', 'quantity': '3', 'unit': 'tablespoons', 'ndb_id': '4053'}, {'ingredient': 'onion', 'state': 'chopped', 'quantity': '1 1/3', 'unit': 'cups', 'ndb_id': '11282'}, {'ingredient': 'bell pepper', 'state': 'sliced', 'quantity': '1', 'unit': 'cup', 'ndb_id': '11333'}, {'ingredient': 'garlic', 'state': 'minced', 'quantity': '2', 'unit': 'cloves', 'ndb_id': '11215'}, {'ingredient': 'tomato', 'state': 'chopped', 'quantity': '2 1/2', 'unit': 'cups', 'ndb_id': '11529'}, {'ingredient': 'cumin', 'state': 'ground', 'quantity': '1', 'unit': 'teaspoon', 'ndb_id': '2014'}, {'ingredient': 'paprika', 'quantity': '1', 'unit': 'teaspoon', 'ndb_id': '2028'}, {'ingredient': 'salt', 'quantity': '1', 'unit': 'teaspoon', 'ndb_id': '10165'}, {'ingredient': 'chile pepper', 'state': 'seeded chopped', 'quantity': '1', 'ndb_id': '11962'}, {'ingredient': 'egg', 'quantity': '4', 'ndb_id': '1123'}]","['Heat the olive oil in a skillet over medium heat.', 'Stir in the onion, bell peppers, and garlic.', 'Cook and stir until the vegetables have softened and the onion has turned translucent, about 5 minutes.', 'Combine the tomatoes, cumin, paprika, salt, and chile pepper into a bowl and mix briefly.', 'Pour the tomato mixture into the skillet, and stir to combine.', 'Simmer, uncovered, until the tomato juices have cooked off, about 10 minutes.', 'Make four indentations in the tomato mixture for the eggs.', 'Crack the eggs into the indentations.', ""Cover the skillet and let the eggs cook until they're firm but not dry, about 5 minutes.""]",0.0,1.6949,0.0,2.0427,5.8488,3.7715,0.0,1.5386,0.0,249.6466,0.0,47.462,428.8621,2717.0288,744.0,637.6323,0.5996,179.2103,0.6147,0.2,3558.9408,852.0018,37.3584,8.8078,0.016,0.396,0.006,0.0529,0.0746,6.8129,0.046,0.024,0.0,3.062,0.024,0.0,0.024,0.036,0.046,0.0,0.0,0.0,0.0,12.2175,0.0125,0.002,0.079,0.014,9.3241,0.9202,2.479,36.1643,7.7405,0.4513,0.0,0.1748,0.185,0.376,0.0,0.0613,0.0,0.014,0.116,0.008,0.0,0.008,0.076,0.052,0.024,0.0,0.0,0.0,0.0824,0.0,0.002,0.044,0.0,0.0,0.026,12.0001,16.0942,207.2184,207.2184,207.2184,0.0,9.6783,0.0044,11.3878,5.9021,1.0657,0.7293,0.0,7.7156,1.5035,0.0,2.416,2469.2279,9584.425,2.1018,115.1666,0.0,1.1508,0.0,0.8072,3.7617,3.9083,1.6785,605.1733,166.443,1859.9093,1.2039,33.1885,320.0,1.1352,63.5998,2.1928,323.2518,0.0,0.0,2.2945,23.8197,0.0,0.4342,1.3347,0.1098,0.1258,1.8645,0.3333,0.0,0.0,0.0221,61.5706,0.4107,1.1133,1.9196,6102.722,571.4688,1.78,0.0,1.3664,188.9116,4.0,164.0,0.0,4.0,11.2855,0.0,69.1841,838.3821,4.0475
4849,75.0,0,15,2,Arugula Salad with Sumac,15,http://allrecipes.com/recipe/255126/arugula-salad-with-sumac/,Middle Eastern,Turkish,Asian,AllRecipes,https://images.media-allrecipes.com/images/79591.png,16.7808,159.8699,3.7678,9.7808,bowl||plate||bowl,combine||spread||top||mix||drizzle||season,1.0,1.0,0.0,0.0,0.0,"[{'ingredient': 'onion', 'state': 'chopped', 'quantity': '1', 'ndb_id': '11282'}, {'ingredient': 'sumac powder', 'quantity': '1', 'unit': 'teaspoon', 'ndb_id': '93600'}, {'ingredient': 'arugula', 'state': 'chopped', 'quantity': '2', 'unit': 'cups', 'ndb_id': '11959'}, {'ingredient': 'tomato', 'state': 'diced', 'quantity': '1', 'ndb_id': '11529'}, {'ingredient': 'olive oil', 'quantity': '2', 'unit': 'teaspoons', 'ndb_id': '4053'}, {'ingredient': 'vinegar', 'quantity': '2', 'unit': 'teaspoons', 'ndb_id': '2048'}, {'ingredient': 'pomegranate syrup', 'quantity': '1', 'unit': 'teaspoon', 'ndb_id': '93600'}, {'ingredient': 'salt', 'quantity': 'to taste', 'ndb_id': '10165'}]","['Combine onion and sumac in a bowl.', 'Rub together until well mixed.', 'Spread arugula and tomato on a large plate.', 'Top with onion and sumac mixture.', 'Mix olive oil, vinegar, and pomegranate syrup together in a small bowl.', 'Drizzle over the arugula mixture.', 'Season with salt.']",0.0,0.075,0.0,0.1197,1.9389,0.3653,0.0,0.3424,0.0,103.2288,0.0,16.7808,225.6222,1573.3135,0.0,25.384,0.1903,0.0,0.0229,0.0,665.4173,159.8699,6.6645,1.272,0.0,0.0,0.0,0.002,0.0112,0.0,0.0,0.0,0.0,0.0,0.0,0.0,0.0,0.0,0.0,0.0,0.0,0.0,0.0,1.369,0.0,0.0012,0.0028,0.0,1.1134,0.1155,0.1981,6.5087,1.1184,0.146,0.0,0.0373,0.028,0.0008,0.0,0.0116,0.0,0.0,0.0,0.0,0.0,0.0,0.0,0.0,0.0,0.0,0.0,0.0,0.0,0.0,0.0,0.0,0.0,0.0,0.0,4.5107,5.9079,85.6082,85.6082,85.6082,0.0,3.9934,0.0,4.1814,1.1434,0.0599,0.0411,0.0,1.4045,0.05,0.0,0.0733,1699.5676,5747.7811,0.0876,50.8727,0.0,0.4983,0.0,0.0148,1.5301,0.4597,0.0778,95.5132,46.0272,786.6203,0.0419,3.7678,0.0,0.0957,0.48,0.0728,25.4494,0.0,0.0,0.693,9.7031,0.0,0.1325,0.075,0.0322,0.0,0.3428,0.0503,0.0,0.0,0.0,9.7808,0.0232,0.0411,0.0549,2811.4246,141.4231,0.0,0.0,0.2919,41.7842,0.0,0.0,0.0,0.0,2.6838,0.0,66.7857,319.5886,0.6908
4850,551.0,0,0,6,Soldier Buttons,0,http://allrecipes.com/recipe/11096/soldier-buttons/,Middle Eastern,Turkish,Asian,AllRecipes,https://images.media-allrecipes.com/userphotos/250x250/95686.jpg,63.7473,1451.596,49.0265,119.9575,,mix||shape||press||bake,0.0,0.0,0.0,0.0,0.0,"[{'ingredient': 'purpose flour', 'quantity': '2', 'unit': 'cups', 'ndb_id': '93600'}, {'ingredient': 'butter', 'state': 'softened', 'quantity': '1', 'unit': 'cup', 'ndb_id': '12198'}, {'ingredient': 'confectioner sugar', 'quantity': '1', 'unit': 'cup', 'ndb_id': '93600'}, {'ingredient': 'egg', 'quantity': '1', 'ndb_id': '1123'}, {'ingredient': 'vanilla extract', 'quantity': '1', 'unit': 'teaspoon', 'ndb_id': '2050'}, {'ingredient': 'strawberry preserve', 'quantity': '1/4', 'unit': 'cup', 'ndb_id': '93600'}]","[""Mix together flour, confectioners' sugar, butter or margarine, egg, and vanilla."", 'Shape dough with your hands to 1 1/2 inch rounds, and place on greased cookie sheets.', 'Press your finger in the middle, and fill each hole with jam.', 'Bake at 350 degrees f for 12 minutes, or until the bottoms are lightly browned.']",0.0,2.6019,1.4448,6.7484,12.5409,4.6317,0.0,0.15,0.0,1036.462,0.0,63.7473,0.0,0.0,186.0,146.9,3.9222,4.5,1.0,0.05,6074.11,1451.596,45.3342,51.4493,0.004,0.099,0.0015,0.011,0.006,1.694,0.0115,0.006,0.0,0.7655,0.006,0.0,0.006,0.009,0.0115,0.0,0.0,0.0,0.0,17.6962,0.003,0.0,0.3045,0.0035,11.4165,0.4461,5.2511,44.6586,50.3472,0.8952,0.0,0.0015,0.1743,0.094,0.0,0.002,0.0,0.0035,0.029,0.002,0.0,0.002,0.019,0.013,0.006,0.0,0.0,0.0,0.018,0.0,0.0005,0.011,0.0,0.0,0.0065,22.32,0.55,258.7,258.7,258.7,0.0,0.0,0.0,0.185,10.3693,3.144,1.4121,0.0,6.904,2.1739,0.0,3.8166,251.5,0.0,1.8264,236.904,0.0,3.5205,0.0,1.6012,14.2753,2.4336,2.6056,1904.052,0.0,1068.816,2.2072,49.0265,80.0,1.4565,15.35,2.8159,248.978,0.0,0.0,0.0,0.7163,0.0,3.0997,2.0516,0.005,0.03,0.25,0.03,0.0,0.0,0.005,119.9575,1.0195,2.0399,2.817,430.8,87.2,0.445,0.0,0.4437,0.0,1.0,41.0,0.0,1.0,0.525,0.0,0.15,47.4834,11.7856
4851,512.0,10,40,6,Turkish Kebabs,1Day50,http://allrecipes.com/recipe/218488/turkish-kebabs/,Middle Eastern,Turkish,Asian,AllRecipes,https://images.media-allrecipes.com/userphotos/560x315/3588657.jpg,48.4951,2253.3584,85.4783,194.8172,bowl||tablespoon||bowl||bowl||oven||oven,place||crush||stir||mix||add||coat||cover||combine||mix||cover||refrigerate||preheat||set||remove||spread||taste||broil||divide||drizzle||serve,0.0,0.0,0.0,0.0,0.0,"[{'ingredient': 'marinade', 'ndb_id': '93600'}, {'ingredient': 'onion', 'state': 'chopped', 'quantity': '2', 'ndb_id': '11282'}, {'ingredient': 'garlic clove', 'state': 'crushed', 'quantity': '2', 'ndb_id': '93600'}, {'ingredient': 'olive oil', 'quantity': '1/2', 'unit': 'cup', 'ndb_id': '4053'}, {'ingredient': 'lemon juice', 'quantity': '2', 'unit': 'tablespoons', 'ndb_id': '9152'}, {'ingredient': 'oregano', 'quantity': '1', 'unit': 'teaspoon', 'ndb_id': '2027'}, {'ingredient': 'black pepper', 'state': 'ground', 'quantity': '1', 'unit': 'teaspoon', 'ndb_id': '2030'}, {'ingredient': 'turmeric', 'state': 'ground', 'quantity': '1/2', 'unit': 'teaspoon', 'ndb_id': '2043'}, {'ingredient': 'curry powder', 'quantity': '1', 'unit': 'pinch', 'ndb_id': '2015'}, {'ingredient': 'salt', 'quantity': '1', 'unit': 'teaspoon', 'ndb_id': '10165'}, {'ingredient': 'beef steak', 'state': 'sliced', 'quantity': '1', 'unit': 'pound', 'ndb_id': '13342'}, {'ingredient': 'tzatziki sauce', 'ndb_id': '93600'}, {'ingredient': 'cream', 'state': 'sour', 'quantity': '8', 'unit': 'ounces', 'ndb_id': '1056'}, {'ingredient': 'dill', 'state': 'chopped', 'quantity': '1', 'unit': 'tablespoon', 'ndb_id': '2016'}, {'ingredient': 'garlic', 'state': 'crushed', 'quantity': '1', 'unit': 'clove', 'ndb_id': '11215'}, {'ingredient': 'pita bread', 'state': 'round', 'quantity': '6', 'ndb_id': '18041'}]","['Place the chopped onions in a large ceramic bowl and crush with the bottom of a glass until juice is rendered and onions look translucent.', 'Stir in 2 crushed garlic cloves, 1/2 cup olive oil, 2 tablespoons lemon juice, oregano, 1 teaspoon black pepper, turmeric, curry powder, and 1 teaspoon salt.', 'Mix well.', 'Add the sliced beef and toss to coat.', 'Cover the bowl with plastic wrap, and marinate in the refrigerator overnight.', 'Combine the sour cream, 2 tablespoons olive oil, 1 tablespoon lemon juice, 1/2 teaspoon salt, 1/2 teaspoon black pepper, dill, and 1 crushed clove of garlic.', 'Mix well.', 'Cover the bowl with plastic wrap and refrigerate overnight.', ""Preheat the oven's broiler and set the oven rack about 6 inches from the heat source."", 'Remove the meat from the marinade mixture, brushing off extra onions.', 'Spread the slices on a baking sheet without overlapping, and salt to taste.', 'Broil about 3 minutes per side or until browned and crispy, turning halfway through cooking.', 'Divide the cooked meat between the pita breads, and drizzle with tzatziki sauce to serve.']",0.0,5.3098,0.0,5.8233,6.6763,7.8861,0.0,47.9588,0.0,489.3852,0.0,48.4951,0.476,77.3678,455.677,377.9258,0.5667,4.133,0.8164,0.0,9427.9044,2253.3584,80.8616,7.0513,1.0137,0.6668,0.0,1.6203,0.0522,7.8891,1.5113,0.1837,0.0,0.9971,0.2948,0.0,0.0148,0.0181,0.0466,0.0,0.0,0.0136,0.0023,79.2973,0.877,1.0194,7.4257,1.2501,43.6579,5.4579,22.4219,73.3371,5.9237,0.9538,0.0,0.3241,0.7618,0.0567,0.0136,0.0597,0.0,0.0249,0.0023,0.0703,0.4607,0.3312,1.8061,1.5113,0.2948,0.0001,0.0,0.3583,0.1669,0.0,0.0023,0.0408,0.0,0.0,0.0023,8.061,4.0866,112.3222,112.3222,112.3222,0.0,4.2299,0.0052,6.2436,14.323,5.9116,2.6992,0.0,11.9654,3.7443,7.7337,7.0036,55.5188,0.46,7.1722,154.7609,0.0,1.3236,13.6078,1.9729,21.6664,3.153,3.383,897.6694,117.0,1975.5845,4.6493,85.4783,274.4231,1.1985,70.3811,3.4567,394.4291,0.0,0.0,3.1473,21.3595,0.0,0.4065,3.6243,0.0298,0.0092,1.3118,0.1867,0.0,0.0,0.0008,194.8172,1.0792,2.7794,4.2982,1054.9907,282.8972,12.7617,0.0,1.6545,38.4011,1.8133,68.0002,0.0,1.8133,6.1009,0.0,38.9215,717.9268,18.2353
4852,397.0,40,15,6,Tava or Turkish Stew,55,http://allrecipes.com/recipe/76110/tava-or-turkish-stew/,Middle Eastern,Turkish,Asian,AllRecipes,https://images.media-allrecipes.com/userphotos/250x250/469075.jpg,30.6145,982.4804,140.0376,31.659,oven||dish||skillet||processor||oven,preheat||heat||heat||cook||puree||smooth||mix||season||drizzle||top||bake,0.0,0.0,0.0,0.0,0.0,"[{'ingredient': 'olive oil', 'state': 'divided', 'quantity': '2', 'unit': 'tablespoons', 'ndb_id': '4053'}, {'ingredient': 'chicken breast half', 'state': 'skinless boneless cut', 'quantity': '1 1/2', 'unit': 'pounds', 'ndb_id': '93600'}, {'ingredient': 'red bell pepper', 'state': 'roasted drained', 'quantity': '1/2', 'unit': 'jar', 'ndb_id': '93600'}, {'ingredient': 'tomato juice', 'state': 'diced', 'quantity': '1', 'unit': 'can', 'ndb_id': '11540'}, {'ingredient': 'mushroom', 'state': 'drained', 'quantity': '1', 'unit': 'jar', 'ndb_id': '11238'}, {'ingredient': 'onion', 'state': 'diced', 'quantity': '1', 'ndb_id': '11282'}, {'ingredient': 'garlic', 'state': 'minced', 'quantity': '1', 'unit': 'tablespoon', 'ndb_id': '11215'}, {'ingredient': 'salt pepper', 'quantity': 'to taste', 'ndb_id': '93600'}, {'ingredient': 'mozzarella cheese', 'state': 'shredded', 'quantity': '1', 'unit': 'package', 'ndb_id': '36611'}]","['Preheat oven to 350 degrees f.', 'Lightly grease a medium casserole dish.', 'Heat 1 tablespoon oil in a skillet over medium heat, and cook the chicken until juices run clear.', 'Puree the roasted red peppers in a blender or food processor until smooth.', 'In the prepared casserole dish, mix the cooked chicken, roasted red peppers, tomatoes, mushrooms, onion, and garlic.', 'Season with salt and pepper.', 'Drizzle with remaining 1 tablespoon olive oil, and top with mozzarella cheese.', 'Bake 30 minutes in the preheated oven, until cheese is melted and bubbly.']",0.0,0.0448,0.0,0.2203,12.8186,0.1872,0.0,0.187,0.0,891.2886,0.0,30.6145,0.0,985.6832,340.0008,478.5876,1.9408,0.0,0.0119,0.0,4109.1995,982.4804,20.3378,4.144,0.0036,0.0,0.0,0.0059,0.0338,0.0182,0.0,0.0,0.0,0.0801,0.0,0.0,0.0,0.0,0.0,0.0,0.0,0.0,0.0,4.7358,0.0002,0.0,0.0236,0.0,3.7731,0.4408,0.7826,19.7789,2.9805,0.3474,0.0,0.1118,0.084,0.3536,0.1564,0.0348,0.0,0.0816,0.2244,0.0,0.0,0.0,0.0,0.0,0.0,0.0,0.0,0.0,0.0182,0.0,0.0,0.0,0.0,0.0,0.0,4.3558,26.8979,205.5188,205.5188,205.5188,0.0,6.9094,0.0,7.706,0.4812,0.057,0.032,0.0,11.5725,0.0408,0.0,0.0662,226.3507,32923.4033,0.0856,194.2003,0.0,0.5962,0.0,0.0097,10.177,0.2475,0.0556,1352.6282,83.67,2622.5282,0.0277,140.0376,204.0005,1.3568,118.0689,0.0498,1392.5101,0.0,0.0,1.584,16.2684,0.0,1.2709,0.0469,0.0661,0.0,0.297,0.064,0.0,0.0,0.0,31.659,0.028,0.0293,0.0583,2323.3968,287.7936,6.8,0.0,1.368,269.8788,0.0,0.0,0.0,0.0,8.4791,0.0,26.0978,1024.6896,7.5713
3698,367.0,20,10,4,Machhere Jhol (Bengali Fish Curry),30,http://allrecipes.com/recipe/208041/machhere-jhol-bengali-fish-curry/,Indian Subcontinent,Bangladeshi,Asian,AllRecipes,https://images.media-allrecipes.com/userphotos/250x250/659295.jpg,23.4109,1044.558,184.9341,20.5982,saucepan||skillet||skillet||saucepan||skillet||saucepan,boil||heat||simmer||heat||heat||cook||transfer||heat||heat||stir||simmer||serve,0.0,0.0,0.0,0.0,0.0,"[{'ingredient': 'tomato', 'state': 'chopped', 'quantity': '2', 'ndb_id': '11529'}, {'ingredient': 'cumin', 'state': 'ground', 'quantity': '2', 'unit': 'teaspoons', 'ndb_id': '2014'}, {'ingredient': 'turmeric', 'state': 'ground', 'quantity': '1', 'unit': 'tablespoon', 'ndb_id': '2043'}, {'ingredient': 'salt', 'quantity': '1/2', 'unit': 'teaspoon', 'ndb_id': '10165'}, {'ingredient': 'water', 'quantity': '2', 'unit': 'cups', 'ndb_id': '14555'}, {'ingredient': 'vegetable oil', 'quantity': '1', 'unit': 'tablespoon', 'ndb_id': '4513'}, {'ingredient': 'whitefish fillet', 'state': 'cut', 'quantity': '2', 'unit': 'pounds', 'ndb_id': '93600'}, {'ingredient': 'mustard seed', 'quantity': '1/2', 'unit': 'teaspoon', 'ndb_id': '2024'}, {'ingredient': 'cumin seed', 'quantity': '1/2', 'unit': 'teaspoon', 'ndb_id': '2014'}, {'ingredient': 'black cumin seed', 'quantity': '1/2', 'unit': 'teaspoon', 'ndb_id': '93600'}, {'ingredient': 'fennel seed', 'state': 'crushed', 'quantity': '1/4', 'unit': 'teaspoon', 'ndb_id': '2018'}, {'ingredient': 'fenugreek seed', 'quantity': '1/4', 'unit': 'teaspoon', 'ndb_id': '2019'}]","['Bring the tomatoes, cumin, turmeric, salt, and water to a boil in a four quart saucepan.', 'Reduce heat to medium and maintain a simmer.', 'Heat the oil in a skillet over medium high heat.', 'Cook the fish in the oiled skillet until golden brown, 2 to 3 minutes per side.', 'Transfer the fish to the saucepan.', 'Heat a separate skillet over medium heat, and toast the mustard seeds, cumin seeds, black cumin seeds, fennel seeds, and fenugreek seeds until fragrant, just a few seconds.', 'Stir the spices into the saucepan.', 'Simmer until the flavors integrate, about 10 minutes more.', 'Serve hot.']",0.0,0.1543,0.0,0.1727,14.1331,0.7248,0.0,1.2948,0.0,1218.8311,0.0,23.4109,367.64,1666.544,453.3344,620.6391,2.6953,0.0,0.0582,0.0,4362.1846,1044.558,3.3678,2.3791,0.0,0.0,0.0,0.0315,0.0154,0.007,0.0053,0.0,0.0,0.0,0.0,0.0,0.0076,0.0025,0.0,0.0,0.0,0.001,0.0064,12.6105,0.5837,6.3931,2.2863,0.0145,2.065,0.1491,0.7465,3.04,1.0691,0.2182,0.0,0.0119,0.0488,0.4715,0.2085,0.0017,0.0936,0.1088,0.2992,0.0,0.0272,0.4491,0.0053,0.0053,0.0,0.0,0.0,0.0,0.0003,0.0,0.0,0.0,0.0,0.0,0.0,7.4914,8.372,195.0475,195.0475,195.0475,0.0,5.0293,0.002,4.6145,1.7803,0.1469,0.0818,0.0,22.1283,0.1365,0.0,0.2092,472.216,9365.72,0.1718,273.1695,0.0,2.4848,0.0,0.0444,12.5475,0.383,0.1731,1781.8807,44.061,3241.6066,0.1434,184.9341,272.0006,1.4648,155.2608,0.1442,654.9985,0.0,0.0,0.2606,10.0373,0.0,1.2676,0.149,0.0373,0.0081,0.7027,0.0477,0.0,0.0,0.0054,20.5982,0.0453,0.0983,0.1574,3993.6687,427.6514,9.0667,0.0,1.4195,50.461,0.0,0.0,0.0,0.0,7.6241,0.0,34.5623,1531.4179,10.4125
3699,671.0,30,25,2,Egg and Potato Curry,55,http://allrecipes.com/recipe/233325/egg-and-potato-curry/,Indian Subcontinent,Bangladeshi,Asian,AllRecipes,https://images.media-allrecipes.com/userphotos/560x315/1039168.jpg,62.6162,1055.9307,48.2127,72.3123,skillet||pan||bowl||processor||skillet||skillet,heat||heat||stir||cook||stir||reduce||heat||stirring||remove||heat||set||transfer||grind||heat||heat||add||cook||stir||stir||cook||stir||boil||add||stir||reduce||heat||simmer||remove||heat||garnish,0.0,0.0,0.0,0.0,0.0,"[{'ingredient': 'vegetable oil', 'state': 'divided', 'quantity': '3', 'unit': 'tablespoons', 'ndb_id': '4513'}, {'ingredient': 'onion', 'state': 'peeled quartered', 'quantity': '2', 'ndb_id': '11282'}, {'ingredient': 'tomato', 'state': 'quartered', 'quantity': '3', 'ndb_id': '11529'}, {'ingredient': 'green chile pepper', 'quantity': '2', 'ndb_id': '11670'}, {'ingredient': 'garlic paste', 'quantity': '2', 'unit': 'teaspoons', 'ndb_id': '93600'}, {'ingredient': 'ginger paste', 'quantity': '2', 'unit': 'teaspoons', 'ndb_id': '93600'}, {'ingredient': 'coriander', 'state': 'ground', 'quantity': '2', 'unit': 'teaspoons', 'ndb_id': '2013'}, {'ingredient': 'cumin', 'state': 'ground', 'quantity': '1', 'unit': 'teaspoon', 'ndb_id': '2014'}, {'ingredient': 'garam masala', 'quantity': '1', 'unit': 'teaspoon', 'ndb_id': '93600'}, {'ingredient': 'turmeric', 'state': 'ground', 'quantity': '1/2', 'unit': 'teaspoon', 'ndb_id': '2043'}, {'ingredient': 'cayenne pepper', 'quantity': '1/2', 'unit': 'teaspoon', 'ndb_id': '2031'}, {'ingredient': 'salt', 'quantity': 'to taste', 'ndb_id': '10165'}, {'ingredient': 'water', 'quantity': '2', 'unit': 'cups', 'ndb_id': '14555'}, {'ingredient': 'potato', 'state': 'cooked peeled cut', 'quantity': '1', 'ndb_id': '11352'}, {'ingredient': 'egg', 'state': 'hard-cooked quartered', 'quantity': '6', 'ndb_id': '1123'}, {'ingredient': 'cilantro', 'state': 'chopped', 'quantity': '2', 'unit': 'tablespoons', 'ndb_id': '11165'}]","['Heat 1 tablespoon oil in a skillet over medium heat.', 'Stir in onions.', 'Cook and stir until onion pieces are soft and translucent, about 5 minutes.', 'Reduce heat to medium low.', 'Continue cooking, stirring occasionally, until onions are golden, about 10 minutes more.', 'Remove pan from heat and set it aside.', 'Transfer cooked onions to the bowl of a food processor.', 'Grind onions, tomatoes, and green chiles into a smooth paste.', 'Heat remaining 2 tablespoons oil in the same skillet over medium heat.', 'Add onion mixture carefully, as it may spatter.', 'Cook and stir for 2 to 3 minutes.', 'Stir in garlic paste, ginger paste, coriander, cumin, garam masala, turmeric, cayenne pepper, and salt.', 'Cook and stir until the oil begins to separate from the mixture, about 5 minutes.', 'Pour water into skillet and bring sauce to a boil.', 'Add cubed potatoes.', 'Gently stir in the eggs.', 'Reduce heat to low and simmer until sauce has thickened slightly, about 10 minutes.', 'Remove from heat.', 'Garnish with cilantro before serving.']",0.0,2.458,0.0,2.9416,8.5493,5.2108,0.04,2.0357,0.0,406.2835,0.0,62.6162,677.5866,3303.4025,1116.0,947.8788,0.8501,87.308,0.8913,0.3,4406.959,1055.9307,16.6953,7.2157,0.024,0.594,0.009,0.071,0.0385,10.1651,0.0698,0.036,0.0,4.593,0.036,0.0,0.0372,0.054,0.069,0.0,0.0,0.0,0.0,43.077,1.541,19.1767,6.8108,0.0233,10.3174,0.62,3.6574,15.9282,6.104,0.1878,0.0,0.0105,0.0855,0.564,0.0,0.012,0.0,0.021,0.174,0.012,0.0816,1.3584,0.1148,0.0788,0.036,0.0,0.0,0.0,0.108,0.0,0.003,0.066,0.0,0.0,0.039,15.8522,22.2338,305.0287,305.0287,305.0287,0.0,13.3161,0.0,15.7968,8.7501,1.5103,1.0678,0.0,10.6431,2.1854,0.0,3.5177,2491.2238,17243.3433,3.0474,175.7721,0.0,1.7227,0.0,1.1887,4.8708,5.6085,2.3089,880.9246,137.6025,2612.3969,1.6821,48.2127,480.0,1.6157,94.9426,3.1586,488.1712,0.0,0.06,3.2037,32.5093,0.0,0.5422,1.921,0.0971,0.18,2.315,0.3768,0.0,0.0,0.0308,72.3123,0.5886,1.6404,2.7717,7744.9938,788.2823,2.67,0.0,1.4658,117.6484,6.0,246.0,0.0,6.0,8.8422,0.0,72.4377,1623.5448,5.9231
3700,321.0,35,25,6,Butter Lamb Gravy,60,http://allrecipes.com/recipe/150812/butter-lamb-gravy/,Indian Subcontinent,Bangladeshi,Asian,AllRecipes,https://images.media-allrecipes.com/userphotos/560x315/199892.jpg,32.0231,2744.3132,162.9758,220.6399,skillet||skillet||skillet||skillet,season||heat||heat||fry||stirring||remove||set||melt||heat||add||cook||stir||stir||cook||stir||stir||stir||simmer||simmer||stir||transfer,0.0,0.0,0.0,0.0,0.0,"[{'ingredient': 'lamb shoulder', 'state': 'boneless cut', 'quantity': '2', 'unit': 'pounds', 'ndb_id': '17414'}, {'ingredient': 'garam masala', 'quantity': '1/2', 'unit': 'teaspoon', 'ndb_id': '93600'}, {'ingredient': 'salt', 'quantity': 'to taste', 'ndb_id': '10165'}, {'ingredient': 'butter', 'state': 'divided', 'quantity': '2', 'unit': 'tablespoons', 'ndb_id': '12198'}, {'ingredient': 'onion', 'state': 'chopped', 'quantity': '1', 'ndb_id': '11282'}, {'ingredient': 'turmeric', 'state': 'ground', 'quantity': '1/2', 'unit': 'teaspoon', 'ndb_id': '2043'}, {'ingredient': 'ginger', 'state': 'minced', 'quantity': '1/2', 'unit': 'teaspoon', 'ndb_id': '11216'}, {'ingredient': 'garlic', 'state': 'minced', 'quantity': '1/2', 'unit': 'teaspoon', 'ndb_id': '11215'}, {'ingredient': 'cayenne pepper', 'quantity': '1/2', 'unit': 'teaspoon', 'ndb_id': '2031'}, {'ingredient': 'tomato paste', 'quantity': '1', 'unit': 'tablespoon', 'ndb_id': '11546'}, {'ingredient': 'water', 'quantity': '1', 'unit': 'cup', 'ndb_id': '14555'}, {'ingredient': 'heavy cream', 'quantity': '1/2', 'unit': 'cup', 'ndb_id': '1053'}, {'ingredient': 'honey', 'quantity': '1', 'unit': 'tablespoon', 'ndb_id': '7088'}, {'ingredient': 'cilantro', 'state': 'chopped', 'quantity': '1', 'unit': 'cup', 'ndb_id': '11165'}]","['Season the lamb with garam masala and salt.', 'Heat 1 tablespoon of butter in a large skillet over medium heat.', 'Fry the lamb cubes until browned, stirring constantly.', 'Remove from the skillet and set aside.', 'Melt the remaining butter in the same skillet over medium heat.', 'Add the onion.', 'Cook and stir until the onion has softened and turned translucent, about 5 minutes.', 'Stir in the turmeric, ginger, and garlic.', 'Cook and stir for 1 minute.', 'Stir in the cayenne and tomato paste until well blended, then stir in the water.', 'Bring to a simmer and return lamb to the skillet.', 'Simmer over low heat for about 20 minutes, or until lamb is tender.', 'Stir in the cream and honey.', 'Transfer to a serving dish and garnish with cilantro.']",0.0,7.9894,0.0,11.3195,10.8292,0.9095,0.32,0.3695,0.0,294.3261,0.0,32.0231,10.4,1014.39,619.2413,29.8623,1.3909,88.588,2.1318,0.0,11467.1276,2744.3132,60.5467,14.3111,0.2118,1.6571,0.2643,3.3944,0.0415,43.8251,8.8341,2.6711,0.0,2.3143,0.1392,0.1085,0.0024,0.0048,0.0246,0.0018,0.0,0.0054,0.0,90.2089,0.791,0.8838,5.8087,0.2991,35.5103,1.9676,40.4144,58.1175,11.5647,2.0723,0.0,0.1653,0.1046,0.2156,0.141,0.3796,0.0018,0.238,0.0452,0.4392,0.3654,0.2395,9.3395,9.0894,0.2501,0.0,0.0,0.0,1.9445,0.0024,0.0012,0.0234,0.1808,0.0,0.006,7.2487,3.56,75.446,75.446,75.446,0.0,3.0068,0.0,4.0777,23.6587,7.0069,3.471,0.0,12.326,7.2078,1.752,12.4238,263.437,4602.24,13.6827,232.6084,0.0448,1.1676,0.0,5.2079,42.13,5.2639,6.4537,1693.3671,25.697,3250.6957,5.365,162.9758,360.5203,1.4565,31.0901,5.6159,591.7042,0.0352,0.48,1.6677,10.7963,0.0,1.6548,7.646,0.0001,0.0,0.238,0.1198,0.0,0.0,0.0008,220.6399,1.8781,5.6408,8.2464,3001.3569,449.8293,17.9952,0.0,1.2445,21.2089,1.864,64.9201,0.0,1.864,5.3554,0.0,54.9325,1008.2325,30.6647
3701,258.0,20,20,18,Beef Samosas,40,http://allrecipes.com/recipe/24871/beef-samosas/,Indian Subcontinent,Bangladeshi,Asian,AllRecipes,https://images.media-allrecipes.com/userphotos/560x315/609167.jpg,48.5301,1356.65,96.7123,86.7326,saucepan||saucepan||saucepan||sheet,boil||stir||cook||drain||set||heat||heat||mix||cook||mix||season||stir||remove||heat||chill||cool||heat||heat||mix||place||fold||fry||drain,0.0,0.0,0.0,0.0,0.0,"[{'ingredient': 'potato', 'state': 'peeled', 'quantity': '2', 'ndb_id': '11352'}, {'ingredient': 'pea', 'state': 'thawed', 'quantity': '1', 'unit': 'cup', 'ndb_id': '11300'}, {'ingredient': 'vegetable oil', 'quantity': '2', 'unit': 'tablespoons', 'ndb_id': '4513'}, {'ingredient': 'cumin seed', 'quantity': '1/2', 'unit': 'teaspoon', 'ndb_id': '2014'}, {'ingredient': 'bay leaf', 'state': 'crushed', 'quantity': '1', 'ndb_id': '2004'}, {'ingredient': 'onion', 'state': 'chopped', 'quantity': '2', 'ndb_id': '11282'}, {'ingredient': 'beef', 'state': 'ground', 'quantity': '1', 'unit': 'pound', 'ndb_id': '13047'}, {'ingredient': 'garlic', 'state': 'crushed', 'quantity': '4', 'unit': 'cloves', 'ndb_id': '11215'}, {'ingredient': 'ginger root', 'state': 'minced', 'quantity': '1', 'unit': 'tablespoon', 'ndb_id': '11216'}, {'ingredient': 'black pepper', 'state': 'ground', 'quantity': '1/2', 'unit': 'teaspoon', 'ndb_id': '2030'}, {'ingredient': 'salt', 'quantity': '1', 'unit': '1/2 teaspoons', 'ndb_id': '10165'}, {'ingredient': 'cumin', 'state': 'ground', 'quantity': '1', 'unit': 'teaspoon', 'ndb_id': '2014'}, {'ingredient': 'coriander', 'state': 'ground', 'quantity': '1', 'unit': 'teaspoon', 'ndb_id': '2013'}, {'ingredient': 'turmeric', 'state': 'ground', 'quantity': '1', 'unit': 'teaspoon', 'ndb_id': '2043'}, {'ingredient': 'chili powder', 'quantity': '1', 'unit': 'teaspoon', 'ndb_id': '2009'}, {'ingredient': 'cinnamon', 'state': 'ground', 'quantity': '1/2', 'unit': 'teaspoon', 'ndb_id': '18964'}, {'ingredient': 'cardamom', 'state': 'ground', 'quantity': '1/2', 'unit': 'teaspoon', 'ndb_id': '2006'}, {'ingredient': 'cilantro', 'state': 'chopped', 'quantity': '2', 'unit': 'tablespoons', 'ndb_id': '11165'}, {'ingredient': 'green chile pepper', 'state': 'chopped', 'quantity': '2', 'unit': 'tablespoons', 'ndb_id': '11670'}, {'ingredient': 'oil', 'quantity': '1', 'unit': 'quart', 'ndb_id': '1003'}, {'ingredient': 'phyllo dough', 'quantity': '1', 'unit': 'package', 'ndb_id': '18338'}]","['Bring a medium saucepan of lightly salted water to a boil.', 'Stir in potatoes and peas.', 'Cook until potatoes are tender but still firm, about 15 minutes.', 'Drain, mash together and set aside.', 'In a large saucepan over medium high heat, heat the oil.', 'Brown cumin seeds and bay leaf.', 'Mix in onions and ground beef.', 'Cook until beef is evenly brown and onions are soft, about 5 minutes.', 'Mix in garlic, fresh ginger root.', 'Season with black pepper, salt, cumin, coriander, turmeric, chili powder, cinnamon and cardamom.', 'Stir in the mashed potato mixture.', 'Remove from heat and chill in the refrigerator for 1 hour, or until cool.', 'Heat oil in a large, heavy saucepan over high heat.', 'Mix cilantro and green chile peppers into the potato and beef mixture.', 'Place approximately 1 tablespoon of the mixture onto each phyllo sheet.', 'Fold sheets into triangles, pressing edges together with moistened fingers.', 'In small batches, fry until golden brown, about 3 minutes.', 'Drain on paper towels and serve warm.']",0.0,0.1821,0.0,0.5729,10.5524,0.7388,0.04,37.0537,0.0,238.3781,0.0,48.5301,104.7205,1241.9785,281.2276,351.6379,0.6786,107.9325,0.0698,0.0,5670.2373,1356.65,25.4602,3.3674,0.3538,0.0,0.0,0.6773,0.0049,17.0944,2.7913,0.4944,0.0,0.821,0.6169,0.0,0.0028,0.0045,0.0062,0.0,0.0,0.0,0.0,46.7368,1.0557,12.8307,6.0591,0.3405,14.9049,1.5826,9.78,23.4562,2.8322,0.3737,0.0091,0.0906,0.071,0.0544,0.0045,0.0151,0.0,0.0726,0.0,0.0,0.0549,0.9038,3.4082,2.7913,0.6169,0.0007,0.0091,0.0,0.3379,0.0,0.0,0.0,0.0,0.0,0.0,11.4132,3.6933,133.6046,133.6046,133.6046,0.0,4.0019,0.0017,5.982,1.4621,0.2215,0.093,0.0,15.5544,0.2699,0.0,0.4125,910.6525,0.797,0.3918,174.7927,0.0,2.0745,0.0,0.04,23.5837,3.8796,0.2305,995.9811,77.141,2275.177,0.1929,96.7123,0.0,0.9356,69.7734,0.2453,410.4387,0.0,0.06,3.0621,18.157,0.0,0.5736,0.2149,0.0068,0.0,0.1891,0.2171,0.0,0.0,0.0785,86.7326,0.0897,0.1781,0.4263,2248.538,111.746,8.9358,0.0,2.4099,131.7615,0.0,0.0,0.0,0.0,4.4804,0.0,51.6942,690.1435,22.1134
72417,1037.7,0,0,06-Aug,"Al Harees - a Family Recipe! Traditional Qatari, Iraqi",280,http://www.geniuskitchen.com/recipe/al-harees-a-family-recipe-traditional-qatari-iraqi-352229,Middle Eastern,Iraqi,Asian,Geniuskitchen,https://geniuskitchen.sndimg.com/gk/img/gk-shareGraphic.png,729.1581,5316.862,168.2157,189.7675,pot||pot||pot||pot||cup||spoon||processor||pot||pan,soak||add||boil||soak||place||cover||boil||cook||stirring||remove||cool||remove||add||ladle||shred||add||check||transfer||cover||place||mix||remove,0.0,0.0,0.0,0.0,0.0,"[{'ingredient': 'lamb', 'quantity': '1', 'ndb_id': '17001'}, {'ingredient': 'wheat', 'state': 'called pearled called', 'quantity': '1', 'unit': 'kg', 'ndb_id': '8546'}, {'ingredient': 'ghee', 'quantity': '150', 'ndb_id': '1323'}, {'ingredient': 'salt black pepper', 'state': 'ground', 'ndb_id': '93600'}, {'ingredient': 'water', 'ndb_id': '14555'}, {'ingredient': 'cinnamon', 'state': 'ground', 'quantity': '1/2', 'unit': 'teaspoon', 'ndb_id': '18964'}, {'ingredient': 'cumin', 'state': 'roasted ground', 'quantity': '2', 'unit': 'teaspoons', 'ndb_id': '2014'}, {'ingredient': 'cardamom pod', 'state': 'bruised', 'quantity': '3 -4', 'ndb_id': '93600'}, {'ingredient': 'sugar', 'ndb_id': '19908'}]","['Soak wheat overnight in plenty of water.', 'In a large pot, place pre soaked & drained wheat, add 1 & 3/4 litre of water & boil until the wheat is beginning to fluff up & soften skim off any foam or skummy bits on the surface soak the lamb / chicken in plenty of lightly salted water whilst the wheat is cooking.', 'When the wheat is fluffy, rinse & drain the meat.', 'In a large, heavy bottomed pot, place the wheat & the meat with a little salt & pepper and enough water to come about 5cm above the wheat & meat.', 'Cover with a tight fitting lid you can place a damp cloth or aluminium foil over the pot & then place the lid over that of the lid is not a tight fit.', 'Bring to a boil, reduce heat & cook on a very low heat for 3 1/2 hours, stirring occasionally & skim off froth or fat on the surface.', ""Once the wheat is very soft & has lost it's shape & most of the water has been absorbed, remove from heat & allow to cool a little, then remove any bones & grissle."", ""Shred the lamb or chicken if any larger pieces remain there shouldn't really be any as almost all of it will have 'melted' into the wheat."", 'Now begin whipping the wheat & meat until it forms a homogenous, slightly elastic, pastelike consistency add a little salted boiling water to thin it down if required.', 'Use a large wooden spoon, or pound it with a wooden rolling pin to get the desired consistency.', 'You could also pulse it in a food processor or use an immersion blender but if you are lucky enough, you might have a medhrab which is specially for harees.', 'Check the seasoning & re season if desired.', 'Transfer to a warmed serving pot, cover & keep warm.', 'Place the ghee in a pan & season to taste with salt & pepper.', 'Gently warm the ghee & mix well.', 'Pour the seasoned ghee over the harees & serve immediately.', 'N.', 'B, you can serve the harees with 1/2 tsp ground cinnamon & 2 tsp roasted ground cumin seeds, or 3 4 whole bruised cardamom pods added to the ghee.', 'You can also serve harees with plenty of sugar & cinnamon.']",0.0,4.604,0.0,4.5496,20.3117,6.7405,0.0,0.0,0.0,403.534,0.0,729.1581,0.0,32.004,326.592,225.0374,2.3581,0.0,0.9163,0.0,22252.526,5316.862,106.4487,28.3389,0.0,0.0,0.0,0.0,0.0,0.0,0.0,0.0,0.0,0.0,0.0,0.0,0.0,0.0,0.0,0.0,0.0,0.0,0.0,43.0204,0.273,0.4544,3.9471,0.0,21.5938,3.0366,13.5317,101.4486,25.4249,2.5964,0.0,0.0,0.7289,0.3175,0.0,0.0,0.0,0.0,0.0,0.0,0.0,0.0,0.0,0.0,0.0,0.0,0.0,0.0,0.0,0.0,0.0,0.0,0.0,0.0,0.0,18.441,0.0,232.068,232.068,232.068,0.0,0.0,0.0,0.0,11.1132,3.7422,2.4268,0.0,35.5086,3.6968,0.0,5.9558,18.816,0.0,6.7632,575.164,0.0,14.2962,0.0,1.9641,118.7719,3.6791,3.1162,2106.718,2.856,2548.376,3.2115,168.2157,0.0,8.7416,339.0312,2.8486,5270.144,0.0,0.0,0.0,318.0945,0.0,7.3907,3.2795,0.0,0.0,0.0,0.0,0.0,0.0,0.0,189.7675,0.8936,2.5719,4.1323,53.34,2.688,10.841,0.0,9.698,0.3234,0.0,0.0,0.0,0.0,30.4925,0.0,12.2268,350.6737,33.1065
72418,324.6,0,0,04-May,Easy Iraqi Green Beans With Meat,80,http://www.geniuskitchen.com/recipe/easy-iraqi-green-beans-with-meat-372600,Middle Eastern,Iraqi,Asian,Geniuskitchen,https://geniuskitchen.sndimg.com/gk/img/gk-shareGraphic.png,87.3607,2008.3938,100.0945,141.7357,,saute||add||cook||heat||add||cook||add||cook||serve||mix||store,0.0,0.0,0.0,0.0,0.0,"[{'ingredient': 'lamb', 'state': 'cubed', 'quantity': '1', 'ndb_id': '17001'}, {'ingredient': 'oil', 'quantity': '3', 'unit': 'tablespoons', 'ndb_id': '1003'}, {'ingredient': 'green bean', 'state': 'sliced', 'quantity': '1', 'unit': 'lb', 'ndb_id': '11052'}, {'ingredient': 'onion', 'state': 'diced', 'quantity': '1', 'ndb_id': '11282'}, {'ingredient': 'tomato sauce', 'quantity': '8', 'unit': 'ounces', 'ndb_id': '22402'}, {'ingredient': 'water', 'quantity': '4', 'unit': 'cups', 'ndb_id': '14555'}, {'ingredient': 'salt', 'quantity': '1', 'unit': 'teaspoon', 'ndb_id': '10165'}, {'ingredient': 'baharat', 'quantity': '1/2', 'unit': 'teaspoon', 'ndb_id': '93600'}]","['Saute the lamb in the oil until lightlly browned.', 'Add the onion and water and cook for 35 minutes over medium heat.', 'Add the green beans and cook for 10 minutes.', 'Add the tomato sauce, salt and arabic spice mixture and cook for 10 15 more minutes.', 'Serve with rice.', 'You can also make this with other vegetables, such as cauliflower and/or potatoes.', 'With cauliflower the cooking time would probably be a little less.', 'Arabic spice mixture, 1 table.', 'Ground black pepper, 2 table.', 'Ground allspice, 2 table.', 'Ground cinnamon, 1/4 table.', 'Ground cloves, 1/4 table.', 'Ground cardamom, 1/4 teaspoon ground nutmeg.', 'Mix together and store in the freezer.', 'Use as needed.']",0.0,5.6597,0.0,5.7517,10.8172,9.0851,0.0,0.6136,0.0,382.6134,0.0,87.3607,315.2471,2001.2171,447.576,128.0933,1.1929,0.0,1.1869,0.0,8411.1787,2008.3938,53.139,10.1866,0.0068,0.0,0.0,0.0181,0.0091,0.0,0.0,0.0,0.0,0.0,0.0,0.0,0.0,0.0,0.0,0.0,0.0,0.0,0.0,68.0334,1.2303,1.5306,7.8377,0.0113,32.4305,3.7949,18.5138,47.5087,7.1637,2.6984,0.0,0.0068,0.0136,0.322,0.0,0.0045,0.0,0.0,0.0,1.2388,0.7334,0.427,0.0567,0.0,0.0,0.0,0.0,0.0,0.0,0.0,0.0,0.0,0.0,0.0,0.0,18.1422,87.9427,370.5977,279.8777,332.0417,52.164,8.3689,0.0,10.0013,15.6129,4.7053,2.9762,0.0816,15.0779,4.5558,0.0,7.4781,2920.7346,11784.528,7.9907,286.7062,0.0,1.667,0.0,2.3215,35.2818,4.7978,4.0166,1093.0973,24.0,2694.017,4.4885,100.0945,316.416,1.7234,121.004,3.8769,720.1356,3.9916,0.0,3.2169,30.1895,0.0,1.2533,4.1618,0.0,0.0,0.0,0.064,0.0,0.0,0.0,141.7357,1.1239,3.1281,5.1779,4656.2231,499.4615,11.5025,0.0,1.6871,76.0235,0.0,0.0,0.0,0.0,5.3937,0.0,204.8842,1941.0629,18.9187
72419,1754.8,0,0,4 bowls,Iraqi Lamb and Eggplant Stew With Pitas,100,http://www.geniuskitchen.com/recipe/iraqi-lamb-and-eggplant-stew-with-pitas-257769,Middle Eastern,Iraqi,Asian,Geniuskitchen,https://geniuskitchen.sndimg.com/gk/img/gk-shareGraphic.png,15.9896,1977.6783,361.1361,43.8564,bowl||oven||pot||skillet||sheet||cup||bowl,add||cover||heat||season||cook||heat||add||cook||heat||stirring||add||boil||reduce||simmer||drain||dry||heat||add||cook||heat||transfer||drain||add||simmer||heat||stirring||transfer||remove||cut||boil||heat||season||ladle||serve,0.0,0.0,0.0,0.0,0.0,"[{'ingredient': 'eggplant', 'state': 'sliced', 'quantity': '1', 'ndb_id': '11209'}, {'ingredient': 'vegetable oil', 'quantity': '1/4', 'unit': 'cup', 'ndb_id': '4513'}, {'ingredient': 'lamb shank', 'quantity': '4', 'ndb_id': '93600'}, {'ingredient': 'pepper', 'state': 'ground', 'ndb_id': '2030'}, {'ingredient': 'white onion', 'state': 'chopped', 'quantity': '1', 'ndb_id': '11282'}, {'ingredient': 'pomegranate molasses', 'quantity': '1/2', 'unit': 'cup', 'ndb_id': '93600'}, {'ingredient': 'yellow pea', 'state': 'split', 'quantity': '1/2', 'unit': 'cup', 'ndb_id': '93600'}, {'ingredient': 'red chilies', 'quantity': '4', 'ndb_id': '11819'}, {'ingredient': 'baharat', 'quantity': '2', 'unit': 'teaspoons', 'ndb_id': '93600'}, {'ingredient': 'coriander', 'state': 'ground', 'quantity': '2', 'unit': 'teaspoons', 'ndb_id': '2013'}, {'ingredient': 'pita bread', 'quantity': '8', 'ndb_id': '18041'}]","['In a bowl, dissolve 2 tsp of salt in 1 quart of water.', 'Add the eggplant, cover with a plate to keep the slices under the water, soak for 30 minute.', 'Meanwhile, in a large dutch oven or cast iron casserole pot, heat 2 tbl of the oil.', 'Season the lamb with salt and pepper and cook over high heat, turning once until well browned, about 5 minutes per side.', 'Add the onion and cook over moderate heat, stirring, until softened about 10 minutes.', 'Add 3 quarts of water, the pomegranate molasses, split peas, dried chiles, baharat and coriander and bring to a boil.', 'Reduce the heat to low and simmer for 45 minutes stirring and skimming every so often.', 'Drain the eggplant and pat dry.', 'In a large non stick skillet, heat 1 1/2 tbl of the oil.', 'Add 1/3 of the eggplant and cook over med high heat until browned, 3 minutes per side.', 'Transfer to paper towels to drain.', 'Brown the remaining eggplant in the 3 tbl of oil.', 'Add the eggplant to the lamb and simmer over low heat, stirring until the lamb is tender, 45 minutes.', 'Transfer the lamb to a rimmed baking sheet, remove the meat from the bones and cut into 1 inch chunks.', 'Boil the stew over high heat, skimming, until the liquid has reduced to 3 cups, about 40 minutes.', 'Return the lamb to the stew and season with salt and pepper.', 'Divid the pita among 4 bowls, ladle the soup on top and serve.']",0.0,0.0315,0.0,0.156,22.5017,0.1365,0.0,0.15,0.0,2199.7622,0.0,15.9896,0.0,1.5,906.6687,1187.8873,4.6269,0.0,0.006,0.0,8265.8153,1977.6783,5.9801,3.7152,0.0,0.0,0.0,0.0,0.0,0.0,0.0,0.0,0.0,0.0,0.0,0.0,0.0,0.0,0.0,0.0,0.0,0.0,0.0,30.1115,1.258,15.98,5.619,0.0,4.4662,0.2756,1.5967,5.7045,1.2249,0.3143,0.0,0.0,0.0,0.9429,0.4171,0.0,0.0,0.2176,0.5984,0.0,0.068,1.122,0.0,0.0,0.0,0.0,0.0,0.0,0.0,0.0,0.0,0.0,0.0,0.0,0.0,4.0584,1.65,300.5006,300.5006,300.5006,0.0,1.935,0.0,2.955,0.387,0.0375,0.021,0.0,26.2892,0.021,0.0,0.0375,6.0,0.0,0.0585,389.5475,0.0,0.2619,0.0,0.003,20.1974,0.1845,0.0375,3322.2314,56.456,4435.2881,0.018,361.1361,544.0012,2.7709,306.3339,0.0315,1240.3295,0.0,0.0,1.485,6.36,0.0,2.2536,0.0315,0.0,0.0,0.0,0.06,0.0,0.0,0.0,43.8564,0.021,0.021,0.0315,1816.3374,544.0012,18.1334,0.0,2.356,11.856,0.0,0.0,0.0,0.0,10.3921,0.0,10.8113,1557.4539,18.5576
118171,124.4,0,0,1 dip,Swiss Cheese Dip,65,http://www.geniuskitchen.com/recipe/swiss-cheese-dip-469985,Deutschland ,Swiss,European,Geniuskitchen,https://geniuskitchen.sndimg.com/gk/img/gk-shareGraphic.png,21.1499,2003.404,80.1437,177.6093,cooker,combine||sprinkle||cover||cook||serve,0.0,0.0,0.0,0.0,0.0,"[{'ingredient': 'swiss cheese', 'state': 'shredded', 'quantity': '8', 'unit': 'ounces', 'ndb_id': '1040'}, {'ingredient': 'mayonnaise', 'state': 'fat free', 'quantity': '1', 'unit': 'cup', 'ndb_id': '4708'}, {'ingredient': 'bacon bit', 'quantity': '1/2', 'unit': 'cup', 'ndb_id': '43212'}, {'ingredient': 'onion', 'state': 'chopped', 'quantity': '2', 'unit': 'tablespoons', 'ndb_id': '11282'}, {'ingredient': 'cracker crumb', 'quantity': '1/2', 'unit': 'cup', 'ndb_id': '93600'}]","['Combine swiss cheese, mayonnaise, bacon bits, and onion in a slow cooker.', 'Sprinkle cracker crumbs over top.', 'Cover, and cook on low for 1 to 2 hours.', 'Serve with snack crackers, or cut up fresh vegetables.']",0.0,2.0772,0.0,2.1232,14.642,3.5767,0.0,1.3808,0.0,2079.68,0.0,21.1499,2.268,208.148,287.484,132.742,0.4603,11.496,0.6585,0.0,8385.74,2003.404,90.2743,19.9256,0.7033,1.0501,0.2313,0.4751,0.1406,14.4449,1.5695,0.3651,0.0,1.6647,0.4332,0.0,0.0045,0.0159,0.0794,0.0045,0.0,0.0761,0.0,56.0764,1.7418,2.1049,6.7383,0.6736,30.6136,2.3579,9.6637,86.6717,17.7833,1.857,0.0023,0.2506,0.4261,0.1043,0.0,0.1919,0.0045,0.0408,0.0,1.5445,1.2293,0.7416,2.2385,1.7985,0.44,0.0,0.0,0.0,0.2835,0.0045,0.0068,0.0726,0.0,0.0,0.0159,6.052,0.22,97.6,97.6,97.6,0.0,0.258,0.0,0.394,12.9883,1.1571,2.4182,0.0,0.74,3.4887,0.0,6.716,81.584,2.268,5.8706,134.684,0.0,0.101,14.2884,1.7785,1.0876,0.9598,3.7744,1463.952,3.0,345.616,8.3713,80.1437,653.444,0.7295,77.62,3.7237,3272.116,0.0,0.0,0.198,0.848,0.0,0.3887,2.3584,0.0454,0.0,0.1588,0.3028,0.0,0.0,0.0,177.6093,0.9123,3.8425,4.8555,2537.396,671.744,7.8905,0.672,0.2344,2.544,0.0,0.0,0.0,0.0,10.3096,0.0,127.8392,241.2324,11.1548
128942,433.3,0,0,04-Jun,Ricotta Dumplings in Tomato Sauce,45,http://www.geniuskitchen.com/recipe/ricotta-dumplings-in-tomato-sauce-52371,Italian,Italian,European,Geniuskitchen,https://geniuskitchen.sndimg.com/gk/img/gk-shareGraphic.png,11.5738,649.58,42.2022,48.3496,saucepan||pan,combine||simmer||mix||drop||cover||cook||serve,0.0,0.0,0.0,0.0,0.0,"[{'ingredient': 'ricotta cheese', 'state': 'drained', 'quantity': '1 1/2', 'unit': '1/2', 'ndb_id': '1036'}, {'ingredient': 'pecorino romano cheese', 'state': 'grated', 'quantity': '1/2', 'unit': 'cup', 'ndb_id': '93600'}, {'ingredient': 'egg', 'quantity': '1', 'unit': 'beaten', 'ndb_id': '1123'}, {'ingredient': 'breadcrumb', 'quantity': '1/2', 'unit': 'cup', 'ndb_id': '93600'}, {'ingredient': 'parsley', 'ndb_id': '11297'}, {'ingredient': 'tomato sauce', 'quantity': '2', 'unit': 'cans', 'ndb_id': '22402'}, {'ingredient': 'water', 'quantity': '1 3/4', 'unit': '3/4', 'ndb_id': '14555'}, {'ingredient': 'basil', 'state': 'chopped', 'quantity': '20', 'unit': 'leaves', 'ndb_id': '2044'}]","['Combine tomato sauce, water and basil in saucepan.', 'Simmer in a deep frying pan about 10 15 minutes.', 'In the mean time gently mix together ricotta, romano cheese, egg, bread crumbs and parsley to form into balls about the size of golf balls.', 'Drop balls into simmering sauce cover and cook about 20 minutes.', 'Serve over the pasta of your choice with additional grated cheese.']",0.0,1.8695,0.0,2.3627,4.2337,3.7315,0.0,0.04,0.0,829.215,0.0,11.5738,0.0,436.96,189.72,66.24,0.1456,4.6,0.3711,0.0,2717.56,649.58,13.5012,1.4711,0.0,0.0,0.0,0.0,0.0,0.0,0.0,0.0,0.0,0.0,0.0,0.0,0.0,0.0,0.0,0.0,0.0,0.0,0.0,30.8615,0.8519,0.5878,5.0741,0.0,15.0956,1.979,4.7658,10.6926,1.0229,0.4482,0.0,0.0,0.0,0.0,0.0,0.0,0.0,0.0,0.0,2.1353,0.346,0.4427,0.0,0.0,0.0,0.0,0.0,0.0,0.0,0.0,0.0,0.0,0.0,0.0,0.0,0.16,0.0,51.44,51.44,51.44,0.0,0.002,0.027,0.002,9.1268,1.1096,1.7126,0.0,1.7306,2.2015,0.0,4.5612,565.0,0.0,4.9884,55.615,0.0,0.1371,0.0,1.0489,0.4771,0.8133,2.0813,593.36,0.0,420.1,3.9759,42.2022,435.24,0.733,53.97,2.1489,321.175,0.0,0.0,0.0,1.0344,0.0,0.0518,1.9336,0.0,0.0,0.016,0.0,0.0,0.0,0.0,48.3496,0.4689,2.1988,2.5869,2182.9,472.8,1.2648,0.0,0.1755,1.8,0.744,37.2,0.0,0.744,0.4892,0.0,45.572,690.597,4.3962
130000,312.2,0,0,2,Gnocchi with parsley olive pesto and cherry tomatoes,20,http://www.geniuskitchen.com/recipe/gnocchi-with-parsley-olive-pesto-and-cherry-tomatoes-69536,Italian,Italian,European,Geniuskitchen,https://geniuskitchen.sndimg.com/gk/img/gk-shareGraphic.png,4.9918,41.47,4.1908,0.515,processor,season||place||cook||combine||blend||add||blend||cook||serve,0.0,0.0,0.0,0.0,0.0,"[{'ingredient': 'cherry tomato', 'state': 'cut', 'quantity': '250', 'ndb_id': '93600'}, {'ingredient': 'pimento olive', 'state': 'stuffed', 'quantity': '10', 'ndb_id': '93600'}, {'ingredient': 'garlic', 'state': 'crushed', 'quantity': '1', 'unit': 'clove', 'ndb_id': '11215'}, {'ingredient': 'parmesan cheese', 'state': 'grated', 'quantity': '2', 'unit': 'tablespoons', 'ndb_id': '1185'}, {'ingredient': 'flat leaf parsley', 'quantity': '1 1/2', 'unit': '1/2', 'ndb_id': '93600'}, {'ingredient': 'extra virgin olive oil', 'quantity': '1/4', 'unit': 'cup', 'ndb_id': '93600'}, {'ingredient': 'storebought potato gnocchi', 'quantity': '1', 'unit': 'packet', 'ndb_id': '93600'}]","['Season the tomatoes with salt and pepper.', 'Place the cherry tomatoes, cut side up, under a hot griller/broiler.', 'Cook until just softened and lightly blackened, about 10 minutes.', 'Combine the olives, parmesan, garlic and parsley in a food processor.', 'Blend until roughly chopped.', 'Slowly add the olive oil whilst blending and blend until just combined.', 'Cook the gnocchi, according to package directions.', 'Toss together with the pesto and 1 tablespoon of the gnocchi cooking water to coat gnocchi.', 'Serve topped with the hot tomatoes and extra shaved parmesan.']",0.0,0.004,0.0,0.019,0.685,0.0147,0.0,0.0,0.0,85.43,0.0,4.9918,0.0,1.45,2.0,2.236,0.011,0.0,0.002,0.0,173.49,41.47,0.1449,0.0261,0.0,0.0,0.0,0.0,0.0,0.0,0.0,0.0,0.0,0.0,0.0,0.0,0.0,0.0,0.0,0.0,0.0,0.0,0.0,0.3137,0.0127,0.014,0.0502,0.0,0.1329,0.0112,0.0606,0.1259,0.0182,0.0079,0.0,0.0,0.0076,0.0,0.0,0.0,0.0,0.0,0.0,0.0162,0.0096,0.0056,0.0,0.0,0.0,0.0,0.0,0.0,0.0,0.0,0.0,0.0,0.0,0.0,0.0,0.063,0.0,2.59,2.59,2.59,0.0,0.0,0.0,0.0,0.0242,0.006,0.0034,0.0,0.551,0.0065,0.0,0.0092,0.48,0.0,0.0082,4.75,0.0,0.0502,0.0,0.0023,0.041,0.0179,0.0055,74.59,0.0,72.03,0.003,4.1908,3.9,0.0083,4.756,0.0057,115.51,0.0,0.0,0.0,0.18,0.0,0.011,0.0047,0.0,0.0,0.0,0.0,0.0,0.0,0.0,0.515,0.002,0.0024,0.0087,15.37,4.0,0.11,0.0,0.047,0.936,0.0,0.0,0.0,0.0,0.0064,0.0,0.091,2.6174,0.3348
