difficulty,question_easy,answer_easy,question_medium,answer_medium,question_hard,answer_hard,node_list,edge_list
easy,"Based on the nutrients the food provides and the user needs, please answer whether the food ""Adobo, with rice"" is healthy for the user? Please answer with yes or no.",No,"Based on the nutrients the food provides and the user needs, please answer what nutrient tags are used to determine whether the food ""Adobo, with rice"" is healthy or unhealthy for the user?",high_sodium,"Based on the nutrients the food provides and the user needs, please answer whether the food ""Adobo, with rice"" is healthy for the user? Please answer with a short sentence explaining why.","No, because the food is high in sodium. ","[[1, {'name': 58150530, 'attr': 'Adobo, with rice'}], [2, {'name': 'category', 'attr': 'Poultry mixed dishes'}], [3, {'name': 'ingredient', 'attr': 'Garlic, raw'}], [4, {'name': 'ingredient', 'attr': 'Soy sauce made from soy and wheat (shoyu)'}], [5, {'name': 'ingredient', 'attr': 'Salt, table, iodized'}], [6, {'name': 'ingredient', 'attr': 'Spices, pepper, black'}], [7, {'name': 'ingredient', 'attr': 'Rice, white, long-grain, regular, enriched, cooked'}], [8, {'name': 'ingredient', 'attr': 'Pork, fresh, shoulder, (Boston butt), blade (steaks), separable lean only, cooked, braised'}], [9, {'name': 'ingredient', 'attr': 'Chicken, broiler, rotisserie, BBQ, thigh, meat only'}], [10, {'name': 'ingredient', 'attr': 'Chicken, broilers or fryers, dark meat, meat only, cooked, stewed'}], [11, {'name': 'food_nutrition_tag', 'attr': 'low_carb'}], [12, {'name': 'food_nutrition_tag', 'attr': 'low_sugar'}], [13, {'name': 'food_nutrition_tag', 'attr': 'high_sodium'}], [14, {'name': 'food_nutrition_tag', 'attr': 'high_protein'}], [15, {'name': 'food_nutrition_tag', 'attr': 'high_cholesterol'}], [0, {'name': 121873, 'attr': 'user'}], [16, {'name': 'dietary habit', 'attr': 'Drinks lots of milk'}], [17, {'name': 'dietary habit', 'attr': 'Adds lots of salt at table'}], [18, {'name': 'dietary habit', 'attr': 'Light cigarette smoker'}], [19, {'name': 'dietary habit', 'attr': 'Eats little to no frozen food'}], [20, {'name': 'dietary habit', 'attr': 'Eats few to no meals outside home'}], [21, {'name': 'dietary habit', 'attr': 'Eats few to no ready to eat meals'}], [22, {'name': 'dietary habit', 'attr': 'Takes few or no supplements'}], [23, {'name': 'dietary habit', 'attr': 'Uses lots of salt in preparation'}], [24, {'name': 'dietary habit', 'attr': 'Drinks little water'}], [25, {'name': 'dietary habit', 'attr': 'Ate more food than usual'}], [26, {'name': 'status', 'attr': 'hypertension'}]]","[[1, 'belongs to', 2], [1, 'has', 3], [1, 'has', 4], [1, 'has', 5], [1, 'has', 6], [1, 'has', 7], [1, 'has', 8], [1, 'has', 9], [1, 'has', 10], [1, 'belongs to', 11], [1, 'belongs to', 12], [1, 'belongs to', 13], [1, 'belongs to', 14], [1, 'belongs to', 15], [0, 'has', 16], [0, 'has', 17], [0, 'has', 18], [0, 'has', 19], [0, 'has', 20], [0, 'has', 21], [0, 'has', 22], [0, 'has', 23], [0, 'has', 24], [0, 'has', 25], [0, 'has', 26], [26, 'contradict', 13]]"
easy,"Based on the nutrients the food provides and the user needs, please answer whether the food ""Adobo, with rice"" is healthy for the user? Please answer with yes or no.",Yes,"Based on the nutrients the food provides and the user needs, please answer what nutrient tags are used to determine whether the food ""Adobo, with rice"" is healthy or unhealthy for the user?",low_carb,"Based on the nutrients the food provides and the user needs, please answer whether the food ""Adobo, with rice"" is healthy for the user? Please answer with a short sentence explaining why.","Yes, because the food is low in carb. ","[[1, {'name': 58150530, 'attr': 'Adobo, with rice'}], [2, {'name': 'category', 'attr': 'Poultry mixed dishes'}], [3, {'name': 'ingredient', 'attr': 'Garlic, raw'}], [4, {'name': 'ingredient', 'attr': 'Soy sauce made from soy and wheat (shoyu)'}], [5, {'name': 'ingredient', 'attr': 'Salt, table, iodized'}], [6, {'name': 'ingredient', 'attr': 'Spices, pepper, black'}], [7, {'name': 'ingredient', 'attr': 'Rice, white, long-grain, regular, enriched, cooked'}], [8, {'name': 'ingredient', 'attr': 'Pork, fresh, shoulder, (Boston butt), blade (steaks), separable lean only, cooked, braised'}], [9, {'name': 'ingredient', 'attr': 'Chicken, broiler, rotisserie, BBQ, thigh, meat only'}], [10, {'name': 'ingredient', 'attr': 'Chicken, broilers or fryers, dark meat, meat only, cooked, stewed'}], [11, {'name': 'food_nutrition_tag', 'attr': 'low_carb'}], [12, {'name': 'food_nutrition_tag', 'attr': 'low_sugar'}], [13, {'name': 'food_nutrition_tag', 'attr': 'high_sodium'}], [14, {'name': 'food_nutrition_tag', 'attr': 'high_protein'}], [15, {'name': 'food_nutrition_tag', 'attr': 'high_cholesterol'}], [0, {'name': 76767, 'attr': 'user'}], [16, {'name': 'dietary habit', 'attr': 'Eats little or no shellfish'}], [17, {'name': 'dietary habit', 'attr': 'Eats little or no fish'}], [18, {'name': 'dietary habit', 'attr': 'Adds little to no salt at table'}], [19, {'name': 'dietary habit', 'attr': 'Eats few to no ready to eat meals'}], [20, {'name': 'dietary habit', 'attr': 'Uses lots of salt in preparation'}], [21, {'name': 'dietary habit', 'attr': 'Drinks little water'}], [22, {'name': 'dietary habit', 'attr': 'Ate more food than usual'}], [23, {'name': 'dietary habit', 'attr': 'Ate less food than usual'}], [24, {'name': 'dietary habit', 'attr': 'Eats high protein diet'}], [25, {'name': 'status', 'attr': 'obesity'}], [26, {'name': 'user_nutrition_tag', 'attr': 'low_calorie'}], [27, {'name': 'status', 'attr': 'Low carbohydrate diet'}]]","[[1, 'belongs to', 2], [1, 'has', 3], [1, 'has', 4], [1, 'has', 5], [1, 'has', 6], [1, 'has', 7], [1, 'has', 8], [1, 'has', 9], [1, 'has', 10], [1, 'belongs to', 11], [1, 'belongs to', 12], [1, 'belongs to', 13], [1, 'belongs to', 14], [1, 'belongs to', 15], [0, 'has', 16], [0, 'has', 17], [0, 'has', 18], [0, 'has', 19], [0, 'has', 20], [0, 'has', 21], [0, 'has', 22], [0, 'has', 23], [0, 'has', 24], [0, 'has', 25], [25, 'need', 26], [0, 'has', 27], [27, 'match', 11]]"
easy,"Based on the nutrients the food provides and the user needs, please answer whether the food ""Adobo, with rice"" is healthy for the user? Please answer with yes or no.",No,"Based on the nutrients the food provides and the user needs, please answer what nutrient tags are used to determine whether the food ""Adobo, with rice"" is healthy or unhealthy for the user?",high_sodium,"Based on the nutrients the food provides and the user needs, please answer whether the food ""Adobo, with rice"" is healthy for the user? Please answer with a short sentence explaining why.","No, because the food is high in sodium. ","[[1, {'name': 58150530, 'attr': 'Adobo, with rice'}], [2, {'name': 'category', 'attr': 'Poultry mixed dishes'}], [3, {'name': 'ingredient', 'attr': 'Garlic, raw'}], [4, {'name': 'ingredient', 'attr': 'Soy sauce made from soy and wheat (shoyu)'}], [5, {'name': 'ingredient', 'attr': 'Salt, table, iodized'}], [6, {'name': 'ingredient', 'attr': 'Spices, pepper, black'}], [7, {'name': 'ingredient', 'attr': 'Rice, white, long-grain, regular, enriched, cooked'}], [8, {'name': 'ingredient', 'attr': 'Pork, fresh, shoulder, (Boston butt), blade (steaks), separable lean only, cooked, braised'}], [9, {'name': 'ingredient', 'attr': 'Chicken, broiler, rotisserie, BBQ, thigh, meat only'}], [10, {'name': 'ingredient', 'attr': 'Chicken, broilers or fryers, dark meat, meat only, cooked, stewed'}], [11, {'name': 'food_nutrition_tag', 'attr': 'low_carb'}], [12, {'name': 'food_nutrition_tag', 'attr': 'low_sugar'}], [13, {'name': 'food_nutrition_tag', 'attr': 'high_sodium'}], [14, {'name': 'food_nutrition_tag', 'attr': 'high_protein'}], [15, {'name': 'food_nutrition_tag', 'attr': 'high_cholesterol'}], [0, {'name': 66749, 'attr': 'user'}], [16, {'name': 'dietary habit', 'attr': 'Eats lots of fish'}], [17, {'name': 'dietary habit', 'attr': 'Adds little to no salt at table'}], [18, {'name': 'dietary habit', 'attr': 'Drinks Alcohol less than average'}], [19, {'name': 'dietary habit', 'attr': 'Eats little to no frozen food'}], [20, {'name': 'dietary habit', 'attr': 'Eats few to no ready to eat meals'}], [21, {'name': 'dietary habit', 'attr': 'Takes few or no supplements'}], [22, {'name': 'dietary habit', 'attr': 'Uses lots of salt in preparation'}], [23, {'name': 'dietary habit', 'attr': 'Ate more food than usual'}], [24, {'name': 'status', 'attr': 'obesity'}], [25, {'name': 'user_nutrition_tag', 'attr': 'low_calorie'}], [26, {'name': 'status', 'attr': 'hypertension'}]]","[[1, 'belongs to', 2], [1, 'has', 3], [1, 'has', 4], [1, 'has', 5], [1, 'has', 6], [1, 'has', 7], [1, 'has', 8], [1, 'has', 9], [1, 'has', 10], [1, 'belongs to', 11], [1, 'belongs to', 12], [1, 'belongs to', 13], [1, 'belongs to', 14], [1, 'belongs to', 15], [0, 'has', 16], [0, 'has', 17], [0, 'has', 18], [0, 'has', 19], [0, 'has', 20], [0, 'has', 21], [0, 'has', 22], [0, 'has', 23], [0, 'has', 24], [24, 'need', 25], [0, 'has', 26], [26, 'contradict', 13]]"
easy,"Based on the nutrients the food provides and the user needs, please answer whether the food ""Adobo, with rice"" is healthy for the user? Please answer with yes or no.",Yes,"Based on the nutrients the food provides and the user needs, please answer what nutrient tags are used to determine whether the food ""Adobo, with rice"" is healthy or unhealthy for the user?",high_protein,"Based on the nutrients the food provides and the user needs, please answer whether the food ""Adobo, with rice"" is healthy for the user? Please answer with a short sentence explaining why.","Yes, because the food is high in protein. ","[[1, {'name': 58150530, 'attr': 'Adobo, with rice'}], [2, {'name': 'category', 'attr': 'Poultry mixed dishes'}], [3, {'name': 'ingredient', 'attr': 'Garlic, raw'}], [4, {'name': 'ingredient', 'attr': 'Soy sauce made from soy and wheat (shoyu)'}], [5, {'name': 'ingredient', 'attr': 'Salt, table, iodized'}], [6, {'name': 'ingredient', 'attr': 'Spices, pepper, black'}], [7, {'name': 'ingredient', 'attr': 'Rice, white, long-grain, regular, enriched, cooked'}], [8, {'name': 'ingredient', 'attr': 'Pork, fresh, shoulder, (Boston butt), blade (steaks), separable lean only, cooked, braised'}], [9, {'name': 'ingredient', 'attr': 'Chicken, broiler, rotisserie, BBQ, thigh, meat only'}], [10, {'name': 'ingredient', 'attr': 'Chicken, broilers or fryers, dark meat, meat only, cooked, stewed'}], [11, {'name': 'food_nutrition_tag', 'attr': 'low_carb'}], [12, {'name': 'food_nutrition_tag', 'attr': 'low_sugar'}], [13, {'name': 'food_nutrition_tag', 'attr': 'high_sodium'}], [14, {'name': 'food_nutrition_tag', 'attr': 'high_protein'}], [15, {'name': 'food_nutrition_tag', 'attr': 'high_cholesterol'}], [0, {'name': 120066, 'attr': 'user'}], [16, {'name': 'dietary habit', 'attr': 'Drinks lots of milk'}], [17, {'name': 'dietary habit', 'attr': 'Eats little or no shellfish'}], [18, {'name': 'dietary habit', 'attr': 'Eats little or no fish'}], [19, {'name': 'dietary habit', 'attr': 'Adds little to no salt at table'}], [20, {'name': 'dietary habit', 'attr': 'Eats often outside the home'}], [21, {'name': 'dietary habit', 'attr': 'Uses little to no salt in preparation'}], [22, {'name': 'dietary habit', 'attr': 'Drinks lots of water'}], [23, {'name': 'dietary habit', 'attr': 'Claims to have a good diet'}], [24, {'name': 'dietary habit', 'attr': 'Ate more food than usual'}], [25, {'name': 'dietary habit', 'attr': 'Ate less food than usual'}], [26, {'name': 'dietary habit', 'attr': 'Eats diabetic diet'}], [27, {'name': 'status', 'attr': 'Weight gain/Muscle building diet'}], [28, {'name': 'user_nutrition_tag', 'attr': 'high_calorie'}]]","[[1, 'belongs to', 2], [1, 'has', 3], [1, 'has', 4], [1, 'has', 5], [1, 'has', 6], [1, 'has', 7], [1, 'has', 8], [1, 'has', 9], [1, 'has', 10], [1, 'belongs to', 11], [1, 'belongs to', 12], [1, 'belongs to', 13], [1, 'belongs to', 14], [1, 'belongs to', 15], [0, 'has', 16], [0, 'has', 17], [0, 'has', 18], [0, 'has', 19], [0, 'has', 20], [0, 'has', 21], [0, 'has', 22], [0, 'has', 23], [0, 'has', 24], [0, 'has', 25], [0, 'has', 26], [0, 'has', 27], [27, 'need', 28], [27, 'match', 14]]"
easy,"Based on the nutrients the food provides and the user needs, please answer whether the food ""Adobo, with rice"" is healthy for the user? Please answer with yes or no.",Yes,"Based on the nutrients the food provides and the user needs, please answer what nutrient tags are used to determine whether the food ""Adobo, with rice"" is healthy or unhealthy for the user?",low_sugar,"Based on the nutrients the food provides and the user needs, please answer whether the food ""Adobo, with rice"" is healthy for the user? Please answer with a short sentence explaining why.","Yes, because the food is low in sugar. ","[[1, {'name': 58150530, 'attr': 'Adobo, with rice'}], [2, {'name': 'category', 'attr': 'Poultry mixed dishes'}], [3, {'name': 'ingredient', 'attr': 'Garlic, raw'}], [4, {'name': 'ingredient', 'attr': 'Soy sauce made from soy and wheat (shoyu)'}], [5, {'name': 'ingredient', 'attr': 'Salt, table, iodized'}], [6, {'name': 'ingredient', 'attr': 'Spices, pepper, black'}], [7, {'name': 'ingredient', 'attr': 'Rice, white, long-grain, regular, enriched, cooked'}], [8, {'name': 'ingredient', 'attr': 'Pork, fresh, shoulder, (Boston butt), blade (steaks), separable lean only, cooked, braised'}], [9, {'name': 'ingredient', 'attr': 'Chicken, broiler, rotisserie, BBQ, thigh, meat only'}], [10, {'name': 'ingredient', 'attr': 'Chicken, broilers or fryers, dark meat, meat only, cooked, stewed'}], [11, {'name': 'food_nutrition_tag', 'attr': 'low_carb'}], [12, {'name': 'food_nutrition_tag', 'attr': 'low_sugar'}], [13, {'name': 'food_nutrition_tag', 'attr': 'high_sodium'}], [14, {'name': 'food_nutrition_tag', 'attr': 'high_protein'}], [15, {'name': 'food_nutrition_tag', 'attr': 'high_cholesterol'}], [0, {'name': 80925, 'attr': 'user'}], [16, {'name': 'dietary habit', 'attr': 'Drinks lots of milk'}], [17, {'name': 'dietary habit', 'attr': 'Eats little or no shellfish'}], [18, {'name': 'dietary habit', 'attr': 'Eats little or no fish'}], [19, {'name': 'dietary habit', 'attr': 'Eats little to no frozen food'}], [20, {'name': 'dietary habit', 'attr': 'Eats few to no ready to eat meals'}], [21, {'name': 'dietary habit', 'attr': 'Takes few or no supplements'}], [22, {'name': 'dietary habit', 'attr': 'Uses little to no salt in preparation'}], [23, {'name': 'dietary habit', 'attr': 'Ate more food than usual'}], [24, {'name': 'dietary habit', 'attr': 'Ate less food than usual'}], [25, {'name': 'dietary habit', 'attr': 'Eats low salt diet'}], [26, {'name': 'status', 'attr': 'Sugar free/Low sugar diet'}]]","[[1, 'belongs to', 2], [1, 'has', 3], [1, 'has', 4], [1, 'has', 5], [1, 'has', 6], [1, 'has', 7], [1, 'has', 8], [1, 'has', 9], [1, 'has', 10], [1, 'belongs to', 11], [1, 'belongs to', 12], [1, 'belongs to', 13], [1, 'belongs to', 14], [1, 'belongs to', 15], [0, 'has', 16], [0, 'has', 17], [0, 'has', 18], [0, 'has', 19], [0, 'has', 20], [0, 'has', 21], [0, 'has', 22], [0, 'has', 23], [0, 'has', 24], [0, 'has', 25], [0, 'has', 26], [26, 'match', 12]]"
easy,"Based on the nutrients the food provides and the user needs, please answer whether the food ""Adobo, with rice"" is healthy for the user? Please answer with yes or no.",No,"Based on the nutrients the food provides and the user needs, please answer what nutrient tags are used to determine whether the food ""Adobo, with rice"" is healthy or unhealthy for the user?",high_cholesterol,"Based on the nutrients the food provides and the user needs, please answer whether the food ""Adobo, with rice"" is healthy for the user? Please answer with a short sentence explaining why.","No, because the food is high in cholesterol. ","[[1, {'name': 58150530, 'attr': 'Adobo, with rice'}], [2, {'name': 'category', 'attr': 'Poultry mixed dishes'}], [3, {'name': 'ingredient', 'attr': 'Garlic, raw'}], [4, {'name': 'ingredient', 'attr': 'Soy sauce made from soy and wheat (shoyu)'}], [5, {'name': 'ingredient', 'attr': 'Salt, table, iodized'}], [6, {'name': 'ingredient', 'attr': 'Spices, pepper, black'}], [7, {'name': 'ingredient', 'attr': 'Rice, white, long-grain, regular, enriched, cooked'}], [8, {'name': 'ingredient', 'attr': 'Pork, fresh, shoulder, (Boston butt), blade (steaks), separable lean only, cooked, braised'}], [9, {'name': 'ingredient', 'attr': 'Chicken, broiler, rotisserie, BBQ, thigh, meat only'}], [10, {'name': 'ingredient', 'attr': 'Chicken, broilers or fryers, dark meat, meat only, cooked, stewed'}], [11, {'name': 'food_nutrition_tag', 'attr': 'low_carb'}], [12, {'name': 'food_nutrition_tag', 'attr': 'low_sugar'}], [13, {'name': 'food_nutrition_tag', 'attr': 'high_sodium'}], [14, {'name': 'food_nutrition_tag', 'attr': 'high_protein'}], [15, {'name': 'food_nutrition_tag', 'attr': 'high_cholesterol'}], [0, {'name': 30012, 'attr': 'user'}], [16, {'name': 'dietary habit', 'attr': 'Eats little or no shellfish'}], [17, {'name': 'dietary habit', 'attr': 'Eats little or no fish'}], [18, {'name': 'dietary habit', 'attr': 'Drinks Alcohol less than average'}], [19, {'name': 'dietary habit', 'attr': 'Takes more supplements'}], [20, {'name': 'dietary habit', 'attr': 'Uses little to no salt in preparation'}], [21, {'name': 'dietary habit', 'attr': 'Ate more food than usual'}], [22, {'name': 'dietary habit', 'attr': 'Ate less food than usual'}], [23, {'name': 'dietary habit', 'attr': 'Eats weight loss diet'}], [24, {'name': 'status', 'attr': 'Low fat/Low cholesterol diet'}], [25, {'name': 'user_nutrition_tag', 'attr': 'low_saturated_fat'}]]","[[1, 'belongs to', 2], [1, 'has', 3], [1, 'has', 4], [1, 'has', 5], [1, 'has', 6], [1, 'has', 7], [1, 'has', 8], [1, 'has', 9], [1, 'has', 10], [1, 'belongs to', 11], [1, 'belongs to', 12], [1, 'belongs to', 13], [1, 'belongs to', 14], [1, 'belongs to', 15], [0, 'has', 16], [0, 'has', 17], [0, 'has', 18], [0, 'has', 19], [0, 'has', 20], [0, 'has', 21], [0, 'has', 22], [0, 'has', 23], [0, 'has', 24], [24, 'contradict', 15], [24, 'need', 25]]"
easy,"Based on the nutrients the food provides and the user needs, please answer whether the food ""Adobo, with rice"" is healthy for the user? Please answer with yes or no.",No,"Based on the nutrients the food provides and the user needs, please answer what nutrient tags are used to determine whether the food ""Adobo, with rice"" is healthy or unhealthy for the user?",high_sodium,"Based on the nutrients the food provides and the user needs, please answer whether the food ""Adobo, with rice"" is healthy for the user? Please answer with a short sentence explaining why.","No, because the food is high in sodium. ","[[1, {'name': 58150530, 'attr': 'Adobo, with rice'}], [2, {'name': 'category', 'attr': 'Poultry mixed dishes'}], [3, {'name': 'ingredient', 'attr': 'Garlic, raw'}], [4, {'name': 'ingredient', 'attr': 'Soy sauce made from soy and wheat (shoyu)'}], [5, {'name': 'ingredient', 'attr': 'Salt, table, iodized'}], [6, {'name': 'ingredient', 'attr': 'Spices, pepper, black'}], [7, {'name': 'ingredient', 'attr': 'Rice, white, long-grain, regular, enriched, cooked'}], [8, {'name': 'ingredient', 'attr': 'Pork, fresh, shoulder, (Boston butt), blade (steaks), separable lean only, cooked, braised'}], [9, {'name': 'ingredient', 'attr': 'Chicken, broiler, rotisserie, BBQ, thigh, meat only'}], [10, {'name': 'ingredient', 'attr': 'Chicken, broilers or fryers, dark meat, meat only, cooked, stewed'}], [11, {'name': 'food_nutrition_tag', 'attr': 'low_carb'}], [12, {'name': 'food_nutrition_tag', 'attr': 'low_sugar'}], [13, {'name': 'food_nutrition_tag', 'attr': 'high_sodium'}], [14, {'name': 'food_nutrition_tag', 'attr': 'high_protein'}], [15, {'name': 'food_nutrition_tag', 'attr': 'high_cholesterol'}], [0, {'name': 23914, 'attr': 'user'}], [16, {'name': 'dietary habit', 'attr': 'Eats little or no shellfish'}], [17, {'name': 'dietary habit', 'attr': 'Eats little or no fish'}], [18, {'name': 'dietary habit', 'attr': 'Adds little to no salt at table'}], [19, {'name': 'dietary habit', 'attr': 'Drinks Alcohol more than average'}], [20, {'name': 'dietary habit', 'attr': 'Ate more food than usual'}], [21, {'name': 'status', 'attr': 'hypertension'}]]","[[1, 'belongs to', 2], [1, 'has', 3], [1, 'has', 4], [1, 'has', 5], [1, 'has', 6], [1, 'has', 7], [1, 'has', 8], [1, 'has', 9], [1, 'has', 10], [1, 'belongs to', 11], [1, 'belongs to', 12], [1, 'belongs to', 13], [1, 'belongs to', 14], [1, 'belongs to', 15], [0, 'has', 16], [0, 'has', 17], [0, 'has', 18], [0, 'has', 19], [0, 'has', 20], [0, 'has', 21], [21, 'contradict', 13]]"
easy,"Based on the nutrients the food provides and the user needs, please answer whether the food ""Adobo, with rice"" is healthy for the user? Please answer with yes or no.",Yes,"Based on the nutrients the food provides and the user needs, please answer what nutrient tags are used to determine whether the food ""Adobo, with rice"" is healthy or unhealthy for the user?",high_protein,"Based on the nutrients the food provides and the user needs, please answer whether the food ""Adobo, with rice"" is healthy for the user? Please answer with a short sentence explaining why.","Yes, because the food is high in protein. ","[[1, {'name': 58150530, 'attr': 'Adobo, with rice'}], [2, {'name': 'category', 'attr': 'Poultry mixed dishes'}], [3, {'name': 'ingredient', 'attr': 'Garlic, raw'}], [4, {'name': 'ingredient', 'attr': 'Soy sauce made from soy and wheat (shoyu)'}], [5, {'name': 'ingredient', 'attr': 'Salt, table, iodized'}], [6, {'name': 'ingredient', 'attr': 'Spices, pepper, black'}], [7, {'name': 'ingredient', 'attr': 'Rice, white, long-grain, regular, enriched, cooked'}], [8, {'name': 'ingredient', 'attr': 'Pork, fresh, shoulder, (Boston butt), blade (steaks), separable lean only, cooked, braised'}], [9, {'name': 'ingredient', 'attr': 'Chicken, broiler, rotisserie, BBQ, thigh, meat only'}], [10, {'name': 'ingredient', 'attr': 'Chicken, broilers or fryers, dark meat, meat only, cooked, stewed'}], [11, {'name': 'food_nutrition_tag', 'attr': 'low_carb'}], [12, {'name': 'food_nutrition_tag', 'attr': 'low_sugar'}], [13, {'name': 'food_nutrition_tag', 'attr': 'high_sodium'}], [14, {'name': 'food_nutrition_tag', 'attr': 'high_protein'}], [15, {'name': 'food_nutrition_tag', 'attr': 'high_cholesterol'}], [0, {'name': 53575, 'attr': 'user'}], [16, {'name': 'dietary habit', 'attr': 'Eats little or no shellfish'}], [17, {'name': 'dietary habit', 'attr': 'Eats little or no fish'}], [18, {'name': 'dietary habit', 'attr': 'Drinks Alcohol less than average'}], [19, {'name': 'dietary habit', 'attr': 'Eats little to no fast food'}], [20, {'name': 'dietary habit', 'attr': 'Eats often outside the home'}], [21, {'name': 'dietary habit', 'attr': 'Eats few to no ready to eat meals'}], [22, {'name': 'dietary habit', 'attr': 'Takes few or no supplements'}], [23, {'name': 'dietary habit', 'attr': 'Uses little to no salt in preparation'}], [24, {'name': 'dietary habit', 'attr': 'Claims to have a poor diet'}], [25, {'name': 'dietary habit', 'attr': 'Ate more food than usual'}], [26, {'name': 'dietary habit', 'attr': 'Ate less food than usual'}], [27, {'name': 'dietary habit', 'attr': 'Eats diabetic diet'}], [28, {'name': 'status', 'attr': 'Weight gain/Muscle building diet'}], [29, {'name': 'user_nutrition_tag', 'attr': 'high_calorie'}]]","[[1, 'belongs to', 2], [1, 'has', 3], [1, 'has', 4], [1, 'has', 5], [1, 'has', 6], [1, 'has', 7], [1, 'has', 8], [1, 'has', 9], [1, 'has', 10], [1, 'belongs to', 11], [1, 'belongs to', 12], [1, 'belongs to', 13], [1, 'belongs to', 14], [1, 'belongs to', 15], [0, 'has', 16], [0, 'has', 17], [0, 'has', 18], [0, 'has', 19], [0, 'has', 20], [0, 'has', 21], [0, 'has', 22], [0, 'has', 23], [0, 'has', 24], [0, 'has', 25], [0, 'has', 26], [0, 'has', 27], [0, 'has', 28], [28, 'need', 29], [28, 'match', 14]]"
easy,"Based on the nutrients the food provides and the user needs, please answer whether the food ""Adobo, with rice"" is healthy for the user? Please answer with yes or no.",Yes,"Based on the nutrients the food provides and the user needs, please answer what nutrient tags are used to determine whether the food ""Adobo, with rice"" is healthy or unhealthy for the user?",high_protein,"Based on the nutrients the food provides and the user needs, please answer whether the food ""Adobo, with rice"" is healthy for the user? Please answer with a short sentence explaining why.","Yes, because the food is high in protein. ","[[1, {'name': 58150530, 'attr': 'Adobo, with rice'}], [2, {'name': 'category', 'attr': 'Poultry mixed dishes'}], [3, {'name': 'ingredient', 'attr': 'Garlic, raw'}], [4, {'name': 'ingredient', 'attr': 'Soy sauce made from soy and wheat (shoyu)'}], [5, {'name': 'ingredient', 'attr': 'Salt, table, iodized'}], [6, {'name': 'ingredient', 'attr': 'Spices, pepper, black'}], [7, {'name': 'ingredient', 'attr': 'Rice, white, long-grain, regular, enriched, cooked'}], [8, {'name': 'ingredient', 'attr': 'Pork, fresh, shoulder, (Boston butt), blade (steaks), separable lean only, cooked, braised'}], [9, {'name': 'ingredient', 'attr': 'Chicken, broiler, rotisserie, BBQ, thigh, meat only'}], [10, {'name': 'ingredient', 'attr': 'Chicken, broilers or fryers, dark meat, meat only, cooked, stewed'}], [11, {'name': 'food_nutrition_tag', 'attr': 'low_carb'}], [12, {'name': 'food_nutrition_tag', 'attr': 'low_sugar'}], [13, {'name': 'food_nutrition_tag', 'attr': 'high_sodium'}], [14, {'name': 'food_nutrition_tag', 'attr': 'high_protein'}], [15, {'name': 'food_nutrition_tag', 'attr': 'high_cholesterol'}], [0, {'name': 63765, 'attr': 'user'}], [16, {'name': 'dietary habit', 'attr': 'Drinks lots of milk'}], [17, {'name': 'dietary habit', 'attr': 'Drinks Alcohol less than average'}], [18, {'name': 'dietary habit', 'attr': 'Eats little to no frozen food'}], [19, {'name': 'dietary habit', 'attr': 'Eats few to no meals outside home'}], [20, {'name': 'dietary habit', 'attr': 'Eats few to no ready to eat meals'}], [21, {'name': 'dietary habit', 'attr': 'Takes more supplements'}], [22, {'name': 'dietary habit', 'attr': 'Claims to have a good diet'}], [23, {'name': 'dietary habit', 'attr': 'Ate more food than usual'}], [24, {'name': 'dietary habit', 'attr': 'Ate less food than usual'}], [25, {'name': 'dietary habit', 'attr': 'Eats diabetic diet'}], [26, {'name': 'status', 'attr': 'Weight gain/Muscle building diet'}], [27, {'name': 'user_nutrition_tag', 'attr': 'high_calorie'}]]","[[1, 'belongs to', 2], [1, 'has', 3], [1, 'has', 4], [1, 'has', 5], [1, 'has', 6], [1, 'has', 7], [1, 'has', 8], [1, 'has', 9], [1, 'has', 10], [1, 'belongs to', 11], [1, 'belongs to', 12], [1, 'belongs to', 13], [1, 'belongs to', 14], [1, 'belongs to', 15], [0, 'has', 16], [0, 'has', 17], [0, 'has', 18], [0, 'has', 19], [0, 'has', 20], [0, 'has', 21], [0, 'has', 22], [0, 'has', 23], [0, 'has', 24], [0, 'has', 25], [0, 'has', 26], [26, 'need', 27], [26, 'match', 14]]"
easy,"Based on the nutrients the food provides and the user needs, please answer whether the food ""Adobo, with rice"" is healthy for the user? Please answer with yes or no.",Yes,"Based on the nutrients the food provides and the user needs, please answer what nutrient tags are used to determine whether the food ""Adobo, with rice"" is healthy or unhealthy for the user?",low_carb,"Based on the nutrients the food provides and the user needs, please answer whether the food ""Adobo, with rice"" is healthy for the user? Please answer with a short sentence explaining why.","Yes, because the food is low in carb. ","[[1, {'name': 58150530, 'attr': 'Adobo, with rice'}], [2, {'name': 'category', 'attr': 'Poultry mixed dishes'}], [3, {'name': 'ingredient', 'attr': 'Garlic, raw'}], [4, {'name': 'ingredient', 'attr': 'Soy sauce made from soy and wheat (shoyu)'}], [5, {'name': 'ingredient', 'attr': 'Salt, table, iodized'}], [6, {'name': 'ingredient', 'attr': 'Spices, pepper, black'}], [7, {'name': 'ingredient', 'attr': 'Rice, white, long-grain, regular, enriched, cooked'}], [8, {'name': 'ingredient', 'attr': 'Pork, fresh, shoulder, (Boston butt), blade (steaks), separable lean only, cooked, braised'}], [9, {'name': 'ingredient', 'attr': 'Chicken, broiler, rotisserie, BBQ, thigh, meat only'}], [10, {'name': 'ingredient', 'attr': 'Chicken, broilers or fryers, dark meat, meat only, cooked, stewed'}], [11, {'name': 'food_nutrition_tag', 'attr': 'low_carb'}], [12, {'name': 'food_nutrition_tag', 'attr': 'low_sugar'}], [13, {'name': 'food_nutrition_tag', 'attr': 'high_sodium'}], [14, {'name': 'food_nutrition_tag', 'attr': 'high_protein'}], [15, {'name': 'food_nutrition_tag', 'attr': 'high_cholesterol'}], [0, {'name': 45390, 'attr': 'user'}], [16, {'name': 'dietary habit', 'attr': 'Adds little to no salt at table'}], [17, {'name': 'dietary habit', 'attr': 'Heavy cigarette smoker'}], [18, {'name': 'dietary habit', 'attr': 'Drinks Alcohol less than average'}], [19, {'name': 'dietary habit', 'attr': 'Eats lots of fast food'}], [20, {'name': 'dietary habit', 'attr': 'Eats lots of frozen food'}], [21, {'name': 'dietary habit', 'attr': 'Eats often outside the home'}], [22, {'name': 'dietary habit', 'attr': 'Eats few to no ready to eat meals'}], [23, {'name': 'dietary habit', 'attr': 'Takes few or no supplements'}], [24, {'name': 'dietary habit', 'attr': 'Claims to have a poor diet'}], [25, {'name': 'dietary habit', 'attr': 'Ate more food than usual'}], [26, {'name': 'dietary habit', 'attr': 'Ate less food than usual'}], [27, {'name': 'dietary habit', 'attr': 'Eats high protein diet'}], [28, {'name': 'status', 'attr': 'Low carbohydrate diet'}]]","[[1, 'belongs to', 2], [1, 'has', 3], [1, 'has', 4], [1, 'has', 5], [1, 'has', 6], [1, 'has', 7], [1, 'has', 8], [1, 'has', 9], [1, 'has', 10], [1, 'belongs to', 11], [1, 'belongs to', 12], [1, 'belongs to', 13], [1, 'belongs to', 14], [1, 'belongs to', 15], [0, 'has', 16], [0, 'has', 17], [0, 'has', 18], [0, 'has', 19], [0, 'has', 20], [0, 'has', 21], [0, 'has', 22], [0, 'has', 23], [0, 'has', 24], [0, 'has', 25], [0, 'has', 26], [0, 'has', 27], [0, 'has', 28], [28, 'match', 11]]"
medium,"Based on the nutrients the food provides and the user needs, please answer whether the food ""Adobo, with rice"" is healthy for the user? Please answer with yes or no.",Yes,"Based on the nutrients the food provides and the user needs, please answer what nutrient tags are used to determine whether the food ""Adobo, with rice"" is healthy or unhealthy for the user?","low_carb, low_sugar, high_protein","Based on the nutrients the food provides and the user needs, please answer whether the food ""Adobo, with rice"" is healthy for the user? Please answer with a short sentence explaining why.","Yes, because the food is low in carb, low in sugar, high in protein. ","[[1, {'name': 58150530, 'attr': 'Adobo, with rice'}], [2, {'name': 'category', 'attr': 'Poultry mixed dishes'}], [3, {'name': 'ingredient', 'attr': 'Garlic, raw'}], [4, {'name': 'ingredient', 'attr': 'Soy sauce made from soy and wheat (shoyu)'}], [5, {'name': 'ingredient', 'attr': 'Salt, table, iodized'}], [6, {'name': 'ingredient', 'attr': 'Spices, pepper, black'}], [7, {'name': 'ingredient', 'attr': 'Rice, white, long-grain, regular, enriched, cooked'}], [8, {'name': 'ingredient', 'attr': 'Pork, fresh, shoulder, (Boston butt), blade (steaks), separable lean only, cooked, braised'}], [9, {'name': 'ingredient', 'attr': 'Chicken, broiler, rotisserie, BBQ, thigh, meat only'}], [10, {'name': 'ingredient', 'attr': 'Chicken, broilers or fryers, dark meat, meat only, cooked, stewed'}], [11, {'name': 'food_nutrition_tag', 'attr': 'low_carb'}], [12, {'name': 'food_nutrition_tag', 'attr': 'low_sugar'}], [13, {'name': 'food_nutrition_tag', 'attr': 'high_sodium'}], [14, {'name': 'food_nutrition_tag', 'attr': 'high_protein'}], [15, {'name': 'food_nutrition_tag', 'attr': 'high_cholesterol'}], [0, {'name': 101839, 'attr': 'user'}], [16, {'name': 'dietary habit', 'attr': 'Eats lots of fish'}], [17, {'name': 'dietary habit', 'attr': 'Adds little to no salt at table'}], [18, {'name': 'dietary habit', 'attr': 'Eats little to no fast food'}], [19, {'name': 'dietary habit', 'attr': 'Eats few to no ready to eat meals'}], [20, {'name': 'dietary habit', 'attr': 'Takes more supplements'}], [21, {'name': 'dietary habit', 'attr': 'Uses lots of salt in preparation'}], [22, {'name': 'dietary habit', 'attr': 'Ate more food than usual'}], [23, {'name': 'dietary habit', 'attr': 'Ate less food than usual'}], [24, {'name': 'dietary habit', 'attr': 'Eats gluten free diet'}], [25, {'name': 'dietary habit', 'attr': 'Eats high protein diet'}], [26, {'name': 'status', 'attr': 'diabetes'}], [27, {'name': 'status', 'attr': 'Low carbohydrate diet'}], [28, {'name': 'status', 'attr': 'High protein diet'}]]","[[1, 'belongs to', 2], [1, 'has', 3], [1, 'has', 4], [1, 'has', 5], [1, 'has', 6], [1, 'has', 7], [1, 'has', 8], [1, 'has', 9], [1, 'has', 10], [1, 'belongs to', 11], [1, 'belongs to', 12], [1, 'belongs to', 13], [1, 'belongs to', 14], [1, 'belongs to', 15], [0, 'has', 16], [0, 'has', 17], [0, 'has', 18], [0, 'has', 19], [0, 'has', 20], [0, 'has', 21], [0, 'has', 22], [0, 'has', 23], [0, 'has', 24], [0, 'has', 25], [0, 'has', 26], [26, 'match', 12], [26, 'match', 11], [0, 'has', 27], [27, 'match', 11], [0, 'has', 28], [28, 'match', 14]]"
medium,"Based on the nutrients the food provides and the user needs, please answer whether the food ""Adobo, with rice"" is healthy for the user? Please answer with yes or no.",No,"Based on the nutrients the food provides and the user needs, please answer what nutrient tags are used to determine whether the food ""Adobo, with rice"" is healthy or unhealthy for the user?","high_sodium, high_protein","Based on the nutrients the food provides and the user needs, please answer whether the food ""Adobo, with rice"" is healthy for the user? Please answer with a short sentence explaining why.","No, because the food is high in sodium, high in protein. ","[[1, {'name': 58150530, 'attr': 'Adobo, with rice'}], [2, {'name': 'category', 'attr': 'Poultry mixed dishes'}], [3, {'name': 'ingredient', 'attr': 'Garlic, raw'}], [4, {'name': 'ingredient', 'attr': 'Soy sauce made from soy and wheat (shoyu)'}], [5, {'name': 'ingredient', 'attr': 'Salt, table, iodized'}], [6, {'name': 'ingredient', 'attr': 'Spices, pepper, black'}], [7, {'name': 'ingredient', 'attr': 'Rice, white, long-grain, regular, enriched, cooked'}], [8, {'name': 'ingredient', 'attr': 'Pork, fresh, shoulder, (Boston butt), blade (steaks), separable lean only, cooked, braised'}], [9, {'name': 'ingredient', 'attr': 'Chicken, broiler, rotisserie, BBQ, thigh, meat only'}], [10, {'name': 'ingredient', 'attr': 'Chicken, broilers or fryers, dark meat, meat only, cooked, stewed'}], [11, {'name': 'food_nutrition_tag', 'attr': 'low_carb'}], [12, {'name': 'food_nutrition_tag', 'attr': 'low_sugar'}], [13, {'name': 'food_nutrition_tag', 'attr': 'high_sodium'}], [14, {'name': 'food_nutrition_tag', 'attr': 'high_protein'}], [15, {'name': 'food_nutrition_tag', 'attr': 'high_cholesterol'}], [0, {'name': 97999, 'attr': 'user'}], [16, {'name': 'dietary habit', 'attr': 'Drinks lots of milk'}], [17, {'name': 'dietary habit', 'attr': 'Eats lots of fish'}], [18, {'name': 'dietary habit', 'attr': 'Eats little to no frozen food'}], [19, {'name': 'dietary habit', 'attr': 'Eats few to no ready to eat meals'}], [20, {'name': 'dietary habit', 'attr': 'Takes more supplements'}], [21, {'name': 'dietary habit', 'attr': 'Uses little to no salt in preparation'}], [22, {'name': 'dietary habit', 'attr': 'Claims to have a good diet'}], [23, {'name': 'dietary habit', 'attr': 'Ate more food than usual'}], [24, {'name': 'dietary habit', 'attr': 'Ate less food than usual'}], [25, {'name': 'dietary habit', 'attr': 'Eats low fat diet'}], [26, {'name': 'dietary habit', 'attr': 'Eats low carb diet'}], [27, {'name': 'status', 'attr': 'hypertension'}], [28, {'name': 'status', 'attr': 'Low salt/Low sodium diet'}], [29, {'name': 'status', 'attr': 'Renal/Kidney diet'}]]","[[1, 'belongs to', 2], [1, 'has', 3], [1, 'has', 4], [1, 'has', 5], [1, 'has', 6], [1, 'has', 7], [1, 'has', 8], [1, 'has', 9], [1, 'has', 10], [1, 'belongs to', 11], [1, 'belongs to', 12], [1, 'belongs to', 13], [1, 'belongs to', 14], [1, 'belongs to', 15], [0, 'has', 16], [0, 'has', 17], [0, 'has', 18], [0, 'has', 19], [0, 'has', 20], [0, 'has', 21], [0, 'has', 22], [0, 'has', 23], [0, 'has', 24], [0, 'has', 25], [0, 'has', 26], [0, 'has', 27], [27, 'contradict', 13], [0, 'has', 28], [28, 'contradict', 13], [0, 'has', 29], [29, 'contradict', 14]]"
medium,"Based on the nutrients the food provides and the user needs, please answer whether the food ""Adobo, with rice"" is healthy for the user? Please answer with yes or no.",Yes,"Based on the nutrients the food provides and the user needs, please answer what nutrient tags are used to determine whether the food ""Adobo, with rice"" is healthy or unhealthy for the user?","low_carb, high_protein","Based on the nutrients the food provides and the user needs, please answer whether the food ""Adobo, with rice"" is healthy for the user? Please answer with a short sentence explaining why.","Yes, because the food is low in carb, high in protein. ","[[1, {'name': 58150530, 'attr': 'Adobo, with rice'}], [2, {'name': 'category', 'attr': 'Poultry mixed dishes'}], [3, {'name': 'ingredient', 'attr': 'Garlic, raw'}], [4, {'name': 'ingredient', 'attr': 'Soy sauce made from soy and wheat (shoyu)'}], [5, {'name': 'ingredient', 'attr': 'Salt, table, iodized'}], [6, {'name': 'ingredient', 'attr': 'Spices, pepper, black'}], [7, {'name': 'ingredient', 'attr': 'Rice, white, long-grain, regular, enriched, cooked'}], [8, {'name': 'ingredient', 'attr': 'Pork, fresh, shoulder, (Boston butt), blade (steaks), separable lean only, cooked, braised'}], [9, {'name': 'ingredient', 'attr': 'Chicken, broiler, rotisserie, BBQ, thigh, meat only'}], [10, {'name': 'ingredient', 'attr': 'Chicken, broilers or fryers, dark meat, meat only, cooked, stewed'}], [11, {'name': 'food_nutrition_tag', 'attr': 'low_carb'}], [12, {'name': 'food_nutrition_tag', 'attr': 'low_sugar'}], [13, {'name': 'food_nutrition_tag', 'attr': 'high_sodium'}], [14, {'name': 'food_nutrition_tag', 'attr': 'high_protein'}], [15, {'name': 'food_nutrition_tag', 'attr': 'high_cholesterol'}], [0, {'name': 82577, 'attr': 'user'}], [16, {'name': 'dietary habit', 'attr': 'Eats lots of shellfish'}], [17, {'name': 'dietary habit', 'attr': 'Eats lots of fish'}], [18, {'name': 'dietary habit', 'attr': 'Eats little to no fast food'}], [19, {'name': 'dietary habit', 'attr': 'Eats little to no frozen food'}], [20, {'name': 'dietary habit', 'attr': 'Eats often outside the home'}], [21, {'name': 'dietary habit', 'attr': 'Eats few to no ready to eat meals'}], [22, {'name': 'dietary habit', 'attr': 'Takes more supplements'}], [23, {'name': 'dietary habit', 'attr': 'Uses little to no salt in preparation'}], [24, {'name': 'dietary habit', 'attr': 'Drinks lots of water'}], [25, {'name': 'dietary habit', 'attr': 'Claims to have a good diet'}], [26, {'name': 'dietary habit', 'attr': 'Ate more food than usual'}], [27, {'name': 'dietary habit', 'attr': 'Ate less food than usual'}], [28, {'name': 'dietary habit', 'attr': 'Eats gluten free diet'}], [29, {'name': 'dietary habit', 'attr': 'Eats high protein diet'}], [30, {'name': 'status', 'attr': 'Low carbohydrate diet'}], [31, {'name': 'status', 'attr': 'High protein diet'}]]","[[1, 'belongs to', 2], [1, 'has', 3], [1, 'has', 4], [1, 'has', 5], [1, 'has', 6], [1, 'has', 7], [1, 'has', 8], [1, 'has', 9], [1, 'has', 10], [1, 'belongs to', 11], [1, 'belongs to', 12], [1, 'belongs to', 13], [1, 'belongs to', 14], [1, 'belongs to', 15], [0, 'has', 16], [0, 'has', 17], [0, 'has', 18], [0, 'has', 19], [0, 'has', 20], [0, 'has', 21], [0, 'has', 22], [0, 'has', 23], [0, 'has', 24], [0, 'has', 25], [0, 'has', 26], [0, 'has', 27], [0, 'has', 28], [0, 'has', 29], [0, 'has', 30], [30, 'match', 11], [0, 'has', 31], [31, 'match', 14]]"
medium,"Based on the nutrients the food provides and the user needs, please answer whether the food ""Adobo, with rice"" is healthy for the user? Please answer with yes or no.",Yes,"Based on the nutrients the food provides and the user needs, please answer what nutrient tags are used to determine whether the food ""Adobo, with rice"" is healthy or unhealthy for the user?","low_carb, low_sugar","Based on the nutrients the food provides and the user needs, please answer whether the food ""Adobo, with rice"" is healthy for the user? Please answer with a short sentence explaining why.","Yes, because the food is low in carb, low in sugar. ","[[1, {'name': 58150530, 'attr': 'Adobo, with rice'}], [2, {'name': 'category', 'attr': 'Poultry mixed dishes'}], [3, {'name': 'ingredient', 'attr': 'Garlic, raw'}], [4, {'name': 'ingredient', 'attr': 'Soy sauce made from soy and wheat (shoyu)'}], [5, {'name': 'ingredient', 'attr': 'Salt, table, iodized'}], [6, {'name': 'ingredient', 'attr': 'Spices, pepper, black'}], [7, {'name': 'ingredient', 'attr': 'Rice, white, long-grain, regular, enriched, cooked'}], [8, {'name': 'ingredient', 'attr': 'Pork, fresh, shoulder, (Boston butt), blade (steaks), separable lean only, cooked, braised'}], [9, {'name': 'ingredient', 'attr': 'Chicken, broiler, rotisserie, BBQ, thigh, meat only'}], [10, {'name': 'ingredient', 'attr': 'Chicken, broilers or fryers, dark meat, meat only, cooked, stewed'}], [11, {'name': 'food_nutrition_tag', 'attr': 'low_carb'}], [12, {'name': 'food_nutrition_tag', 'attr': 'low_sugar'}], [13, {'name': 'food_nutrition_tag', 'attr': 'high_sodium'}], [14, {'name': 'food_nutrition_tag', 'attr': 'high_protein'}], [15, {'name': 'food_nutrition_tag', 'attr': 'high_cholesterol'}], [0, {'name': 22621, 'attr': 'user'}], [16, {'name': 'dietary habit', 'attr': 'Eats little or no shellfish'}], [17, {'name': 'dietary habit', 'attr': 'Drinks Alcohol less than average'}], [18, {'name': 'dietary habit', 'attr': 'Takes few or no supplements'}], [19, {'name': 'dietary habit', 'attr': 'Uses lots of salt in preparation'}], [20, {'name': 'dietary habit', 'attr': 'Drinks lots of water'}], [21, {'name': 'dietary habit', 'attr': 'Ate more food than usual'}], [22, {'name': 'dietary habit', 'attr': 'Ate less food than usual'}], [23, {'name': 'dietary habit', 'attr': 'Eats high fiber diet'}], [24, {'name': 'status', 'attr': 'obesity'}], [25, {'name': 'user_nutrition_tag', 'attr': 'low_calorie'}], [26, {'name': 'status', 'attr': 'diabetes'}], [27, {'name': 'status', 'attr': 'Diabetic diet'}]]","[[1, 'belongs to', 2], [1, 'has', 3], [1, 'has', 4], [1, 'has', 5], [1, 'has', 6], [1, 'has', 7], [1, 'has', 8], [1, 'has', 9], [1, 'has', 10], [1, 'belongs to', 11], [1, 'belongs to', 12], [1, 'belongs to', 13], [1, 'belongs to', 14], [1, 'belongs to', 15], [0, 'has', 16], [0, 'has', 17], [0, 'has', 18], [0, 'has', 19], [0, 'has', 20], [0, 'has', 21], [0, 'has', 22], [0, 'has', 23], [0, 'has', 24], [24, 'need', 25], [0, 'has', 26], [26, 'match', 12], [26, 'match', 11], [0, 'has', 27], [27, 'match', 12], [27, 'match', 11]]"
medium,"Based on the nutrients the food provides and the user needs, please answer whether the food ""Adobo, with rice"" is healthy for the user? Please answer with yes or no.",Yes,"Based on the nutrients the food provides and the user needs, please answer what nutrient tags are used to determine whether the food ""Adobo, with rice"" is healthy or unhealthy for the user?","low_sugar, high_protein","Based on the nutrients the food provides and the user needs, please answer whether the food ""Adobo, with rice"" is healthy for the user? Please answer with a short sentence explaining why.","Yes, because the food is low in sugar, high in protein. ","[[1, {'name': 58150530, 'attr': 'Adobo, with rice'}], [2, {'name': 'category', 'attr': 'Poultry mixed dishes'}], [3, {'name': 'ingredient', 'attr': 'Garlic, raw'}], [4, {'name': 'ingredient', 'attr': 'Soy sauce made from soy and wheat (shoyu)'}], [5, {'name': 'ingredient', 'attr': 'Salt, table, iodized'}], [6, {'name': 'ingredient', 'attr': 'Spices, pepper, black'}], [7, {'name': 'ingredient', 'attr': 'Rice, white, long-grain, regular, enriched, cooked'}], [8, {'name': 'ingredient', 'attr': 'Pork, fresh, shoulder, (Boston butt), blade (steaks), separable lean only, cooked, braised'}], [9, {'name': 'ingredient', 'attr': 'Chicken, broiler, rotisserie, BBQ, thigh, meat only'}], [10, {'name': 'ingredient', 'attr': 'Chicken, broilers or fryers, dark meat, meat only, cooked, stewed'}], [11, {'name': 'food_nutrition_tag', 'attr': 'low_carb'}], [12, {'name': 'food_nutrition_tag', 'attr': 'low_sugar'}], [13, {'name': 'food_nutrition_tag', 'attr': 'high_sodium'}], [14, {'name': 'food_nutrition_tag', 'attr': 'high_protein'}], [15, {'name': 'food_nutrition_tag', 'attr': 'high_cholesterol'}], [0, {'name': 122127, 'attr': 'user'}], [16, {'name': 'dietary habit', 'attr': 'Drinks little or no milk'}], [17, {'name': 'dietary habit', 'attr': 'Eats lots of fish'}], [18, {'name': 'dietary habit', 'attr': 'Adds little to no salt at table'}], [19, {'name': 'dietary habit', 'attr': 'Light cigarette smoker'}], [20, {'name': 'dietary habit', 'attr': 'Eats little to no fast food'}], [21, {'name': 'dietary habit', 'attr': 'Eats little to no frozen food'}], [22, {'name': 'dietary habit', 'attr': 'Eats few to no ready to eat meals'}], [23, {'name': 'dietary habit', 'attr': 'Often check nutrition labels'}], [24, {'name': 'dietary habit', 'attr': 'Takes few or no supplements'}], [25, {'name': 'dietary habit', 'attr': 'Uses lots of salt in preparation'}], [26, {'name': 'dietary habit', 'attr': 'Drinks lots of water'}], [27, {'name': 'dietary habit', 'attr': 'Ate more food than usual'}], [28, {'name': 'dietary habit', 'attr': 'Ate less food than usual'}], [29, {'name': 'dietary habit', 'attr': 'Eats low salt diet'}], [30, {'name': 'dietary habit', 'attr': 'Eats gluten free diet'}], [31, {'name': 'status', 'attr': 'Sugar free/Low sugar diet'}], [32, {'name': 'status', 'attr': 'High protein diet'}]]","[[1, 'belongs to', 2], [1, 'has', 3], [1, 'has', 4], [1, 'has', 5], [1, 'has', 6], [1, 'has', 7], [1, 'has', 8], [1, 'has', 9], [1, 'has', 10], [1, 'belongs to', 11], [1, 'belongs to', 12], [1, 'belongs to', 13], [1, 'belongs to', 14], [1, 'belongs to', 15], [0, 'has', 16], [0, 'has', 17], [0, 'has', 18], [0, 'has', 19], [0, 'has', 20], [0, 'has', 21], [0, 'has', 22], [0, 'has', 23], [0, 'has', 24], [0, 'has', 25], [0, 'has', 26], [0, 'has', 27], [0, 'has', 28], [0, 'has', 29], [0, 'has', 30], [0, 'has', 31], [31, 'match', 12], [0, 'has', 32], [32, 'match', 14]]"
hard,"Based on the nutrients the food provides and the user needs, please answer whether the food ""Adobo, with rice"" is healthy for the user? Please answer with yes or no.",Yes,"Based on the nutrients the food provides and the user needs, please answer what nutrient tags are used to determine whether the food ""Adobo, with rice"" is healthy or unhealthy for the user?","low_carb, low_sugar, high_sodium, high_cholesterol, high_protein","Based on the nutrients the food provides and the user needs, please answer whether the food ""Adobo, with rice"" is healthy for the user? Please answer with a short sentence explaining why.","Yes, because the food is low in carb, low in sugar, high in protein. ","[[1, {'name': 58150530, 'attr': 'Adobo, with rice'}], [2, {'name': 'category', 'attr': 'Poultry mixed dishes'}], [3, {'name': 'ingredient', 'attr': 'Garlic, raw'}], [4, {'name': 'ingredient', 'attr': 'Soy sauce made from soy and wheat (shoyu)'}], [5, {'name': 'ingredient', 'attr': 'Salt, table, iodized'}], [6, {'name': 'ingredient', 'attr': 'Spices, pepper, black'}], [7, {'name': 'ingredient', 'attr': 'Rice, white, long-grain, regular, enriched, cooked'}], [8, {'name': 'ingredient', 'attr': 'Pork, fresh, shoulder, (Boston butt), blade (steaks), separable lean only, cooked, braised'}], [9, {'name': 'ingredient', 'attr': 'Chicken, broiler, rotisserie, BBQ, thigh, meat only'}], [10, {'name': 'ingredient', 'attr': 'Chicken, broilers or fryers, dark meat, meat only, cooked, stewed'}], [11, {'name': 'food_nutrition_tag', 'attr': 'low_carb'}], [12, {'name': 'food_nutrition_tag', 'attr': 'low_sugar'}], [13, {'name': 'food_nutrition_tag', 'attr': 'high_sodium'}], [14, {'name': 'food_nutrition_tag', 'attr': 'high_protein'}], [15, {'name': 'food_nutrition_tag', 'attr': 'high_cholesterol'}], [0, {'name': 70336, 'attr': 'user'}], [16, {'name': 'dietary habit', 'attr': 'Drinks lots of milk'}], [17, {'name': 'dietary habit', 'attr': 'Eats little or no shellfish'}], [18, {'name': 'dietary habit', 'attr': 'Eats little or no fish'}], [19, {'name': 'dietary habit', 'attr': 'Adds little to no salt at table'}], [20, {'name': 'dietary habit', 'attr': 'Drinks Alcohol less than average'}], [21, {'name': 'dietary habit', 'attr': 'Eats little to no frozen food'}], [22, {'name': 'dietary habit', 'attr': 'Eats few to no ready to eat meals'}], [23, {'name': 'dietary habit', 'attr': 'Takes few or no supplements'}], [24, {'name': 'dietary habit', 'attr': 'Uses little to no salt in preparation'}], [25, {'name': 'dietary habit', 'attr': 'Claims to have a poor diet'}], [26, {'name': 'dietary habit', 'attr': 'Ate more food than usual'}], [27, {'name': 'dietary habit', 'attr': 'Ate less food than usual'}], [28, {'name': 'dietary habit', 'attr': 'Eats weight loss diet'}], [29, {'name': 'dietary habit', 'attr': 'Eats low fat diet'}], [30, {'name': 'status', 'attr': 'opioid_misuse'}], [31, {'name': 'status', 'attr': 'diabetes'}], [32, {'name': 'status', 'attr': 'Weight loss/Low calorie diet'}], [33, {'name': 'user_nutrition_tag', 'attr': 'low_calorie'}], [34, {'name': 'status', 'attr': 'Low fat/Low cholesterol diet'}], [35, {'name': 'user_nutrition_tag', 'attr': 'low_saturated_fat'}], [36, {'name': 'status', 'attr': 'Low salt/Low sodium diet'}]]","[[1, 'belongs to', 2], [1, 'has', 3], [1, 'has', 4], [1, 'has', 5], [1, 'has', 6], [1, 'has', 7], [1, 'has', 8], [1, 'has', 9], [1, 'has', 10], [1, 'belongs to', 11], [1, 'belongs to', 12], [1, 'belongs to', 13], [1, 'belongs to', 14], [1, 'belongs to', 15], [0, 'has', 16], [0, 'has', 17], [0, 'has', 18], [0, 'has', 19], [0, 'has', 20], [0, 'has', 21], [0, 'has', 22], [0, 'has', 23], [0, 'has', 24], [0, 'has', 25], [0, 'has', 26], [0, 'has', 27], [0, 'has', 28], [0, 'has', 29], [0, 'has', 30], [30, 'match', 14], [30, 'match', 12], [30, 'contradict', 13], [0, 'has', 31], [31, 'match', 12], [31, 'match', 11], [0, 'has', 32], [32, 'need', 33], [0, 'has', 34], [34, 'contradict', 15], [34, 'need', 35], [0, 'has', 36], [36, 'contradict', 13]]"
hard,"Based on the nutrients the food provides and the user needs, please answer whether the food ""Adobo, with rice"" is healthy for the user? Please answer with yes or no.",Yes,"Based on the nutrients the food provides and the user needs, please answer what nutrient tags are used to determine whether the food ""Adobo, with rice"" is healthy or unhealthy for the user?","low_carb, low_sugar, high_sodium","Based on the nutrients the food provides and the user needs, please answer whether the food ""Adobo, with rice"" is healthy for the user? Please answer with a short sentence explaining why.","Yes, because the food is low in carb, low in sugar. ","[[1, {'name': 58150530, 'attr': 'Adobo, with rice'}], [2, {'name': 'category', 'attr': 'Poultry mixed dishes'}], [3, {'name': 'ingredient', 'attr': 'Garlic, raw'}], [4, {'name': 'ingredient', 'attr': 'Soy sauce made from soy and wheat (shoyu)'}], [5, {'name': 'ingredient', 'attr': 'Salt, table, iodized'}], [6, {'name': 'ingredient', 'attr': 'Spices, pepper, black'}], [7, {'name': 'ingredient', 'attr': 'Rice, white, long-grain, regular, enriched, cooked'}], [8, {'name': 'ingredient', 'attr': 'Pork, fresh, shoulder, (Boston butt), blade (steaks), separable lean only, cooked, braised'}], [9, {'name': 'ingredient', 'attr': 'Chicken, broiler, rotisserie, BBQ, thigh, meat only'}], [10, {'name': 'ingredient', 'attr': 'Chicken, broilers or fryers, dark meat, meat only, cooked, stewed'}], [11, {'name': 'food_nutrition_tag', 'attr': 'low_carb'}], [12, {'name': 'food_nutrition_tag', 'attr': 'low_sugar'}], [13, {'name': 'food_nutrition_tag', 'attr': 'high_sodium'}], [14, {'name': 'food_nutrition_tag', 'attr': 'high_protein'}], [15, {'name': 'food_nutrition_tag', 'attr': 'high_cholesterol'}], [0, {'name': 45137, 'attr': 'user'}], [16, {'name': 'dietary habit', 'attr': 'Drinks little or no milk'}], [17, {'name': 'dietary habit', 'attr': 'Eats lots of shellfish'}], [18, {'name': 'dietary habit', 'attr': 'Eats lots of fish'}], [19, {'name': 'dietary habit', 'attr': 'Adds little to no salt at table'}], [20, {'name': 'dietary habit', 'attr': 'Light cigarette smoker'}], [21, {'name': 'dietary habit', 'attr': 'Drinks Alcohol less than average'}], [22, {'name': 'dietary habit', 'attr': 'Eats little to no frozen food'}], [23, {'name': 'dietary habit', 'attr': 'Eats few to no ready to eat meals'}], [24, {'name': 'dietary habit', 'attr': 'Takes few or no supplements'}], [25, {'name': 'dietary habit', 'attr': 'Uses lots of salt in preparation'}], [26, {'name': 'dietary habit', 'attr': 'Claims to have a poor diet'}], [27, {'name': 'dietary habit', 'attr': 'Ate more food than usual'}], [28, {'name': 'status', 'attr': 'obesity'}], [29, {'name': 'user_nutrition_tag', 'attr': 'low_calorie'}], [30, {'name': 'status', 'attr': 'hypertension'}], [31, {'name': 'status', 'attr': 'diabetes'}]]","[[1, 'belongs to', 2], [1, 'has', 3], [1, 'has', 4], [1, 'has', 5], [1, 'has', 6], [1, 'has', 7], [1, 'has', 8], [1, 'has', 9], [1, 'has', 10], [1, 'belongs to', 11], [1, 'belongs to', 12], [1, 'belongs to', 13], [1, 'belongs to', 14], [1, 'belongs to', 15], [0, 'has', 16], [0, 'has', 17], [0, 'has', 18], [0, 'has', 19], [0, 'has', 20], [0, 'has', 21], [0, 'has', 22], [0, 'has', 23], [0, 'has', 24], [0, 'has', 25], [0, 'has', 26], [0, 'has', 27], [0, 'has', 28], [28, 'need', 29], [0, 'has', 30], [30, 'contradict', 13], [0, 'has', 31], [31, 'match', 12], [31, 'match', 11]]"
easy,"Based on the nutrients the food provides and the user needs, please answer whether the food ""Almond butter and jelly sandwich, on wheat bread"" is healthy for the user? Please answer with yes or no.",Yes,"Based on the nutrients the food provides and the user needs, please answer what nutrient tags are used to determine whether the food ""Almond butter and jelly sandwich, on wheat bread"" is healthy or unhealthy for the user?",low_cholesterol,"Based on the nutrients the food provides and the user needs, please answer whether the food ""Almond butter and jelly sandwich, on wheat bread"" is healthy for the user? Please answer with a short sentence explaining why.","Yes, because the food is low in cholesterol. ","[[1, {'name': 42304040, 'attr': 'Almond butter and jelly sandwich, on wheat bread'}], [2, {'name': 'category', 'attr': 'Peanut butter and jelly sandwiches'}], [3, {'name': 'ingredient', 'attr': 'Jellies'}], [4, {'name': 'ingredient', 'attr': 'Wheat bread as ingredient in sandwiches'}], [5, {'name': 'ingredient', 'attr': 'Nuts, almond butter, plain, with salt added'}], [6, {'name': 'food_nutrition_tag', 'attr': 'low_carb'}], [7, {'name': 'food_nutrition_tag', 'attr': 'high_sodium'}], [8, {'name': 'food_nutrition_tag', 'attr': 'high_calorie'}], [9, {'name': 'food_nutrition_tag', 'attr': 'low_cholesterol'}], [0, {'name': 60517, 'attr': 'user'}], [10, {'name': 'dietary habit', 'attr': 'Eats lots of shellfish'}], [11, {'name': 'dietary habit', 'attr': 'Eats lots of fish'}], [12, {'name': 'dietary habit', 'attr': 'Adds little to no salt at table'}], [13, {'name': 'dietary habit', 'attr': 'Eats often outside the home'}], [14, {'name': 'dietary habit', 'attr': 'Eats many ready to eat meals'}], [15, {'name': 'dietary habit', 'attr': 'Takes few or no supplements'}], [16, {'name': 'dietary habit', 'attr': 'Claims to have a good diet'}], [17, {'name': 'dietary habit', 'attr': 'Ate more food than usual'}], [18, {'name': 'dietary habit', 'attr': 'Ate less food than usual'}], [19, {'name': 'dietary habit', 'attr': 'Eats weight loss diet'}], [20, {'name': 'status', 'attr': 'Low fat/Low cholesterol diet'}], [21, {'name': 'user_nutrition_tag', 'attr': 'low_saturated_fat'}]]","[[1, 'belongs to', 2], [1, 'has', 3], [1, 'has', 4], [1, 'has', 5], [1, 'belongs to', 6], [1, 'belongs to', 7], [1, 'belongs to', 8], [1, 'belongs to', 9], [0, 'has', 10], [0, 'has', 11], [0, 'has', 12], [0, 'has', 13], [0, 'has', 14], [0, 'has', 15], [0, 'has', 16], [0, 'has', 17], [0, 'has', 18], [0, 'has', 19], [0, 'has', 20], [20, 'match', 9], [20, 'need', 21]]"
easy,"Based on the nutrients the food provides and the user needs, please answer whether the food ""Almond butter and jelly sandwich, on wheat bread"" is healthy for the user? Please answer with yes or no.",No,"Based on the nutrients the food provides and the user needs, please answer what nutrient tags are used to determine whether the food ""Almond butter and jelly sandwich, on wheat bread"" is healthy or unhealthy for the user?",high_calorie,"Based on the nutrients the food provides and the user needs, please answer whether the food ""Almond butter and jelly sandwich, on wheat bread"" is healthy for the user? Please answer with a short sentence explaining why.","No, because the food is high in calorie. ","[[1, {'name': 42304040, 'attr': 'Almond butter and jelly sandwich, on wheat bread'}], [2, {'name': 'category', 'attr': 'Peanut butter and jelly sandwiches'}], [3, {'name': 'ingredient', 'attr': 'Jellies'}], [4, {'name': 'ingredient', 'attr': 'Wheat bread as ingredient in sandwiches'}], [5, {'name': 'ingredient', 'attr': 'Nuts, almond butter, plain, with salt added'}], [6, {'name': 'food_nutrition_tag', 'attr': 'low_carb'}], [7, {'name': 'food_nutrition_tag', 'attr': 'high_sodium'}], [8, {'name': 'food_nutrition_tag', 'attr': 'high_calorie'}], [9, {'name': 'food_nutrition_tag', 'attr': 'low_cholesterol'}], [0, {'name': 46245, 'attr': 'user'}], [10, {'name': 'dietary habit', 'attr': 'Eats little or no shellfish'}], [11, {'name': 'dietary habit', 'attr': 'Drinks Alcohol more than average'}], [12, {'name': 'dietary habit', 'attr': 'Eats little to no frozen food'}], [13, {'name': 'dietary habit', 'attr': 'Eats few to no ready to eat meals'}], [14, {'name': 'dietary habit', 'attr': 'Ate more food than usual'}], [15, {'name': 'status', 'attr': 'obesity'}]]","[[1, 'belongs to', 2], [1, 'has', 3], [1, 'has', 4], [1, 'has', 5], [1, 'belongs to', 6], [1, 'belongs to', 7], [1, 'belongs to', 8], [1, 'belongs to', 9], [0, 'has', 10], [0, 'has', 11], [0, 'has', 12], [0, 'has', 13], [0, 'has', 14], [0, 'has', 15], [15, 'contradict', 8]]"
easy,"Based on the nutrients the food provides and the user needs, please answer whether the food ""Almond butter and jelly sandwich, on wheat bread"" is healthy for the user? Please answer with yes or no.",No,"Based on the nutrients the food provides and the user needs, please answer what nutrient tags are used to determine whether the food ""Almond butter and jelly sandwich, on wheat bread"" is healthy or unhealthy for the user?",high_sodium,"Based on the nutrients the food provides and the user needs, please answer whether the food ""Almond butter and jelly sandwich, on wheat bread"" is healthy for the user? Please answer with a short sentence explaining why.","No, because the food is high in sodium. ","[[1, {'name': 42304040, 'attr': 'Almond butter and jelly sandwich, on wheat bread'}], [2, {'name': 'category', 'attr': 'Peanut butter and jelly sandwiches'}], [3, {'name': 'ingredient', 'attr': 'Jellies'}], [4, {'name': 'ingredient', 'attr': 'Wheat bread as ingredient in sandwiches'}], [5, {'name': 'ingredient', 'attr': 'Nuts, almond butter, plain, with salt added'}], [6, {'name': 'food_nutrition_tag', 'attr': 'low_carb'}], [7, {'name': 'food_nutrition_tag', 'attr': 'high_sodium'}], [8, {'name': 'food_nutrition_tag', 'attr': 'high_calorie'}], [9, {'name': 'food_nutrition_tag', 'attr': 'low_cholesterol'}], [0, {'name': 50788, 'attr': 'user'}], [10, {'name': 'dietary habit', 'attr': 'Drinks lots of milk'}], [11, {'name': 'dietary habit', 'attr': 'Eats lots of fish'}], [12, {'name': 'dietary habit', 'attr': 'Light cigarette smoker'}], [13, {'name': 'dietary habit', 'attr': 'Drinks Alcohol less than average'}], [14, {'name': 'dietary habit', 'attr': 'Eats little to no frozen food'}], [15, {'name': 'dietary habit', 'attr': 'Eats few to no meals outside home'}], [16, {'name': 'dietary habit', 'attr': 'Takes more supplements'}], [17, {'name': 'dietary habit', 'attr': 'Uses little to no salt in preparation'}], [18, {'name': 'dietary habit', 'attr': 'Drinks little water'}], [19, {'name': 'dietary habit', 'attr': 'Claims to have a good diet'}], [20, {'name': 'dietary habit', 'attr': 'Ate more food than usual'}], [21, {'name': 'status', 'attr': 'hypertension'}]]","[[1, 'belongs to', 2], [1, 'has', 3], [1, 'has', 4], [1, 'has', 5], [1, 'belongs to', 6], [1, 'belongs to', 7], [1, 'belongs to', 8], [1, 'belongs to', 9], [0, 'has', 10], [0, 'has', 11], [0, 'has', 12], [0, 'has', 13], [0, 'has', 14], [0, 'has', 15], [0, 'has', 16], [0, 'has', 17], [0, 'has', 18], [0, 'has', 19], [0, 'has', 20], [0, 'has', 21], [21, 'contradict', 7]]"
easy,"Based on the nutrients the food provides and the user needs, please answer whether the food ""Almond butter and jelly sandwich, on wheat bread"" is healthy for the user? Please answer with yes or no.",No,"Based on the nutrients the food provides and the user needs, please answer what nutrient tags are used to determine whether the food ""Almond butter and jelly sandwich, on wheat bread"" is healthy or unhealthy for the user?",high_sodium,"Based on the nutrients the food provides and the user needs, please answer whether the food ""Almond butter and jelly sandwich, on wheat bread"" is healthy for the user? Please answer with a short sentence explaining why.","No, because the food is high in sodium. ","[[1, {'name': 42304040, 'attr': 'Almond butter and jelly sandwich, on wheat bread'}], [2, {'name': 'category', 'attr': 'Peanut butter and jelly sandwiches'}], [3, {'name': 'ingredient', 'attr': 'Jellies'}], [4, {'name': 'ingredient', 'attr': 'Wheat bread as ingredient in sandwiches'}], [5, {'name': 'ingredient', 'attr': 'Nuts, almond butter, plain, with salt added'}], [6, {'name': 'food_nutrition_tag', 'attr': 'low_carb'}], [7, {'name': 'food_nutrition_tag', 'attr': 'high_sodium'}], [8, {'name': 'food_nutrition_tag', 'attr': 'high_calorie'}], [9, {'name': 'food_nutrition_tag', 'attr': 'low_cholesterol'}], [0, {'name': 94892, 'attr': 'user'}], [10, {'name': 'dietary habit', 'attr': 'Eats lots of shellfish'}], [11, {'name': 'dietary habit', 'attr': 'Adds lots of salt at table'}], [12, {'name': 'dietary habit', 'attr': 'Uses tobacco often'}], [13, {'name': 'dietary habit', 'attr': 'Drinks Alcohol more than average'}], [14, {'name': 'dietary habit', 'attr': 'Eats little to no fast food'}], [15, {'name': 'dietary habit', 'attr': 'Eats little to no frozen food'}], [16, {'name': 'dietary habit', 'attr': 'Eats few to no ready to eat meals'}], [17, {'name': 'dietary habit', 'attr': 'Takes more supplements'}], [18, {'name': 'dietary habit', 'attr': 'Drinks little water'}], [19, {'name': 'dietary habit', 'attr': 'Claims to have a good diet'}], [20, {'name': 'dietary habit', 'attr': 'Ate more food than usual'}], [21, {'name': 'status', 'attr': 'opioid_misuse'}], [22, {'name': 'user_nutrition_tag', 'attr': 'high_protein'}], [23, {'name': 'user_nutrition_tag', 'attr': 'low_sugar'}]]","[[1, 'belongs to', 2], [1, 'has', 3], [1, 'has', 4], [1, 'has', 5], [1, 'belongs to', 6], [1, 'belongs to', 7], [1, 'belongs to', 8], [1, 'belongs to', 9], [0, 'has', 10], [0, 'has', 11], [0, 'has', 12], [0, 'has', 13], [0, 'has', 14], [0, 'has', 15], [0, 'has', 16], [0, 'has', 17], [0, 'has', 18], [0, 'has', 19], [0, 'has', 20], [0, 'has', 21], [21, 'need', 22], [21, 'need', 23], [21, 'contradict', 7]]"
easy,"Based on the nutrients the food provides and the user needs, please answer whether the food ""Almond butter and jelly sandwich, on wheat bread"" is healthy for the user? Please answer with yes or no.",Yes,"Based on the nutrients the food provides and the user needs, please answer what nutrient tags are used to determine whether the food ""Almond butter and jelly sandwich, on wheat bread"" is healthy or unhealthy for the user?",low_cholesterol,"Based on the nutrients the food provides and the user needs, please answer whether the food ""Almond butter and jelly sandwich, on wheat bread"" is healthy for the user? Please answer with a short sentence explaining why.","Yes, because the food is low in cholesterol. ","[[1, {'name': 42304040, 'attr': 'Almond butter and jelly sandwich, on wheat bread'}], [2, {'name': 'category', 'attr': 'Peanut butter and jelly sandwiches'}], [3, {'name': 'ingredient', 'attr': 'Jellies'}], [4, {'name': 'ingredient', 'attr': 'Wheat bread as ingredient in sandwiches'}], [5, {'name': 'ingredient', 'attr': 'Nuts, almond butter, plain, with salt added'}], [6, {'name': 'food_nutrition_tag', 'attr': 'low_carb'}], [7, {'name': 'food_nutrition_tag', 'attr': 'high_sodium'}], [8, {'name': 'food_nutrition_tag', 'attr': 'high_calorie'}], [9, {'name': 'food_nutrition_tag', 'attr': 'low_cholesterol'}], [0, {'name': 78289, 'attr': 'user'}], [10, {'name': 'dietary habit', 'attr': 'Drinks lots of milk'}], [11, {'name': 'dietary habit', 'attr': 'Eats little or no shellfish'}], [12, {'name': 'dietary habit', 'attr': 'Adds little to no salt at table'}], [13, {'name': 'dietary habit', 'attr': 'Light cigarette smoker'}], [14, {'name': 'dietary habit', 'attr': 'Eats little to no frozen food'}], [15, {'name': 'dietary habit', 'attr': 'Eats few to no meals outside home'}], [16, {'name': 'dietary habit', 'attr': 'Eats few to no ready to eat meals'}], [17, {'name': 'dietary habit', 'attr': 'Takes few or no supplements'}], [18, {'name': 'dietary habit', 'attr': 'Ate more food than usual'}], [19, {'name': 'dietary habit', 'attr': 'Ate less food than usual'}], [20, {'name': 'dietary habit', 'attr': 'Eats weight loss diet'}], [21, {'name': 'status', 'attr': 'Low fat/Low cholesterol diet'}], [22, {'name': 'user_nutrition_tag', 'attr': 'low_saturated_fat'}]]","[[1, 'belongs to', 2], [1, 'has', 3], [1, 'has', 4], [1, 'has', 5], [1, 'belongs to', 6], [1, 'belongs to', 7], [1, 'belongs to', 8], [1, 'belongs to', 9], [0, 'has', 10], [0, 'has', 11], [0, 'has', 12], [0, 'has', 13], [0, 'has', 14], [0, 'has', 15], [0, 'has', 16], [0, 'has', 17], [0, 'has', 18], [0, 'has', 19], [0, 'has', 20], [0, 'has', 21], [21, 'match', 9], [21, 'need', 22]]"
easy,"Based on the nutrients the food provides and the user needs, please answer whether the food ""Almond butter and jelly sandwich, on wheat bread"" is healthy for the user? Please answer with yes or no.",Yes,"Based on the nutrients the food provides and the user needs, please answer what nutrient tags are used to determine whether the food ""Almond butter and jelly sandwich, on wheat bread"" is healthy or unhealthy for the user?",low_carb,"Based on the nutrients the food provides and the user needs, please answer whether the food ""Almond butter and jelly sandwich, on wheat bread"" is healthy for the user? Please answer with a short sentence explaining why.","Yes, because the food is low in carb. ","[[1, {'name': 42304040, 'attr': 'Almond butter and jelly sandwich, on wheat bread'}], [2, {'name': 'category', 'attr': 'Peanut butter and jelly sandwiches'}], [3, {'name': 'ingredient', 'attr': 'Jellies'}], [4, {'name': 'ingredient', 'attr': 'Wheat bread as ingredient in sandwiches'}], [5, {'name': 'ingredient', 'attr': 'Nuts, almond butter, plain, with salt added'}], [6, {'name': 'food_nutrition_tag', 'attr': 'low_carb'}], [7, {'name': 'food_nutrition_tag', 'attr': 'high_sodium'}], [8, {'name': 'food_nutrition_tag', 'attr': 'high_calorie'}], [9, {'name': 'food_nutrition_tag', 'attr': 'low_cholesterol'}], [0, {'name': 124289, 'attr': 'user'}], [10, {'name': 'dietary habit', 'attr': 'Drinks lots of milk'}], [11, {'name': 'dietary habit', 'attr': 'Eats little or no shellfish'}], [12, {'name': 'dietary habit', 'attr': 'Eats little to no frozen food'}], [13, {'name': 'dietary habit', 'attr': 'Eats few to no meals outside home'}], [14, {'name': 'dietary habit', 'attr': 'Eats many ready to eat meals'}], [15, {'name': 'dietary habit', 'attr': 'Takes more supplements'}], [16, {'name': 'dietary habit', 'attr': 'Uses little to no salt in preparation'}], [17, {'name': 'dietary habit', 'attr': 'Claims to have a good diet'}], [18, {'name': 'dietary habit', 'attr': 'Ate more food than usual'}], [19, {'name': 'dietary habit', 'attr': 'Ate less food than usual'}], [20, {'name': 'dietary habit', 'attr': 'Eats high fiber diet'}], [21, {'name': 'status', 'attr': 'Diabetic diet'}], [22, {'name': 'user_nutrition_tag', 'attr': 'low_sugar'}]]","[[1, 'belongs to', 2], [1, 'has', 3], [1, 'has', 4], [1, 'has', 5], [1, 'belongs to', 6], [1, 'belongs to', 7], [1, 'belongs to', 8], [1, 'belongs to', 9], [0, 'has', 10], [0, 'has', 11], [0, 'has', 12], [0, 'has', 13], [0, 'has', 14], [0, 'has', 15], [0, 'has', 16], [0, 'has', 17], [0, 'has', 18], [0, 'has', 19], [0, 'has', 20], [0, 'has', 21], [21, 'need', 22], [21, 'match', 6]]"
easy,"Based on the nutrients the food provides and the user needs, please answer whether the food ""Almond butter and jelly sandwich, on wheat bread"" is healthy for the user? Please answer with yes or no.",No,"Based on the nutrients the food provides and the user needs, please answer what nutrient tags are used to determine whether the food ""Almond butter and jelly sandwich, on wheat bread"" is healthy or unhealthy for the user?",high_sodium,"Based on the nutrients the food provides and the user needs, please answer whether the food ""Almond butter and jelly sandwich, on wheat bread"" is healthy for the user? Please answer with a short sentence explaining why.","No, because the food is high in sodium. ","[[1, {'name': 42304040, 'attr': 'Almond butter and jelly sandwich, on wheat bread'}], [2, {'name': 'category', 'attr': 'Peanut butter and jelly sandwiches'}], [3, {'name': 'ingredient', 'attr': 'Jellies'}], [4, {'name': 'ingredient', 'attr': 'Wheat bread as ingredient in sandwiches'}], [5, {'name': 'ingredient', 'attr': 'Nuts, almond butter, plain, with salt added'}], [6, {'name': 'food_nutrition_tag', 'attr': 'low_carb'}], [7, {'name': 'food_nutrition_tag', 'attr': 'high_sodium'}], [8, {'name': 'food_nutrition_tag', 'attr': 'high_calorie'}], [9, {'name': 'food_nutrition_tag', 'attr': 'low_cholesterol'}], [0, {'name': 113893, 'attr': 'user'}], [10, {'name': 'dietary habit', 'attr': 'Drinks little or no milk'}], [11, {'name': 'dietary habit', 'attr': 'Eats little or no shellfish'}], [12, {'name': 'dietary habit', 'attr': 'Eats little or no fish'}], [13, {'name': 'dietary habit', 'attr': 'Adds lots of salt at table'}], [14, {'name': 'dietary habit', 'attr': 'Heavy cigarette smoker'}], [15, {'name': 'dietary habit', 'attr': 'Eats little to no frozen food'}], [16, {'name': 'dietary habit', 'attr': 'Eats often outside the home'}], [17, {'name': 'dietary habit', 'attr': 'Takes few or no supplements'}], [18, {'name': 'dietary habit', 'attr': 'Uses lots of salt in preparation'}], [19, {'name': 'dietary habit', 'attr': 'Claims to have a poor diet'}], [20, {'name': 'dietary habit', 'attr': 'Ate more food than usual'}], [21, {'name': 'status', 'attr': 'hypertension'}]]","[[1, 'belongs to', 2], [1, 'has', 3], [1, 'has', 4], [1, 'has', 5], [1, 'belongs to', 6], [1, 'belongs to', 7], [1, 'belongs to', 8], [1, 'belongs to', 9], [0, 'has', 10], [0, 'has', 11], [0, 'has', 12], [0, 'has', 13], [0, 'has', 14], [0, 'has', 15], [0, 'has', 16], [0, 'has', 17], [0, 'has', 18], [0, 'has', 19], [0, 'has', 20], [0, 'has', 21], [21, 'contradict', 7]]"
easy,"Based on the nutrients the food provides and the user needs, please answer whether the food ""Almond butter and jelly sandwich, on wheat bread"" is healthy for the user? Please answer with yes or no.",No,"Based on the nutrients the food provides and the user needs, please answer what nutrient tags are used to determine whether the food ""Almond butter and jelly sandwich, on wheat bread"" is healthy or unhealthy for the user?",high_calorie,"Based on the nutrients the food provides and the user needs, please answer whether the food ""Almond butter and jelly sandwich, on wheat bread"" is healthy for the user? Please answer with a short sentence explaining why.","No, because the food is high in calorie. ","[[1, {'name': 42304040, 'attr': 'Almond butter and jelly sandwich, on wheat bread'}], [2, {'name': 'category', 'attr': 'Peanut butter and jelly sandwiches'}], [3, {'name': 'ingredient', 'attr': 'Jellies'}], [4, {'name': 'ingredient', 'attr': 'Wheat bread as ingredient in sandwiches'}], [5, {'name': 'ingredient', 'attr': 'Nuts, almond butter, plain, with salt added'}], [6, {'name': 'food_nutrition_tag', 'attr': 'low_carb'}], [7, {'name': 'food_nutrition_tag', 'attr': 'high_sodium'}], [8, {'name': 'food_nutrition_tag', 'attr': 'high_calorie'}], [9, {'name': 'food_nutrition_tag', 'attr': 'low_cholesterol'}], [0, {'name': 45383, 'attr': 'user'}], [10, {'name': 'dietary habit', 'attr': 'Drinks lots of milk'}], [11, {'name': 'dietary habit', 'attr': 'Eats little or no fish'}], [12, {'name': 'dietary habit', 'attr': 'Adds little to no salt at table'}], [13, {'name': 'dietary habit', 'attr': 'Uses tobacco often'}], [14, {'name': 'dietary habit', 'attr': 'Drinks Alcohol more than average'}], [15, {'name': 'dietary habit', 'attr': 'Eats few to no meals outside home'}], [16, {'name': 'dietary habit', 'attr': 'Eats few to no ready to eat meals'}], [17, {'name': 'dietary habit', 'attr': 'Takes few or no supplements'}], [18, {'name': 'dietary habit', 'attr': 'Claims to have a poor diet'}], [19, {'name': 'dietary habit', 'attr': 'Ate more food than usual'}], [20, {'name': 'dietary habit', 'attr': 'Ate less food than usual'}], [21, {'name': 'status', 'attr': 'obesity'}], [22, {'name': 'status', 'attr': 'Weight loss/Low calorie diet'}]]","[[1, 'belongs to', 2], [1, 'has', 3], [1, 'has', 4], [1, 'has', 5], [1, 'belongs to', 6], [1, 'belongs to', 7], [1, 'belongs to', 8], [1, 'belongs to', 9], [0, 'has', 10], [0, 'has', 11], [0, 'has', 12], [0, 'has', 13], [0, 'has', 14], [0, 'has', 15], [0, 'has', 16], [0, 'has', 17], [0, 'has', 18], [0, 'has', 19], [0, 'has', 20], [0, 'has', 21], [21, 'contradict', 8], [0, 'has', 22], [22, 'contradict', 8]]"
easy,"Based on the nutrients the food provides and the user needs, please answer whether the food ""Almond butter and jelly sandwich, on wheat bread"" is healthy for the user? Please answer with yes or no.",Yes,"Based on the nutrients the food provides and the user needs, please answer what nutrient tags are used to determine whether the food ""Almond butter and jelly sandwich, on wheat bread"" is healthy or unhealthy for the user?",low_carb,"Based on the nutrients the food provides and the user needs, please answer whether the food ""Almond butter and jelly sandwich, on wheat bread"" is healthy for the user? Please answer with a short sentence explaining why.","Yes, because the food is low in carb. ","[[1, {'name': 42304040, 'attr': 'Almond butter and jelly sandwich, on wheat bread'}], [2, {'name': 'category', 'attr': 'Peanut butter and jelly sandwiches'}], [3, {'name': 'ingredient', 'attr': 'Jellies'}], [4, {'name': 'ingredient', 'attr': 'Wheat bread as ingredient in sandwiches'}], [5, {'name': 'ingredient', 'attr': 'Nuts, almond butter, plain, with salt added'}], [6, {'name': 'food_nutrition_tag', 'attr': 'low_carb'}], [7, {'name': 'food_nutrition_tag', 'attr': 'high_sodium'}], [8, {'name': 'food_nutrition_tag', 'attr': 'high_calorie'}], [9, {'name': 'food_nutrition_tag', 'attr': 'low_cholesterol'}], [0, {'name': 68198, 'attr': 'user'}], [10, {'name': 'dietary habit', 'attr': 'Eats little or no shellfish'}], [11, {'name': 'dietary habit', 'attr': 'Drinks Alcohol less than average'}], [12, {'name': 'dietary habit', 'attr': 'Eats lots of frozen food'}], [13, {'name': 'dietary habit', 'attr': 'Eats few to no ready to eat meals'}], [14, {'name': 'dietary habit', 'attr': 'Takes few or no supplements'}], [15, {'name': 'dietary habit', 'attr': 'Uses lots of salt in preparation'}], [16, {'name': 'dietary habit', 'attr': 'Claims to have a poor diet'}], [17, {'name': 'dietary habit', 'attr': 'Ate more food than usual'}], [18, {'name': 'status', 'attr': 'diabetes'}], [19, {'name': 'user_nutrition_tag', 'attr': 'low_sugar'}]]","[[1, 'belongs to', 2], [1, 'has', 3], [1, 'has', 4], [1, 'has', 5], [1, 'belongs to', 6], [1, 'belongs to', 7], [1, 'belongs to', 8], [1, 'belongs to', 9], [0, 'has', 10], [0, 'has', 11], [0, 'has', 12], [0, 'has', 13], [0, 'has', 14], [0, 'has', 15], [0, 'has', 16], [0, 'has', 17], [0, 'has', 18], [18, 'need', 19], [18, 'match', 6]]"
easy,"Based on the nutrients the food provides and the user needs, please answer whether the food ""Almond butter and jelly sandwich, on wheat bread"" is healthy for the user? Please answer with yes or no.",Yes,"Based on the nutrients the food provides and the user needs, please answer what nutrient tags are used to determine whether the food ""Almond butter and jelly sandwich, on wheat bread"" is healthy or unhealthy for the user?",low_cholesterol,"Based on the nutrients the food provides and the user needs, please answer whether the food ""Almond butter and jelly sandwich, on wheat bread"" is healthy for the user? Please answer with a short sentence explaining why.","Yes, because the food is low in cholesterol. ","[[1, {'name': 42304040, 'attr': 'Almond butter and jelly sandwich, on wheat bread'}], [2, {'name': 'category', 'attr': 'Peanut butter and jelly sandwiches'}], [3, {'name': 'ingredient', 'attr': 'Jellies'}], [4, {'name': 'ingredient', 'attr': 'Wheat bread as ingredient in sandwiches'}], [5, {'name': 'ingredient', 'attr': 'Nuts, almond butter, plain, with salt added'}], [6, {'name': 'food_nutrition_tag', 'attr': 'low_carb'}], [7, {'name': 'food_nutrition_tag', 'attr': 'high_sodium'}], [8, {'name': 'food_nutrition_tag', 'attr': 'high_calorie'}], [9, {'name': 'food_nutrition_tag', 'attr': 'low_cholesterol'}], [0, {'name': 74134, 'attr': 'user'}], [10, {'name': 'dietary habit', 'attr': 'Drinks little or no milk'}], [11, {'name': 'dietary habit', 'attr': 'Eats little to no frozen food'}], [12, {'name': 'dietary habit', 'attr': 'Eats few to no meals outside home'}], [13, {'name': 'dietary habit', 'attr': 'Eats few to no ready to eat meals'}], [14, {'name': 'dietary habit', 'attr': 'Takes few or no supplements'}], [15, {'name': 'dietary habit', 'attr': 'Drinks lots of water'}], [16, {'name': 'dietary habit', 'attr': 'Claims to have a good diet'}], [17, {'name': 'dietary habit', 'attr': 'Ate more food than usual'}], [18, {'name': 'dietary habit', 'attr': 'Ate less food than usual'}], [19, {'name': 'dietary habit', 'attr': 'Eats weight loss diet'}], [20, {'name': 'status', 'attr': 'Low fat/Low cholesterol diet'}], [21, {'name': 'user_nutrition_tag', 'attr': 'low_saturated_fat'}]]","[[1, 'belongs to', 2], [1, 'has', 3], [1, 'has', 4], [1, 'has', 5], [1, 'belongs to', 6], [1, 'belongs to', 7], [1, 'belongs to', 8], [1, 'belongs to', 9], [0, 'has', 10], [0, 'has', 11], [0, 'has', 12], [0, 'has', 13], [0, 'has', 14], [0, 'has', 15], [0, 'has', 16], [0, 'has', 17], [0, 'has', 18], [0, 'has', 19], [0, 'has', 20], [20, 'match', 9], [20, 'need', 21]]"
medium,"Based on the nutrients the food provides and the user needs, please answer whether the food ""Almond butter and jelly sandwich, on wheat bread"" is healthy for the user? Please answer with yes or no.",No,"Based on the nutrients the food provides and the user needs, please answer what nutrient tags are used to determine whether the food ""Almond butter and jelly sandwich, on wheat bread"" is healthy or unhealthy for the user?","high_sodium, high_calorie","Based on the nutrients the food provides and the user needs, please answer whether the food ""Almond butter and jelly sandwich, on wheat bread"" is healthy for the user? Please answer with a short sentence explaining why.","No, because the food is high in sodium, high in calorie. ","[[1, {'name': 42304040, 'attr': 'Almond butter and jelly sandwich, on wheat bread'}], [2, {'name': 'category', 'attr': 'Peanut butter and jelly sandwiches'}], [3, {'name': 'ingredient', 'attr': 'Jellies'}], [4, {'name': 'ingredient', 'attr': 'Wheat bread as ingredient in sandwiches'}], [5, {'name': 'ingredient', 'attr': 'Nuts, almond butter, plain, with salt added'}], [6, {'name': 'food_nutrition_tag', 'attr': 'low_carb'}], [7, {'name': 'food_nutrition_tag', 'attr': 'high_sodium'}], [8, {'name': 'food_nutrition_tag', 'attr': 'high_calorie'}], [9, {'name': 'food_nutrition_tag', 'attr': 'low_cholesterol'}], [0, {'name': 44291, 'attr': 'user'}], [10, {'name': 'dietary habit', 'attr': 'Drinks little or no milk'}], [11, {'name': 'dietary habit', 'attr': 'Eats little or no shellfish'}], [12, {'name': 'dietary habit', 'attr': 'Eats little or no fish'}], [13, {'name': 'dietary habit', 'attr': 'Uses tobacco often'}], [14, {'name': 'dietary habit', 'attr': 'Drinks Alcohol more than average'}], [15, {'name': 'dietary habit', 'attr': 'Eats few to no meals outside home'}], [16, {'name': 'dietary habit', 'attr': 'Uses little to no salt in preparation'}], [17, {'name': 'dietary habit', 'attr': 'Drinks little water'}], [18, {'name': 'dietary habit', 'attr': 'Ate more food than usual'}], [19, {'name': 'dietary habit', 'attr': 'Ate less food than usual'}], [20, {'name': 'status', 'attr': 'opioid_misuse'}], [21, {'name': 'user_nutrition_tag', 'attr': 'high_protein'}], [22, {'name': 'user_nutrition_tag', 'attr': 'low_sugar'}], [23, {'name': 'status', 'attr': 'Weight loss/Low calorie diet'}]]","[[1, 'belongs to', 2], [1, 'has', 3], [1, 'has', 4], [1, 'has', 5], [1, 'belongs to', 6], [1, 'belongs to', 7], [1, 'belongs to', 8], [1, 'belongs to', 9], [0, 'has', 10], [0, 'has', 11], [0, 'has', 12], [0, 'has', 13], [0, 'has', 14], [0, 'has', 15], [0, 'has', 16], [0, 'has', 17], [0, 'has', 18], [0, 'has', 19], [0, 'has', 20], [20, 'need', 21], [20, 'need', 22], [20, 'contradict', 7], [0, 'has', 23], [23, 'contradict', 8]]"
medium,"Based on the nutrients the food provides and the user needs, please answer whether the food ""Almond butter and jelly sandwich, on wheat bread"" is healthy for the user? Please answer with yes or no.",Yes,"Based on the nutrients the food provides and the user needs, please answer what nutrient tags are used to determine whether the food ""Almond butter and jelly sandwich, on wheat bread"" is healthy or unhealthy for the user?","low_carb, low_cholesterol","Based on the nutrients the food provides and the user needs, please answer whether the food ""Almond butter and jelly sandwich, on wheat bread"" is healthy for the user? Please answer with a short sentence explaining why.","Yes, because the food is low in carb, low in cholesterol. ","[[1, {'name': 42304040, 'attr': 'Almond butter and jelly sandwich, on wheat bread'}], [2, {'name': 'category', 'attr': 'Peanut butter and jelly sandwiches'}], [3, {'name': 'ingredient', 'attr': 'Jellies'}], [4, {'name': 'ingredient', 'attr': 'Wheat bread as ingredient in sandwiches'}], [5, {'name': 'ingredient', 'attr': 'Nuts, almond butter, plain, with salt added'}], [6, {'name': 'food_nutrition_tag', 'attr': 'low_carb'}], [7, {'name': 'food_nutrition_tag', 'attr': 'high_sodium'}], [8, {'name': 'food_nutrition_tag', 'attr': 'high_calorie'}], [9, {'name': 'food_nutrition_tag', 'attr': 'low_cholesterol'}], [0, {'name': 59090, 'attr': 'user'}], [10, {'name': 'dietary habit', 'attr': 'Drinks lots of milk'}], [11, {'name': 'dietary habit', 'attr': 'Eats lots of shellfish'}], [12, {'name': 'dietary habit', 'attr': 'Eats lots of fish'}], [13, {'name': 'dietary habit', 'attr': 'Adds little to no salt at table'}], [14, {'name': 'dietary habit', 'attr': 'Drinks Alcohol less than average'}], [15, {'name': 'dietary habit', 'attr': 'Eats little to no frozen food'}], [16, {'name': 'dietary habit', 'attr': 'Eats few to no ready to eat meals'}], [17, {'name': 'dietary habit', 'attr': 'Often check nutrition labels'}], [18, {'name': 'dietary habit', 'attr': 'Takes more supplements'}], [19, {'name': 'dietary habit', 'attr': 'Uses lots of salt in preparation'}], [20, {'name': 'dietary habit', 'attr': 'Drinks lots of water'}], [21, {'name': 'dietary habit', 'attr': 'Ate more food than usual'}], [22, {'name': 'dietary habit', 'attr': 'Ate less food than usual'}], [23, {'name': 'dietary habit', 'attr': 'Eats weight loss diet'}], [24, {'name': 'dietary habit', 'attr': 'Eats low salt diet'}], [25, {'name': 'dietary habit', 'attr': 'Eats high protein diet'}], [26, {'name': 'status', 'attr': 'Low fat/Low cholesterol diet'}], [27, {'name': 'user_nutrition_tag', 'attr': 'low_saturated_fat'}], [28, {'name': 'status', 'attr': 'Sugar free/Low sugar diet'}], [29, {'name': 'user_nutrition_tag', 'attr': 'low_sugar'}], [30, {'name': 'status', 'attr': 'Low carbohydrate diet'}]]","[[1, 'belongs to', 2], [1, 'has', 3], [1, 'has', 4], [1, 'has', 5], [1, 'belongs to', 6], [1, 'belongs to', 7], [1, 'belongs to', 8], [1, 'belongs to', 9], [0, 'has', 10], [0, 'has', 11], [0, 'has', 12], [0, 'has', 13], [0, 'has', 14], [0, 'has', 15], [0, 'has', 16], [0, 'has', 17], [0, 'has', 18], [0, 'has', 19], [0, 'has', 20], [0, 'has', 21], [0, 'has', 22], [0, 'has', 23], [0, 'has', 24], [0, 'has', 25], [0, 'has', 26], [26, 'match', 9], [26, 'need', 27], [0, 'has', 28], [28, 'need', 29], [0, 'has', 30], [30, 'match', 6]]"
medium,"Based on the nutrients the food provides and the user needs, please answer whether the food ""Almond butter and jelly sandwich, on wheat bread"" is healthy for the user? Please answer with yes or no.",Yes,"Based on the nutrients the food provides and the user needs, please answer what nutrient tags are used to determine whether the food ""Almond butter and jelly sandwich, on wheat bread"" is healthy or unhealthy for the user?","low_carb, low_cholesterol","Based on the nutrients the food provides and the user needs, please answer whether the food ""Almond butter and jelly sandwich, on wheat bread"" is healthy for the user? Please answer with a short sentence explaining why.","Yes, because the food is low in carb, low in cholesterol. ","[[1, {'name': 42304040, 'attr': 'Almond butter and jelly sandwich, on wheat bread'}], [2, {'name': 'category', 'attr': 'Peanut butter and jelly sandwiches'}], [3, {'name': 'ingredient', 'attr': 'Jellies'}], [4, {'name': 'ingredient', 'attr': 'Wheat bread as ingredient in sandwiches'}], [5, {'name': 'ingredient', 'attr': 'Nuts, almond butter, plain, with salt added'}], [6, {'name': 'food_nutrition_tag', 'attr': 'low_carb'}], [7, {'name': 'food_nutrition_tag', 'attr': 'high_sodium'}], [8, {'name': 'food_nutrition_tag', 'attr': 'high_calorie'}], [9, {'name': 'food_nutrition_tag', 'attr': 'low_cholesterol'}], [0, {'name': 80890, 'attr': 'user'}], [10, {'name': 'dietary habit', 'attr': 'Drinks lots of milk'}], [11, {'name': 'dietary habit', 'attr': 'Eats little or no shellfish'}], [12, {'name': 'dietary habit', 'attr': 'Adds little to no salt at table'}], [13, {'name': 'dietary habit', 'attr': 'Eats little to no frozen food'}], [14, {'name': 'dietary habit', 'attr': 'Eats few to no meals outside home'}], [15, {'name': 'dietary habit', 'attr': 'Eats few to no ready to eat meals'}], [16, {'name': 'dietary habit', 'attr': 'Takes more supplements'}], [17, {'name': 'dietary habit', 'attr': 'Uses little to no salt in preparation'}], [18, {'name': 'dietary habit', 'attr': 'Ate more food than usual'}], [19, {'name': 'dietary habit', 'attr': 'Ate less food than usual'}], [20, {'name': 'dietary habit', 'attr': 'Eats weight loss diet'}], [21, {'name': 'dietary habit', 'attr': 'Eats low salt diet'}], [22, {'name': 'status', 'attr': 'diabetes'}], [23, {'name': 'user_nutrition_tag', 'attr': 'low_sugar'}], [24, {'name': 'status', 'attr': 'Low fat/Low cholesterol diet'}], [25, {'name': 'user_nutrition_tag', 'attr': 'low_saturated_fat'}], [26, {'name': 'status', 'attr': 'Sugar free/Low sugar diet'}], [27, {'name': 'user_nutrition_tag', 'attr': 'low_sugar'}]]","[[1, 'belongs to', 2], [1, 'has', 3], [1, 'has', 4], [1, 'has', 5], [1, 'belongs to', 6], [1, 'belongs to', 7], [1, 'belongs to', 8], [1, 'belongs to', 9], [0, 'has', 10], [0, 'has', 11], [0, 'has', 12], [0, 'has', 13], [0, 'has', 14], [0, 'has', 15], [0, 'has', 16], [0, 'has', 17], [0, 'has', 18], [0, 'has', 19], [0, 'has', 20], [0, 'has', 21], [0, 'has', 22], [22, 'need', 23], [22, 'match', 6], [0, 'has', 24], [24, 'match', 9], [24, 'need', 25], [0, 'has', 26], [26, 'need', 27]]"
medium,"Based on the nutrients the food provides and the user needs, please answer whether the food ""Almond butter and jelly sandwich, on wheat bread"" is healthy for the user? Please answer with yes or no.",No,"Based on the nutrients the food provides and the user needs, please answer what nutrient tags are used to determine whether the food ""Almond butter and jelly sandwich, on wheat bread"" is healthy or unhealthy for the user?","high_sodium, high_calorie","Based on the nutrients the food provides and the user needs, please answer whether the food ""Almond butter and jelly sandwich, on wheat bread"" is healthy for the user? Please answer with a short sentence explaining why.","No, because the food is high in sodium, high in calorie. ","[[1, {'name': 42304040, 'attr': 'Almond butter and jelly sandwich, on wheat bread'}], [2, {'name': 'category', 'attr': 'Peanut butter and jelly sandwiches'}], [3, {'name': 'ingredient', 'attr': 'Jellies'}], [4, {'name': 'ingredient', 'attr': 'Wheat bread as ingredient in sandwiches'}], [5, {'name': 'ingredient', 'attr': 'Nuts, almond butter, plain, with salt added'}], [6, {'name': 'food_nutrition_tag', 'attr': 'low_carb'}], [7, {'name': 'food_nutrition_tag', 'attr': 'high_sodium'}], [8, {'name': 'food_nutrition_tag', 'attr': 'high_calorie'}], [9, {'name': 'food_nutrition_tag', 'attr': 'low_cholesterol'}], [0, {'name': 122418, 'attr': 'user'}], [10, {'name': 'dietary habit', 'attr': 'Eats little or no shellfish'}], [11, {'name': 'dietary habit', 'attr': 'Eats little or no fish'}], [12, {'name': 'dietary habit', 'attr': 'Eats little to no frozen food'}], [13, {'name': 'dietary habit', 'attr': 'Eats few to no meals outside home'}], [14, {'name': 'dietary habit', 'attr': 'Takes few or no supplements'}], [15, {'name': 'dietary habit', 'attr': 'Uses little to no salt in preparation'}], [16, {'name': 'dietary habit', 'attr': 'Claims to have a poor diet'}], [17, {'name': 'dietary habit', 'attr': 'Ate more food than usual'}], [18, {'name': 'dietary habit', 'attr': 'Ate less food than usual'}], [19, {'name': 'status', 'attr': 'hypertension'}], [20, {'name': 'status', 'attr': 'Weight loss/Low calorie diet'}]]","[[1, 'belongs to', 2], [1, 'has', 3], [1, 'has', 4], [1, 'has', 5], [1, 'belongs to', 6], [1, 'belongs to', 7], [1, 'belongs to', 8], [1, 'belongs to', 9], [0, 'has', 10], [0, 'has', 11], [0, 'has', 12], [0, 'has', 13], [0, 'has', 14], [0, 'has', 15], [0, 'has', 16], [0, 'has', 17], [0, 'has', 18], [0, 'has', 19], [19, 'contradict', 7], [0, 'has', 20], [20, 'contradict', 8]]"
medium,"Based on the nutrients the food provides and the user needs, please answer whether the food ""Almond butter and jelly sandwich, on wheat bread"" is healthy for the user? Please answer with yes or no.",No,"Based on the nutrients the food provides and the user needs, please answer what nutrient tags are used to determine whether the food ""Almond butter and jelly sandwich, on wheat bread"" is healthy or unhealthy for the user?","high_sodium, high_calorie","Based on the nutrients the food provides and the user needs, please answer whether the food ""Almond butter and jelly sandwich, on wheat bread"" is healthy for the user? Please answer with a short sentence explaining why.","No, because the food is high in sodium, high in calorie. ","[[1, {'name': 42304040, 'attr': 'Almond butter and jelly sandwich, on wheat bread'}], [2, {'name': 'category', 'attr': 'Peanut butter and jelly sandwiches'}], [3, {'name': 'ingredient', 'attr': 'Jellies'}], [4, {'name': 'ingredient', 'attr': 'Wheat bread as ingredient in sandwiches'}], [5, {'name': 'ingredient', 'attr': 'Nuts, almond butter, plain, with salt added'}], [6, {'name': 'food_nutrition_tag', 'attr': 'low_carb'}], [7, {'name': 'food_nutrition_tag', 'attr': 'high_sodium'}], [8, {'name': 'food_nutrition_tag', 'attr': 'high_calorie'}], [9, {'name': 'food_nutrition_tag', 'attr': 'low_cholesterol'}], [0, {'name': 68739, 'attr': 'user'}], [10, {'name': 'dietary habit', 'attr': 'Drinks lots of milk'}], [11, {'name': 'dietary habit', 'attr': 'Eats little or no shellfish'}], [12, {'name': 'dietary habit', 'attr': 'Adds little to no salt at table'}], [13, {'name': 'dietary habit', 'attr': 'Light cigarette smoker'}], [14, {'name': 'dietary habit', 'attr': 'Drinks Alcohol less than average'}], [15, {'name': 'dietary habit', 'attr': 'Eats few to no meals outside home'}], [16, {'name': 'dietary habit', 'attr': 'Eats few to no ready to eat meals'}], [17, {'name': 'dietary habit', 'attr': 'Ate more food than usual'}], [18, {'name': 'status', 'attr': 'obesity'}], [19, {'name': 'status', 'attr': 'hypertension'}]]","[[1, 'belongs to', 2], [1, 'has', 3], [1, 'has', 4], [1, 'has', 5], [1, 'belongs to', 6], [1, 'belongs to', 7], [1, 'belongs to', 8], [1, 'belongs to', 9], [0, 'has', 10], [0, 'has', 11], [0, 'has', 12], [0, 'has', 13], [0, 'has', 14], [0, 'has', 15], [0, 'has', 16], [0, 'has', 17], [0, 'has', 18], [18, 'contradict', 8], [0, 'has', 19], [19, 'contradict', 7]]"
hard,"Based on the nutrients the food provides and the user needs, please answer whether the food ""Almond butter and jelly sandwich, on wheat bread"" is healthy for the user? Please answer with yes or no.",No,"Based on the nutrients the food provides and the user needs, please answer what nutrient tags are used to determine whether the food ""Almond butter and jelly sandwich, on wheat bread"" is healthy or unhealthy for the user?","low_carb, high_calorie","Based on the nutrients the food provides and the user needs, please answer whether the food ""Almond butter and jelly sandwich, on wheat bread"" is healthy for the user? Please answer with a short sentence explaining why.","No, because the food is high in calorie. ","[[1, {'name': 42304040, 'attr': 'Almond butter and jelly sandwich, on wheat bread'}], [2, {'name': 'category', 'attr': 'Peanut butter and jelly sandwiches'}], [3, {'name': 'ingredient', 'attr': 'Jellies'}], [4, {'name': 'ingredient', 'attr': 'Wheat bread as ingredient in sandwiches'}], [5, {'name': 'ingredient', 'attr': 'Nuts, almond butter, plain, with salt added'}], [6, {'name': 'food_nutrition_tag', 'attr': 'low_carb'}], [7, {'name': 'food_nutrition_tag', 'attr': 'high_sodium'}], [8, {'name': 'food_nutrition_tag', 'attr': 'high_calorie'}], [9, {'name': 'food_nutrition_tag', 'attr': 'low_cholesterol'}], [0, {'name': 97752, 'attr': 'user'}], [10, {'name': 'dietary habit', 'attr': 'Drinks little or no milk'}], [11, {'name': 'dietary habit', 'attr': 'Eats little or no shellfish'}], [12, {'name': 'dietary habit', 'attr': 'Eats little or no fish'}], [13, {'name': 'dietary habit', 'attr': 'Adds little to no salt at table'}], [14, {'name': 'dietary habit', 'attr': 'Eats little to no frozen food'}], [15, {'name': 'dietary habit', 'attr': 'Eats few to no meals outside home'}], [16, {'name': 'dietary habit', 'attr': 'Eats many ready to eat meals'}], [17, {'name': 'dietary habit', 'attr': 'Uses little to no salt in preparation'}], [18, {'name': 'dietary habit', 'attr': 'Claims to have a good diet'}], [19, {'name': 'dietary habit', 'attr': 'Ate more food than usual'}], [20, {'name': 'dietary habit', 'attr': 'Ate less food than usual'}], [21, {'name': 'status', 'attr': 'obesity'}], [22, {'name': 'status', 'attr': 'diabetes'}], [23, {'name': 'user_nutrition_tag', 'attr': 'low_sugar'}], [24, {'name': 'status', 'attr': 'Weight loss/Low calorie diet'}]]","[[1, 'belongs to', 2], [1, 'has', 3], [1, 'has', 4], [1, 'has', 5], [1, 'belongs to', 6], [1, 'belongs to', 7], [1, 'belongs to', 8], [1, 'belongs to', 9], [0, 'has', 10], [0, 'has', 11], [0, 'has', 12], [0, 'has', 13], [0, 'has', 14], [0, 'has', 15], [0, 'has', 16], [0, 'has', 17], [0, 'has', 18], [0, 'has', 19], [0, 'has', 20], [0, 'has', 21], [21, 'contradict', 8], [0, 'has', 22], [22, 'need', 23], [22, 'match', 6], [0, 'has', 24], [24, 'contradict', 8]]"
hard,"Based on the nutrients the food provides and the user needs, please answer whether the food ""Almond butter and jelly sandwich, on wheat bread"" is healthy for the user? Please answer with yes or no.",Yes,"Based on the nutrients the food provides and the user needs, please answer what nutrient tags are used to determine whether the food ""Almond butter and jelly sandwich, on wheat bread"" is healthy or unhealthy for the user?","low_carb, low_cholesterol, high_calorie","Based on the nutrients the food provides and the user needs, please answer whether the food ""Almond butter and jelly sandwich, on wheat bread"" is healthy for the user? Please answer with a short sentence explaining why.","Yes, because the food is low in carb, low in cholesterol. ","[[1, {'name': 42304040, 'attr': 'Almond butter and jelly sandwich, on wheat bread'}], [2, {'name': 'category', 'attr': 'Peanut butter and jelly sandwiches'}], [3, {'name': 'ingredient', 'attr': 'Jellies'}], [4, {'name': 'ingredient', 'attr': 'Wheat bread as ingredient in sandwiches'}], [5, {'name': 'ingredient', 'attr': 'Nuts, almond butter, plain, with salt added'}], [6, {'name': 'food_nutrition_tag', 'attr': 'low_carb'}], [7, {'name': 'food_nutrition_tag', 'attr': 'high_sodium'}], [8, {'name': 'food_nutrition_tag', 'attr': 'high_calorie'}], [9, {'name': 'food_nutrition_tag', 'attr': 'low_cholesterol'}], [0, {'name': 76290, 'attr': 'user'}], [10, {'name': 'dietary habit', 'attr': 'Drinks lots of milk'}], [11, {'name': 'dietary habit', 'attr': 'Eats little or no shellfish'}], [12, {'name': 'dietary habit', 'attr': 'Adds lots of salt at table'}], [13, {'name': 'dietary habit', 'attr': 'Eats little to no frozen food'}], [14, {'name': 'dietary habit', 'attr': 'Eats few to no meals outside home'}], [15, {'name': 'dietary habit', 'attr': 'Eats few to no ready to eat meals'}], [16, {'name': 'dietary habit', 'attr': 'Takes few or no supplements'}], [17, {'name': 'dietary habit', 'attr': 'Uses lots of salt in preparation'}], [18, {'name': 'dietary habit', 'attr': 'Drinks lots of water'}], [19, {'name': 'dietary habit', 'attr': 'Claims to have a good diet'}], [20, {'name': 'dietary habit', 'attr': 'Ate more food than usual'}], [21, {'name': 'dietary habit', 'attr': 'Ate less food than usual'}], [22, {'name': 'dietary habit', 'attr': 'Eats weight loss diet'}], [23, {'name': 'status', 'attr': 'obesity'}], [24, {'name': 'status', 'attr': 'diabetes'}], [25, {'name': 'user_nutrition_tag', 'attr': 'low_sugar'}], [26, {'name': 'status', 'attr': 'Low fat/Low cholesterol diet'}], [27, {'name': 'user_nutrition_tag', 'attr': 'low_saturated_fat'}]]","[[1, 'belongs to', 2], [1, 'has', 3], [1, 'has', 4], [1, 'has', 5], [1, 'belongs to', 6], [1, 'belongs to', 7], [1, 'belongs to', 8], [1, 'belongs to', 9], [0, 'has', 10], [0, 'has', 11], [0, 'has', 12], [0, 'has', 13], [0, 'has', 14], [0, 'has', 15], [0, 'has', 16], [0, 'has', 17], [0, 'has', 18], [0, 'has', 19], [0, 'has', 20], [0, 'has', 21], [0, 'has', 22], [0, 'has', 23], [23, 'contradict', 8], [0, 'has', 24], [24, 'need', 25], [24, 'match', 6], [0, 'has', 26], [26, 'match', 9], [26, 'need', 27]]"
easy,"Based on the nutrients the food provides and the user needs, please answer whether the food ""Almond chicken"" is healthy for the user? Please answer with yes or no.",Yes,"Based on the nutrients the food provides and the user needs, please answer what nutrient tags are used to determine whether the food ""Almond chicken"" is healthy or unhealthy for the user?",low_carb,"Based on the nutrients the food provides and the user needs, please answer whether the food ""Almond chicken"" is healthy for the user? Please answer with a short sentence explaining why.","Yes, because the food is low in carb. ","[[1, {'name': 27445250, 'attr': 'Almond chicken'}], [2, {'name': 'category', 'attr': 'Stir-fry and soy-based sauce mixtures'}], [3, {'name': 'ingredient', 'attr': 'Chicken, NS as to part, rotisserie, skin not eaten'}], [4, {'name': 'ingredient', 'attr': 'Oil, sesame, salad or cooking'}], [5, {'name': 'ingredient', 'attr': 'Vinegar, cider'}], [6, {'name': 'ingredient', 'attr': 'Sauce, hoisin, ready-to-serve'}], [7, {'name': 'ingredient', 'attr': 'Sauce, oyster, ready-to-serve'}], [8, {'name': 'ingredient', 'attr': 'Soup, chicken broth, low sodium, canned'}], [9, {'name': 'ingredient', 'attr': 'Onions, spring or scallions (includes tops and bulb), raw'}], [10, {'name': 'ingredient', 'attr': 'Red pepper, cooked, as ingredient'}], [11, {'name': 'ingredient', 'attr': 'Peppers, jalapeno, raw'}], [12, {'name': 'ingredient', 'attr': 'Nuts, almonds, dry roasted, without salt added'}], [13, {'name': 'ingredient', 'attr': 'Ginger root, raw'}], [14, {'name': 'ingredient', 'attr': 'Garlic, raw'}], [15, {'name': 'ingredient', 'attr': 'Cornstarch'}], [16, {'name': 'ingredient', 'attr': 'Soy sauce made from soy and wheat (shoyu)'}], [17, {'name': 'ingredient', 'attr': 'Vegetable oil, NFS'}], [18, {'name': 'ingredient', 'attr': 'Peppers, hot chile, sun-dried'}], [19, {'name': 'ingredient', 'attr': 'Peppers, sweet, red, cooked, boiled, drained, without salt'}], [20, {'name': 'ingredient', 'attr': 'Onions, young green, tops only'}], [21, {'name': 'food_nutrition_tag', 'attr': 'low_carb'}], [22, {'name': 'food_nutrition_tag', 'attr': 'low_sugar'}], [23, {'name': 'food_nutrition_tag', 'attr': 'high_sodium'}], [24, {'name': 'food_nutrition_tag', 'attr': 'low_saturated_fat'}], [0, {'name': 55146, 'attr': 'user'}], [25, {'name': 'dietary habit', 'attr': 'Eats lots of fish'}], [26, {'name': 'dietary habit', 'attr': 'Uses tobacco rarely'}], [27, {'name': 'dietary habit', 'attr': 'Eats little to no fast food'}], [28, {'name': 'dietary habit', 'attr': 'Eats little to no frozen food'}], [29, {'name': 'dietary habit', 'attr': 'Often check nutrition labels'}], [30, {'name': 'dietary habit', 'attr': 'Takes more supplements'}], [31, {'name': 'dietary habit', 'attr': 'Drinks little water'}], [32, {'name': 'dietary habit', 'attr': 'Ate more food than usual'}], [33, {'name': 'dietary habit', 'attr': 'Ate less food than usual'}], [34, {'name': 'dietary habit', 'attr': 'Eats high protein diet'}], [35, {'name': 'status', 'attr': 'Low carbohydrate diet'}]]","[[1, 'belongs to', 2], [1, 'has', 3], [1, 'has', 4], [1, 'has', 5], [1, 'has', 6], [1, 'has', 7], [1, 'has', 8], [1, 'has', 9], [1, 'has', 10], [1, 'has', 11], [1, 'has', 12], [1, 'has', 13], [1, 'has', 14], [1, 'has', 15], [1, 'has', 16], [1, 'has', 17], [1, 'has', 18], [1, 'has', 19], [1, 'has', 20], [1, 'belongs to', 21], [1, 'belongs to', 22], [1, 'belongs to', 23], [1, 'belongs to', 24], [0, 'has', 25], [0, 'has', 26], [0, 'has', 27], [0, 'has', 28], [0, 'has', 29], [0, 'has', 30], [0, 'has', 31], [0, 'has', 32], [0, 'has', 33], [0, 'has', 34], [0, 'has', 35], [35, 'match', 21]]"
easy,"Based on the nutrients the food provides and the user needs, please answer whether the food ""Almond chicken"" is healthy for the user? Please answer with yes or no.",Yes,"Based on the nutrients the food provides and the user needs, please answer what nutrient tags are used to determine whether the food ""Almond chicken"" is healthy or unhealthy for the user?",low_saturated_fat,"Based on the nutrients the food provides and the user needs, please answer whether the food ""Almond chicken"" is healthy for the user? Please answer with a short sentence explaining why.","Yes, because the food is low in saturated_fat. ","[[1, {'name': 27445250, 'attr': 'Almond chicken'}], [2, {'name': 'category', 'attr': 'Stir-fry and soy-based sauce mixtures'}], [3, {'name': 'ingredient', 'attr': 'Chicken, NS as to part, rotisserie, skin not eaten'}], [4, {'name': 'ingredient', 'attr': 'Oil, sesame, salad or cooking'}], [5, {'name': 'ingredient', 'attr': 'Vinegar, cider'}], [6, {'name': 'ingredient', 'attr': 'Sauce, hoisin, ready-to-serve'}], [7, {'name': 'ingredient', 'attr': 'Sauce, oyster, ready-to-serve'}], [8, {'name': 'ingredient', 'attr': 'Soup, chicken broth, low sodium, canned'}], [9, {'name': 'ingredient', 'attr': 'Onions, spring or scallions (includes tops and bulb), raw'}], [10, {'name': 'ingredient', 'attr': 'Red pepper, cooked, as ingredient'}], [11, {'name': 'ingredient', 'attr': 'Peppers, jalapeno, raw'}], [12, {'name': 'ingredient', 'attr': 'Nuts, almonds, dry roasted, without salt added'}], [13, {'name': 'ingredient', 'attr': 'Ginger root, raw'}], [14, {'name': 'ingredient', 'attr': 'Garlic, raw'}], [15, {'name': 'ingredient', 'attr': 'Cornstarch'}], [16, {'name': 'ingredient', 'attr': 'Soy sauce made from soy and wheat (shoyu)'}], [17, {'name': 'ingredient', 'attr': 'Vegetable oil, NFS'}], [18, {'name': 'ingredient', 'attr': 'Peppers, hot chile, sun-dried'}], [19, {'name': 'ingredient', 'attr': 'Peppers, sweet, red, cooked, boiled, drained, without salt'}], [20, {'name': 'ingredient', 'attr': 'Onions, young green, tops only'}], [21, {'name': 'food_nutrition_tag', 'attr': 'low_carb'}], [22, {'name': 'food_nutrition_tag', 'attr': 'low_sugar'}], [23, {'name': 'food_nutrition_tag', 'attr': 'high_sodium'}], [24, {'name': 'food_nutrition_tag', 'attr': 'low_saturated_fat'}], [0, {'name': 86972, 'attr': 'user'}], [25, {'name': 'dietary habit', 'attr': 'Drinks lots of milk'}], [26, {'name': 'dietary habit', 'attr': 'Uses lots of salt in preparation'}], [27, {'name': 'dietary habit', 'attr': 'Claims to have a poor diet'}], [28, {'name': 'dietary habit', 'attr': 'Ate more food than usual'}], [29, {'name': 'dietary habit', 'attr': 'Ate less food than usual'}], [30, {'name': 'dietary habit', 'attr': 'Eats weight loss diet'}], [31, {'name': 'status', 'attr': 'Low fat/Low cholesterol diet'}], [32, {'name': 'user_nutrition_tag', 'attr': 'low_cholesterol'}]]","[[1, 'belongs to', 2], [1, 'has', 3], [1, 'has', 4], [1, 'has', 5], [1, 'has', 6], [1, 'has', 7], [1, 'has', 8], [1, 'has', 9], [1, 'has', 10], [1, 'has', 11], [1, 'has', 12], [1, 'has', 13], [1, 'has', 14], [1, 'has', 15], [1, 'has', 16], [1, 'has', 17], [1, 'has', 18], [1, 'has', 19], [1, 'has', 20], [1, 'belongs to', 21], [1, 'belongs to', 22], [1, 'belongs to', 23], [1, 'belongs to', 24], [0, 'has', 25], [0, 'has', 26], [0, 'has', 27], [0, 'has', 28], [0, 'has', 29], [0, 'has', 30], [0, 'has', 31], [31, 'need', 32], [31, 'match', 24]]"
easy,"Based on the nutrients the food provides and the user needs, please answer whether the food ""Almond chicken"" is healthy for the user? Please answer with yes or no.",Yes,"Based on the nutrients the food provides and the user needs, please answer what nutrient tags are used to determine whether the food ""Almond chicken"" is healthy or unhealthy for the user?",low_carb,"Based on the nutrients the food provides and the user needs, please answer whether the food ""Almond chicken"" is healthy for the user? Please answer with a short sentence explaining why.","Yes, because the food is low in carb. ","[[1, {'name': 27445250, 'attr': 'Almond chicken'}], [2, {'name': 'category', 'attr': 'Stir-fry and soy-based sauce mixtures'}], [3, {'name': 'ingredient', 'attr': 'Chicken, NS as to part, rotisserie, skin not eaten'}], [4, {'name': 'ingredient', 'attr': 'Oil, sesame, salad or cooking'}], [5, {'name': 'ingredient', 'attr': 'Vinegar, cider'}], [6, {'name': 'ingredient', 'attr': 'Sauce, hoisin, ready-to-serve'}], [7, {'name': 'ingredient', 'attr': 'Sauce, oyster, ready-to-serve'}], [8, {'name': 'ingredient', 'attr': 'Soup, chicken broth, low sodium, canned'}], [9, {'name': 'ingredient', 'attr': 'Onions, spring or scallions (includes tops and bulb), raw'}], [10, {'name': 'ingredient', 'attr': 'Red pepper, cooked, as ingredient'}], [11, {'name': 'ingredient', 'attr': 'Peppers, jalapeno, raw'}], [12, {'name': 'ingredient', 'attr': 'Nuts, almonds, dry roasted, without salt added'}], [13, {'name': 'ingredient', 'attr': 'Ginger root, raw'}], [14, {'name': 'ingredient', 'attr': 'Garlic, raw'}], [15, {'name': 'ingredient', 'attr': 'Cornstarch'}], [16, {'name': 'ingredient', 'attr': 'Soy sauce made from soy and wheat (shoyu)'}], [17, {'name': 'ingredient', 'attr': 'Vegetable oil, NFS'}], [18, {'name': 'ingredient', 'attr': 'Peppers, hot chile, sun-dried'}], [19, {'name': 'ingredient', 'attr': 'Peppers, sweet, red, cooked, boiled, drained, without salt'}], [20, {'name': 'ingredient', 'attr': 'Onions, young green, tops only'}], [21, {'name': 'food_nutrition_tag', 'attr': 'low_carb'}], [22, {'name': 'food_nutrition_tag', 'attr': 'low_sugar'}], [23, {'name': 'food_nutrition_tag', 'attr': 'high_sodium'}], [24, {'name': 'food_nutrition_tag', 'attr': 'low_saturated_fat'}], [0, {'name': 70624, 'attr': 'user'}], [25, {'name': 'dietary habit', 'attr': 'Eats lots of fish'}], [26, {'name': 'dietary habit', 'attr': 'Adds lots of salt at table'}], [27, {'name': 'dietary habit', 'attr': 'Heavy cigarette smoker'}], [28, {'name': 'dietary habit', 'attr': 'Drinks Alcohol more than average'}], [29, {'name': 'dietary habit', 'attr': 'Eats little to no frozen food'}], [30, {'name': 'dietary habit', 'attr': 'Uses lots of salt in preparation'}], [31, {'name': 'dietary habit', 'attr': 'Ate more food than usual'}], [32, {'name': 'dietary habit', 'attr': 'Ate less food than usual'}], [33, {'name': 'dietary habit', 'attr': 'Eats high protein diet'}], [34, {'name': 'status', 'attr': 'Low carbohydrate diet'}]]","[[1, 'belongs to', 2], [1, 'has', 3], [1, 'has', 4], [1, 'has', 5], [1, 'has', 6], [1, 'has', 7], [1, 'has', 8], [1, 'has', 9], [1, 'has', 10], [1, 'has', 11], [1, 'has', 12], [1, 'has', 13], [1, 'has', 14], [1, 'has', 15], [1, 'has', 16], [1, 'has', 17], [1, 'has', 18], [1, 'has', 19], [1, 'has', 20], [1, 'belongs to', 21], [1, 'belongs to', 22], [1, 'belongs to', 23], [1, 'belongs to', 24], [0, 'has', 25], [0, 'has', 26], [0, 'has', 27], [0, 'has', 28], [0, 'has', 29], [0, 'has', 30], [0, 'has', 31], [0, 'has', 32], [0, 'has', 33], [0, 'has', 34], [34, 'match', 21]]"
easy,"Based on the nutrients the food provides and the user needs, please answer whether the food ""Almond chicken"" is healthy for the user? Please answer with yes or no.",Yes,"Based on the nutrients the food provides and the user needs, please answer what nutrient tags are used to determine whether the food ""Almond chicken"" is healthy or unhealthy for the user?",low_saturated_fat,"Based on the nutrients the food provides and the user needs, please answer whether the food ""Almond chicken"" is healthy for the user? Please answer with a short sentence explaining why.","Yes, because the food is low in saturated_fat. ","[[1, {'name': 27445250, 'attr': 'Almond chicken'}], [2, {'name': 'category', 'attr': 'Stir-fry and soy-based sauce mixtures'}], [3, {'name': 'ingredient', 'attr': 'Chicken, NS as to part, rotisserie, skin not eaten'}], [4, {'name': 'ingredient', 'attr': 'Oil, sesame, salad or cooking'}], [5, {'name': 'ingredient', 'attr': 'Vinegar, cider'}], [6, {'name': 'ingredient', 'attr': 'Sauce, hoisin, ready-to-serve'}], [7, {'name': 'ingredient', 'attr': 'Sauce, oyster, ready-to-serve'}], [8, {'name': 'ingredient', 'attr': 'Soup, chicken broth, low sodium, canned'}], [9, {'name': 'ingredient', 'attr': 'Onions, spring or scallions (includes tops and bulb), raw'}], [10, {'name': 'ingredient', 'attr': 'Red pepper, cooked, as ingredient'}], [11, {'name': 'ingredient', 'attr': 'Peppers, jalapeno, raw'}], [12, {'name': 'ingredient', 'attr': 'Nuts, almonds, dry roasted, without salt added'}], [13, {'name': 'ingredient', 'attr': 'Ginger root, raw'}], [14, {'name': 'ingredient', 'attr': 'Garlic, raw'}], [15, {'name': 'ingredient', 'attr': 'Cornstarch'}], [16, {'name': 'ingredient', 'attr': 'Soy sauce made from soy and wheat (shoyu)'}], [17, {'name': 'ingredient', 'attr': 'Vegetable oil, NFS'}], [18, {'name': 'ingredient', 'attr': 'Peppers, hot chile, sun-dried'}], [19, {'name': 'ingredient', 'attr': 'Peppers, sweet, red, cooked, boiled, drained, without salt'}], [20, {'name': 'ingredient', 'attr': 'Onions, young green, tops only'}], [21, {'name': 'food_nutrition_tag', 'attr': 'low_carb'}], [22, {'name': 'food_nutrition_tag', 'attr': 'low_sugar'}], [23, {'name': 'food_nutrition_tag', 'attr': 'high_sodium'}], [24, {'name': 'food_nutrition_tag', 'attr': 'low_saturated_fat'}], [0, {'name': 83427, 'attr': 'user'}], [25, {'name': 'dietary habit', 'attr': 'Drinks lots of milk'}], [26, {'name': 'dietary habit', 'attr': 'Adds little to no salt at table'}], [27, {'name': 'dietary habit', 'attr': 'Eats little to no frozen food'}], [28, {'name': 'dietary habit', 'attr': 'Eats few to no meals outside home'}], [29, {'name': 'dietary habit', 'attr': 'Eats few to no ready to eat meals'}], [30, {'name': 'dietary habit', 'attr': 'Uses lots of salt in preparation'}], [31, {'name': 'dietary habit', 'attr': 'Claims to have a poor diet'}], [32, {'name': 'dietary habit', 'attr': 'Ate more food than usual'}], [33, {'name': 'dietary habit', 'attr': 'Ate less food than usual'}], [34, {'name': 'dietary habit', 'attr': 'Eats weight loss diet'}], [35, {'name': 'status', 'attr': 'Low fat/Low cholesterol diet'}], [36, {'name': 'user_nutrition_tag', 'attr': 'low_cholesterol'}]]","[[1, 'belongs to', 2], [1, 'has', 3], [1, 'has', 4], [1, 'has', 5], [1, 'has', 6], [1, 'has', 7], [1, 'has', 8], [1, 'has', 9], [1, 'has', 10], [1, 'has', 11], [1, 'has', 12], [1, 'has', 13], [1, 'has', 14], [1, 'has', 15], [1, 'has', 16], [1, 'has', 17], [1, 'has', 18], [1, 'has', 19], [1, 'has', 20], [1, 'belongs to', 21], [1, 'belongs to', 22], [1, 'belongs to', 23], [1, 'belongs to', 24], [0, 'has', 25], [0, 'has', 26], [0, 'has', 27], [0, 'has', 28], [0, 'has', 29], [0, 'has', 30], [0, 'has', 31], [0, 'has', 32], [0, 'has', 33], [0, 'has', 34], [0, 'has', 35], [35, 'need', 36], [35, 'match', 24]]"
easy,"Based on the nutrients the food provides and the user needs, please answer whether the food ""Almond chicken"" is healthy for the user? Please answer with yes or no.",Yes,"Based on the nutrients the food provides and the user needs, please answer what nutrient tags are used to determine whether the food ""Almond chicken"" is healthy or unhealthy for the user?",low_saturated_fat,"Based on the nutrients the food provides and the user needs, please answer whether the food ""Almond chicken"" is healthy for the user? Please answer with a short sentence explaining why.","Yes, because the food is low in saturated_fat. ","[[1, {'name': 27445250, 'attr': 'Almond chicken'}], [2, {'name': 'category', 'attr': 'Stir-fry and soy-based sauce mixtures'}], [3, {'name': 'ingredient', 'attr': 'Chicken, NS as to part, rotisserie, skin not eaten'}], [4, {'name': 'ingredient', 'attr': 'Oil, sesame, salad or cooking'}], [5, {'name': 'ingredient', 'attr': 'Vinegar, cider'}], [6, {'name': 'ingredient', 'attr': 'Sauce, hoisin, ready-to-serve'}], [7, {'name': 'ingredient', 'attr': 'Sauce, oyster, ready-to-serve'}], [8, {'name': 'ingredient', 'attr': 'Soup, chicken broth, low sodium, canned'}], [9, {'name': 'ingredient', 'attr': 'Onions, spring or scallions (includes tops and bulb), raw'}], [10, {'name': 'ingredient', 'attr': 'Red pepper, cooked, as ingredient'}], [11, {'name': 'ingredient', 'attr': 'Peppers, jalapeno, raw'}], [12, {'name': 'ingredient', 'attr': 'Nuts, almonds, dry roasted, without salt added'}], [13, {'name': 'ingredient', 'attr': 'Ginger root, raw'}], [14, {'name': 'ingredient', 'attr': 'Garlic, raw'}], [15, {'name': 'ingredient', 'attr': 'Cornstarch'}], [16, {'name': 'ingredient', 'attr': 'Soy sauce made from soy and wheat (shoyu)'}], [17, {'name': 'ingredient', 'attr': 'Vegetable oil, NFS'}], [18, {'name': 'ingredient', 'attr': 'Peppers, hot chile, sun-dried'}], [19, {'name': 'ingredient', 'attr': 'Peppers, sweet, red, cooked, boiled, drained, without salt'}], [20, {'name': 'ingredient', 'attr': 'Onions, young green, tops only'}], [21, {'name': 'food_nutrition_tag', 'attr': 'low_carb'}], [22, {'name': 'food_nutrition_tag', 'attr': 'low_sugar'}], [23, {'name': 'food_nutrition_tag', 'attr': 'high_sodium'}], [24, {'name': 'food_nutrition_tag', 'attr': 'low_saturated_fat'}], [0, {'name': 98445, 'attr': 'user'}], [25, {'name': 'dietary habit', 'attr': 'Drinks Alcohol more than average'}], [26, {'name': 'dietary habit', 'attr': 'Eats lots of fast food'}], [27, {'name': 'dietary habit', 'attr': 'Eats lots of frozen food'}], [28, {'name': 'dietary habit', 'attr': 'Eats often outside the home'}], [29, {'name': 'dietary habit', 'attr': 'Eats many ready to eat meals'}], [30, {'name': 'dietary habit', 'attr': 'Often check nutrition labels'}], [31, {'name': 'dietary habit', 'attr': 'Takes few or no supplements'}], [32, {'name': 'dietary habit', 'attr': 'Uses little to no salt in preparation'}], [33, {'name': 'dietary habit', 'attr': 'Claims to have a good diet'}], [34, {'name': 'dietary habit', 'attr': 'Ate more food than usual'}], [35, {'name': 'dietary habit', 'attr': 'Ate less food than usual'}], [36, {'name': 'dietary habit', 'attr': 'Eats weight loss diet'}], [37, {'name': 'status', 'attr': 'Low fat/Low cholesterol diet'}], [38, {'name': 'user_nutrition_tag', 'attr': 'low_cholesterol'}]]","[[1, 'belongs to', 2], [1, 'has', 3], [1, 'has', 4], [1, 'has', 5], [1, 'has', 6], [1, 'has', 7], [1, 'has', 8], [1, 'has', 9], [1, 'has', 10], [1, 'has', 11], [1, 'has', 12], [1, 'has', 13], [1, 'has', 14], [1, 'has', 15], [1, 'has', 16], [1, 'has', 17], [1, 'has', 18], [1, 'has', 19], [1, 'has', 20], [1, 'belongs to', 21], [1, 'belongs to', 22], [1, 'belongs to', 23], [1, 'belongs to', 24], [0, 'has', 25], [0, 'has', 26], [0, 'has', 27], [0, 'has', 28], [0, 'has', 29], [0, 'has', 30], [0, 'has', 31], [0, 'has', 32], [0, 'has', 33], [0, 'has', 34], [0, 'has', 35], [0, 'has', 36], [0, 'has', 37], [37, 'need', 38], [37, 'match', 24]]"
easy,"Based on the nutrients the food provides and the user needs, please answer whether the food ""Almond chicken"" is healthy for the user? Please answer with yes or no.",Yes,"Based on the nutrients the food provides and the user needs, please answer what nutrient tags are used to determine whether the food ""Almond chicken"" is healthy or unhealthy for the user?",low_saturated_fat,"Based on the nutrients the food provides and the user needs, please answer whether the food ""Almond chicken"" is healthy for the user? Please answer with a short sentence explaining why.","Yes, because the food is low in saturated_fat. ","[[1, {'name': 27445250, 'attr': 'Almond chicken'}], [2, {'name': 'category', 'attr': 'Stir-fry and soy-based sauce mixtures'}], [3, {'name': 'ingredient', 'attr': 'Chicken, NS as to part, rotisserie, skin not eaten'}], [4, {'name': 'ingredient', 'attr': 'Oil, sesame, salad or cooking'}], [5, {'name': 'ingredient', 'attr': 'Vinegar, cider'}], [6, {'name': 'ingredient', 'attr': 'Sauce, hoisin, ready-to-serve'}], [7, {'name': 'ingredient', 'attr': 'Sauce, oyster, ready-to-serve'}], [8, {'name': 'ingredient', 'attr': 'Soup, chicken broth, low sodium, canned'}], [9, {'name': 'ingredient', 'attr': 'Onions, spring or scallions (includes tops and bulb), raw'}], [10, {'name': 'ingredient', 'attr': 'Red pepper, cooked, as ingredient'}], [11, {'name': 'ingredient', 'attr': 'Peppers, jalapeno, raw'}], [12, {'name': 'ingredient', 'attr': 'Nuts, almonds, dry roasted, without salt added'}], [13, {'name': 'ingredient', 'attr': 'Ginger root, raw'}], [14, {'name': 'ingredient', 'attr': 'Garlic, raw'}], [15, {'name': 'ingredient', 'attr': 'Cornstarch'}], [16, {'name': 'ingredient', 'attr': 'Soy sauce made from soy and wheat (shoyu)'}], [17, {'name': 'ingredient', 'attr': 'Vegetable oil, NFS'}], [18, {'name': 'ingredient', 'attr': 'Peppers, hot chile, sun-dried'}], [19, {'name': 'ingredient', 'attr': 'Peppers, sweet, red, cooked, boiled, drained, without salt'}], [20, {'name': 'ingredient', 'attr': 'Onions, young green, tops only'}], [21, {'name': 'food_nutrition_tag', 'attr': 'low_carb'}], [22, {'name': 'food_nutrition_tag', 'attr': 'low_sugar'}], [23, {'name': 'food_nutrition_tag', 'attr': 'high_sodium'}], [24, {'name': 'food_nutrition_tag', 'attr': 'low_saturated_fat'}], [0, {'name': 94933, 'attr': 'user'}], [25, {'name': 'dietary habit', 'attr': 'Drinks lots of milk'}], [26, {'name': 'dietary habit', 'attr': 'Eats little to no frozen food'}], [27, {'name': 'dietary habit', 'attr': 'Eats few to no ready to eat meals'}], [28, {'name': 'dietary habit', 'attr': 'Takes few or no supplements'}], [29, {'name': 'dietary habit', 'attr': 'Uses lots of salt in preparation'}], [30, {'name': 'dietary habit', 'attr': 'Claims to have a poor diet'}], [31, {'name': 'dietary habit', 'attr': 'Ate more food than usual'}], [32, {'name': 'dietary habit', 'attr': 'Ate less food than usual'}], [33, {'name': 'dietary habit', 'attr': 'Eats weight loss diet'}], [34, {'name': 'status', 'attr': 'obesity'}], [35, {'name': 'user_nutrition_tag', 'attr': 'low_calorie'}], [36, {'name': 'status', 'attr': 'Low fat/Low cholesterol diet'}], [37, {'name': 'user_nutrition_tag', 'attr': 'low_cholesterol'}]]","[[1, 'belongs to', 2], [1, 'has', 3], [1, 'has', 4], [1, 'has', 5], [1, 'has', 6], [1, 'has', 7], [1, 'has', 8], [1, 'has', 9], [1, 'has', 10], [1, 'has', 11], [1, 'has', 12], [1, 'has', 13], [1, 'has', 14], [1, 'has', 15], [1, 'has', 16], [1, 'has', 17], [1, 'has', 18], [1, 'has', 19], [1, 'has', 20], [1, 'belongs to', 21], [1, 'belongs to', 22], [1, 'belongs to', 23], [1, 'belongs to', 24], [0, 'has', 25], [0, 'has', 26], [0, 'has', 27], [0, 'has', 28], [0, 'has', 29], [0, 'has', 30], [0, 'has', 31], [0, 'has', 32], [0, 'has', 33], [0, 'has', 34], [34, 'need', 35], [0, 'has', 36], [36, 'need', 37], [36, 'match', 24]]"
easy,"Based on the nutrients the food provides and the user needs, please answer whether the food ""Almond chicken"" is healthy for the user? Please answer with yes or no.",Yes,"Based on the nutrients the food provides and the user needs, please answer what nutrient tags are used to determine whether the food ""Almond chicken"" is healthy or unhealthy for the user?",low_sugar,"Based on the nutrients the food provides and the user needs, please answer whether the food ""Almond chicken"" is healthy for the user? Please answer with a short sentence explaining why.","Yes, because the food is low in sugar. ","[[1, {'name': 27445250, 'attr': 'Almond chicken'}], [2, {'name': 'category', 'attr': 'Stir-fry and soy-based sauce mixtures'}], [3, {'name': 'ingredient', 'attr': 'Chicken, NS as to part, rotisserie, skin not eaten'}], [4, {'name': 'ingredient', 'attr': 'Oil, sesame, salad or cooking'}], [5, {'name': 'ingredient', 'attr': 'Vinegar, cider'}], [6, {'name': 'ingredient', 'attr': 'Sauce, hoisin, ready-to-serve'}], [7, {'name': 'ingredient', 'attr': 'Sauce, oyster, ready-to-serve'}], [8, {'name': 'ingredient', 'attr': 'Soup, chicken broth, low sodium, canned'}], [9, {'name': 'ingredient', 'attr': 'Onions, spring or scallions (includes tops and bulb), raw'}], [10, {'name': 'ingredient', 'attr': 'Red pepper, cooked, as ingredient'}], [11, {'name': 'ingredient', 'attr': 'Peppers, jalapeno, raw'}], [12, {'name': 'ingredient', 'attr': 'Nuts, almonds, dry roasted, without salt added'}], [13, {'name': 'ingredient', 'attr': 'Ginger root, raw'}], [14, {'name': 'ingredient', 'attr': 'Garlic, raw'}], [15, {'name': 'ingredient', 'attr': 'Cornstarch'}], [16, {'name': 'ingredient', 'attr': 'Soy sauce made from soy and wheat (shoyu)'}], [17, {'name': 'ingredient', 'attr': 'Vegetable oil, NFS'}], [18, {'name': 'ingredient', 'attr': 'Peppers, hot chile, sun-dried'}], [19, {'name': 'ingredient', 'attr': 'Peppers, sweet, red, cooked, boiled, drained, without salt'}], [20, {'name': 'ingredient', 'attr': 'Onions, young green, tops only'}], [21, {'name': 'food_nutrition_tag', 'attr': 'low_carb'}], [22, {'name': 'food_nutrition_tag', 'attr': 'low_sugar'}], [23, {'name': 'food_nutrition_tag', 'attr': 'high_sodium'}], [24, {'name': 'food_nutrition_tag', 'attr': 'low_saturated_fat'}], [0, {'name': 64900, 'attr': 'user'}], [25, {'name': 'dietary habit', 'attr': 'Drinks lots of milk'}], [26, {'name': 'dietary habit', 'attr': 'Eats lots of shellfish'}], [27, {'name': 'dietary habit', 'attr': 'Eats lots of fish'}], [28, {'name': 'dietary habit', 'attr': 'Drinks Alcohol less than average'}], [29, {'name': 'dietary habit', 'attr': 'Eats little to no fast food'}], [30, {'name': 'dietary habit', 'attr': 'Eats little to no frozen food'}], [31, {'name': 'dietary habit', 'attr': 'Takes few or no supplements'}], [32, {'name': 'dietary habit', 'attr': 'Uses lots of salt in preparation'}], [33, {'name': 'dietary habit', 'attr': 'Claims to have a good diet'}], [34, {'name': 'dietary habit', 'attr': 'Ate more food than usual'}], [35, {'name': 'dietary habit', 'attr': 'Ate less food than usual'}], [36, {'name': 'dietary habit', 'attr': 'Eats low salt diet'}], [37, {'name': 'dietary habit', 'attr': 'Eats gluten free diet'}], [38, {'name': 'status', 'attr': 'Sugar free/Low sugar diet'}], [39, {'name': 'status', 'attr': 'High protein diet'}], [40, {'name': 'user_nutrition_tag', 'attr': 'high_protein'}]]","[[1, 'belongs to', 2], [1, 'has', 3], [1, 'has', 4], [1, 'has', 5], [1, 'has', 6], [1, 'has', 7], [1, 'has', 8], [1, 'has', 9], [1, 'has', 10], [1, 'has', 11], [1, 'has', 12], [1, 'has', 13], [1, 'has', 14], [1, 'has', 15], [1, 'has', 16], [1, 'has', 17], [1, 'has', 18], [1, 'has', 19], [1, 'has', 20], [1, 'belongs to', 21], [1, 'belongs to', 22], [1, 'belongs to', 23], [1, 'belongs to', 24], [0, 'has', 25], [0, 'has', 26], [0, 'has', 27], [0, 'has', 28], [0, 'has', 29], [0, 'has', 30], [0, 'has', 31], [0, 'has', 32], [0, 'has', 33], [0, 'has', 34], [0, 'has', 35], [0, 'has', 36], [0, 'has', 37], [0, 'has', 38], [38, 'match', 22], [0, 'has', 39], [39, 'need', 40]]"
easy,"Based on the nutrients the food provides and the user needs, please answer whether the food ""Almond chicken"" is healthy for the user? Please answer with yes or no.",Yes,"Based on the nutrients the food provides and the user needs, please answer what nutrient tags are used to determine whether the food ""Almond chicken"" is healthy or unhealthy for the user?",low_saturated_fat,"Based on the nutrients the food provides and the user needs, please answer whether the food ""Almond chicken"" is healthy for the user? Please answer with a short sentence explaining why.","Yes, because the food is low in saturated_fat. ","[[1, {'name': 27445250, 'attr': 'Almond chicken'}], [2, {'name': 'category', 'attr': 'Stir-fry and soy-based sauce mixtures'}], [3, {'name': 'ingredient', 'attr': 'Chicken, NS as to part, rotisserie, skin not eaten'}], [4, {'name': 'ingredient', 'attr': 'Oil, sesame, salad or cooking'}], [5, {'name': 'ingredient', 'attr': 'Vinegar, cider'}], [6, {'name': 'ingredient', 'attr': 'Sauce, hoisin, ready-to-serve'}], [7, {'name': 'ingredient', 'attr': 'Sauce, oyster, ready-to-serve'}], [8, {'name': 'ingredient', 'attr': 'Soup, chicken broth, low sodium, canned'}], [9, {'name': 'ingredient', 'attr': 'Onions, spring or scallions (includes tops and bulb), raw'}], [10, {'name': 'ingredient', 'attr': 'Red pepper, cooked, as ingredient'}], [11, {'name': 'ingredient', 'attr': 'Peppers, jalapeno, raw'}], [12, {'name': 'ingredient', 'attr': 'Nuts, almonds, dry roasted, without salt added'}], [13, {'name': 'ingredient', 'attr': 'Ginger root, raw'}], [14, {'name': 'ingredient', 'attr': 'Garlic, raw'}], [15, {'name': 'ingredient', 'attr': 'Cornstarch'}], [16, {'name': 'ingredient', 'attr': 'Soy sauce made from soy and wheat (shoyu)'}], [17, {'name': 'ingredient', 'attr': 'Vegetable oil, NFS'}], [18, {'name': 'ingredient', 'attr': 'Peppers, hot chile, sun-dried'}], [19, {'name': 'ingredient', 'attr': 'Peppers, sweet, red, cooked, boiled, drained, without salt'}], [20, {'name': 'ingredient', 'attr': 'Onions, young green, tops only'}], [21, {'name': 'food_nutrition_tag', 'attr': 'low_carb'}], [22, {'name': 'food_nutrition_tag', 'attr': 'low_sugar'}], [23, {'name': 'food_nutrition_tag', 'attr': 'high_sodium'}], [24, {'name': 'food_nutrition_tag', 'attr': 'low_saturated_fat'}], [0, {'name': 34734, 'attr': 'user'}], [25, {'name': 'dietary habit', 'attr': 'Eats little or no shellfish'}], [26, {'name': 'dietary habit', 'attr': 'Drinks Alcohol less than average'}], [27, {'name': 'dietary habit', 'attr': 'Eats few to no meals outside home'}], [28, {'name': 'dietary habit', 'attr': 'Often check nutrition labels'}], [29, {'name': 'dietary habit', 'attr': 'Takes more supplements'}], [30, {'name': 'dietary habit', 'attr': 'Uses little to no salt in preparation'}], [31, {'name': 'dietary habit', 'attr': 'Claims to have a good diet'}], [32, {'name': 'dietary habit', 'attr': 'Ate more food than usual'}], [33, {'name': 'dietary habit', 'attr': 'Ate less food than usual'}], [34, {'name': 'dietary habit', 'attr': 'Eats weight loss diet'}], [35, {'name': 'status', 'attr': 'Low fat/Low cholesterol diet'}], [36, {'name': 'user_nutrition_tag', 'attr': 'low_cholesterol'}]]","[[1, 'belongs to', 2], [1, 'has', 3], [1, 'has', 4], [1, 'has', 5], [1, 'has', 6], [1, 'has', 7], [1, 'has', 8], [1, 'has', 9], [1, 'has', 10], [1, 'has', 11], [1, 'has', 12], [1, 'has', 13], [1, 'has', 14], [1, 'has', 15], [1, 'has', 16], [1, 'has', 17], [1, 'has', 18], [1, 'has', 19], [1, 'has', 20], [1, 'belongs to', 21], [1, 'belongs to', 22], [1, 'belongs to', 23], [1, 'belongs to', 24], [0, 'has', 25], [0, 'has', 26], [0, 'has', 27], [0, 'has', 28], [0, 'has', 29], [0, 'has', 30], [0, 'has', 31], [0, 'has', 32], [0, 'has', 33], [0, 'has', 34], [0, 'has', 35], [35, 'need', 36], [35, 'match', 24]]"
easy,"Based on the nutrients the food provides and the user needs, please answer whether the food ""Almond chicken"" is healthy for the user? Please answer with yes or no.",Yes,"Based on the nutrients the food provides and the user needs, please answer what nutrient tags are used to determine whether the food ""Almond chicken"" is healthy or unhealthy for the user?",low_sugar,"Based on the nutrients the food provides and the user needs, please answer whether the food ""Almond chicken"" is healthy for the user? Please answer with a short sentence explaining why.","Yes, because the food is low in sugar. ","[[1, {'name': 27445250, 'attr': 'Almond chicken'}], [2, {'name': 'category', 'attr': 'Stir-fry and soy-based sauce mixtures'}], [3, {'name': 'ingredient', 'attr': 'Chicken, NS as to part, rotisserie, skin not eaten'}], [4, {'name': 'ingredient', 'attr': 'Oil, sesame, salad or cooking'}], [5, {'name': 'ingredient', 'attr': 'Vinegar, cider'}], [6, {'name': 'ingredient', 'attr': 'Sauce, hoisin, ready-to-serve'}], [7, {'name': 'ingredient', 'attr': 'Sauce, oyster, ready-to-serve'}], [8, {'name': 'ingredient', 'attr': 'Soup, chicken broth, low sodium, canned'}], [9, {'name': 'ingredient', 'attr': 'Onions, spring or scallions (includes tops and bulb), raw'}], [10, {'name': 'ingredient', 'attr': 'Red pepper, cooked, as ingredient'}], [11, {'name': 'ingredient', 'attr': 'Peppers, jalapeno, raw'}], [12, {'name': 'ingredient', 'attr': 'Nuts, almonds, dry roasted, without salt added'}], [13, {'name': 'ingredient', 'attr': 'Ginger root, raw'}], [14, {'name': 'ingredient', 'attr': 'Garlic, raw'}], [15, {'name': 'ingredient', 'attr': 'Cornstarch'}], [16, {'name': 'ingredient', 'attr': 'Soy sauce made from soy and wheat (shoyu)'}], [17, {'name': 'ingredient', 'attr': 'Vegetable oil, NFS'}], [18, {'name': 'ingredient', 'attr': 'Peppers, hot chile, sun-dried'}], [19, {'name': 'ingredient', 'attr': 'Peppers, sweet, red, cooked, boiled, drained, without salt'}], [20, {'name': 'ingredient', 'attr': 'Onions, young green, tops only'}], [21, {'name': 'food_nutrition_tag', 'attr': 'low_carb'}], [22, {'name': 'food_nutrition_tag', 'attr': 'low_sugar'}], [23, {'name': 'food_nutrition_tag', 'attr': 'high_sodium'}], [24, {'name': 'food_nutrition_tag', 'attr': 'low_saturated_fat'}], [0, {'name': 23327, 'attr': 'user'}], [25, {'name': 'dietary habit', 'attr': 'Drinks lots of milk'}], [26, {'name': 'dietary habit', 'attr': 'Eats little or no shellfish'}], [27, {'name': 'dietary habit', 'attr': 'Eats little or no fish'}], [28, {'name': 'dietary habit', 'attr': 'Adds little to no salt at table'}], [29, {'name': 'dietary habit', 'attr': 'Drinks Alcohol less than average'}], [30, {'name': 'dietary habit', 'attr': 'Uses little to no salt in preparation'}], [31, {'name': 'dietary habit', 'attr': 'Ate more food than usual'}], [32, {'name': 'dietary habit', 'attr': 'Ate less food than usual'}], [33, {'name': 'dietary habit', 'attr': 'Eats low salt diet'}], [34, {'name': 'status', 'attr': 'obesity'}], [35, {'name': 'user_nutrition_tag', 'attr': 'low_calorie'}], [36, {'name': 'status', 'attr': 'Sugar free/Low sugar diet'}]]","[[1, 'belongs to', 2], [1, 'has', 3], [1, 'has', 4], [1, 'has', 5], [1, 'has', 6], [1, 'has', 7], [1, 'has', 8], [1, 'has', 9], [1, 'has', 10], [1, 'has', 11], [1, 'has', 12], [1, 'has', 13], [1, 'has', 14], [1, 'has', 15], [1, 'has', 16], [1, 'has', 17], [1, 'has', 18], [1, 'has', 19], [1, 'has', 20], [1, 'belongs to', 21], [1, 'belongs to', 22], [1, 'belongs to', 23], [1, 'belongs to', 24], [0, 'has', 25], [0, 'has', 26], [0, 'has', 27], [0, 'has', 28], [0, 'has', 29], [0, 'has', 30], [0, 'has', 31], [0, 'has', 32], [0, 'has', 33], [0, 'has', 34], [34, 'need', 35], [0, 'has', 36], [36, 'match', 22]]"
easy,"Based on the nutrients the food provides and the user needs, please answer whether the food ""Almond chicken"" is healthy for the user? Please answer with yes or no.",Yes,"Based on the nutrients the food provides and the user needs, please answer what nutrient tags are used to determine whether the food ""Almond chicken"" is healthy or unhealthy for the user?",low_sugar,"Based on the nutrients the food provides and the user needs, please answer whether the food ""Almond chicken"" is healthy for the user? Please answer with a short sentence explaining why.","Yes, because the food is low in sugar. ","[[1, {'name': 27445250, 'attr': 'Almond chicken'}], [2, {'name': 'category', 'attr': 'Stir-fry and soy-based sauce mixtures'}], [3, {'name': 'ingredient', 'attr': 'Chicken, NS as to part, rotisserie, skin not eaten'}], [4, {'name': 'ingredient', 'attr': 'Oil, sesame, salad or cooking'}], [5, {'name': 'ingredient', 'attr': 'Vinegar, cider'}], [6, {'name': 'ingredient', 'attr': 'Sauce, hoisin, ready-to-serve'}], [7, {'name': 'ingredient', 'attr': 'Sauce, oyster, ready-to-serve'}], [8, {'name': 'ingredient', 'attr': 'Soup, chicken broth, low sodium, canned'}], [9, {'name': 'ingredient', 'attr': 'Onions, spring or scallions (includes tops and bulb), raw'}], [10, {'name': 'ingredient', 'attr': 'Red pepper, cooked, as ingredient'}], [11, {'name': 'ingredient', 'attr': 'Peppers, jalapeno, raw'}], [12, {'name': 'ingredient', 'attr': 'Nuts, almonds, dry roasted, without salt added'}], [13, {'name': 'ingredient', 'attr': 'Ginger root, raw'}], [14, {'name': 'ingredient', 'attr': 'Garlic, raw'}], [15, {'name': 'ingredient', 'attr': 'Cornstarch'}], [16, {'name': 'ingredient', 'attr': 'Soy sauce made from soy and wheat (shoyu)'}], [17, {'name': 'ingredient', 'attr': 'Vegetable oil, NFS'}], [18, {'name': 'ingredient', 'attr': 'Peppers, hot chile, sun-dried'}], [19, {'name': 'ingredient', 'attr': 'Peppers, sweet, red, cooked, boiled, drained, without salt'}], [20, {'name': 'ingredient', 'attr': 'Onions, young green, tops only'}], [21, {'name': 'food_nutrition_tag', 'attr': 'low_carb'}], [22, {'name': 'food_nutrition_tag', 'attr': 'low_sugar'}], [23, {'name': 'food_nutrition_tag', 'attr': 'high_sodium'}], [24, {'name': 'food_nutrition_tag', 'attr': 'low_saturated_fat'}], [0, {'name': 110953, 'attr': 'user'}], [25, {'name': 'dietary habit', 'attr': 'Drinks lots of milk'}], [26, {'name': 'dietary habit', 'attr': 'Eats little or no shellfish'}], [27, {'name': 'dietary habit', 'attr': 'Eats little or no fish'}], [28, {'name': 'dietary habit', 'attr': 'Adds lots of salt at table'}], [29, {'name': 'dietary habit', 'attr': 'Eats little to no frozen food'}], [30, {'name': 'dietary habit', 'attr': 'Eats few to no meals outside home'}], [31, {'name': 'dietary habit', 'attr': 'Takes more supplements'}], [32, {'name': 'dietary habit', 'attr': 'Drinks lots of water'}], [33, {'name': 'dietary habit', 'attr': 'Claims to have a good diet'}], [34, {'name': 'dietary habit', 'attr': 'Ate more food than usual'}], [35, {'name': 'dietary habit', 'attr': 'Ate less food than usual'}], [36, {'name': 'dietary habit', 'attr': 'Eats low salt diet'}], [37, {'name': 'status', 'attr': 'Weight loss/Low calorie diet'}], [38, {'name': 'user_nutrition_tag', 'attr': 'low_calorie'}], [39, {'name': 'status', 'attr': 'Sugar free/Low sugar diet'}]]","[[1, 'belongs to', 2], [1, 'has', 3], [1, 'has', 4], [1, 'has', 5], [1, 'has', 6], [1, 'has', 7], [1, 'has', 8], [1, 'has', 9], [1, 'has', 10], [1, 'has', 11], [1, 'has', 12], [1, 'has', 13], [1, 'has', 14], [1, 'has', 15], [1, 'has', 16], [1, 'has', 17], [1, 'has', 18], [1, 'has', 19], [1, 'has', 20], [1, 'belongs to', 21], [1, 'belongs to', 22], [1, 'belongs to', 23], [1, 'belongs to', 24], [0, 'has', 25], [0, 'has', 26], [0, 'has', 27], [0, 'has', 28], [0, 'has', 29], [0, 'has', 30], [0, 'has', 31], [0, 'has', 32], [0, 'has', 33], [0, 'has', 34], [0, 'has', 35], [0, 'has', 36], [0, 'has', 37], [37, 'need', 38], [0, 'has', 39], [39, 'match', 22]]"
medium,"Based on the nutrients the food provides and the user needs, please answer whether the food ""Almond chicken"" is healthy for the user? Please answer with yes or no.",Yes,"Based on the nutrients the food provides and the user needs, please answer what nutrient tags are used to determine whether the food ""Almond chicken"" is healthy or unhealthy for the user?","low_carb, low_sugar","Based on the nutrients the food provides and the user needs, please answer whether the food ""Almond chicken"" is healthy for the user? Please answer with a short sentence explaining why.","Yes, because the food is low in carb, low in sugar. ","[[1, {'name': 27445250, 'attr': 'Almond chicken'}], [2, {'name': 'category', 'attr': 'Stir-fry and soy-based sauce mixtures'}], [3, {'name': 'ingredient', 'attr': 'Chicken, NS as to part, rotisserie, skin not eaten'}], [4, {'name': 'ingredient', 'attr': 'Oil, sesame, salad or cooking'}], [5, {'name': 'ingredient', 'attr': 'Vinegar, cider'}], [6, {'name': 'ingredient', 'attr': 'Sauce, hoisin, ready-to-serve'}], [7, {'name': 'ingredient', 'attr': 'Sauce, oyster, ready-to-serve'}], [8, {'name': 'ingredient', 'attr': 'Soup, chicken broth, low sodium, canned'}], [9, {'name': 'ingredient', 'attr': 'Onions, spring or scallions (includes tops and bulb), raw'}], [10, {'name': 'ingredient', 'attr': 'Red pepper, cooked, as ingredient'}], [11, {'name': 'ingredient', 'attr': 'Peppers, jalapeno, raw'}], [12, {'name': 'ingredient', 'attr': 'Nuts, almonds, dry roasted, without salt added'}], [13, {'name': 'ingredient', 'attr': 'Ginger root, raw'}], [14, {'name': 'ingredient', 'attr': 'Garlic, raw'}], [15, {'name': 'ingredient', 'attr': 'Cornstarch'}], [16, {'name': 'ingredient', 'attr': 'Soy sauce made from soy and wheat (shoyu)'}], [17, {'name': 'ingredient', 'attr': 'Vegetable oil, NFS'}], [18, {'name': 'ingredient', 'attr': 'Peppers, hot chile, sun-dried'}], [19, {'name': 'ingredient', 'attr': 'Peppers, sweet, red, cooked, boiled, drained, without salt'}], [20, {'name': 'ingredient', 'attr': 'Onions, young green, tops only'}], [21, {'name': 'food_nutrition_tag', 'attr': 'low_carb'}], [22, {'name': 'food_nutrition_tag', 'attr': 'low_sugar'}], [23, {'name': 'food_nutrition_tag', 'attr': 'high_sodium'}], [24, {'name': 'food_nutrition_tag', 'attr': 'low_saturated_fat'}], [0, {'name': 96245, 'attr': 'user'}], [25, {'name': 'dietary habit', 'attr': 'Drinks lots of milk'}], [26, {'name': 'dietary habit', 'attr': 'Eats little or no shellfish'}], [27, {'name': 'dietary habit', 'attr': 'Eats lots of fish'}], [28, {'name': 'dietary habit', 'attr': 'Adds little to no salt at table'}], [29, {'name': 'dietary habit', 'attr': 'Eats little to no frozen food'}], [30, {'name': 'dietary habit', 'attr': 'Eats few to no meals outside home'}], [31, {'name': 'dietary habit', 'attr': 'Eats few to no ready to eat meals'}], [32, {'name': 'dietary habit', 'attr': 'Uses lots of salt in preparation'}], [33, {'name': 'dietary habit', 'attr': 'Ate more food than usual'}], [34, {'name': 'status', 'attr': 'obesity'}], [35, {'name': 'user_nutrition_tag', 'attr': 'low_calorie'}], [36, {'name': 'status', 'attr': 'diabetes'}]]","[[1, 'belongs to', 2], [1, 'has', 3], [1, 'has', 4], [1, 'has', 5], [1, 'has', 6], [1, 'has', 7], [1, 'has', 8], [1, 'has', 9], [1, 'has', 10], [1, 'has', 11], [1, 'has', 12], [1, 'has', 13], [1, 'has', 14], [1, 'has', 15], [1, 'has', 16], [1, 'has', 17], [1, 'has', 18], [1, 'has', 19], [1, 'has', 20], [1, 'belongs to', 21], [1, 'belongs to', 22], [1, 'belongs to', 23], [1, 'belongs to', 24], [0, 'has', 25], [0, 'has', 26], [0, 'has', 27], [0, 'has', 28], [0, 'has', 29], [0, 'has', 30], [0, 'has', 31], [0, 'has', 32], [0, 'has', 33], [0, 'has', 34], [34, 'need', 35], [0, 'has', 36], [36, 'match', 22], [36, 'match', 21]]"
medium,"Based on the nutrients the food provides and the user needs, please answer whether the food ""Almond chicken"" is healthy for the user? Please answer with yes or no.",Yes,"Based on the nutrients the food provides and the user needs, please answer what nutrient tags are used to determine whether the food ""Almond chicken"" is healthy or unhealthy for the user?","low_carb, low_saturated_fat","Based on the nutrients the food provides and the user needs, please answer whether the food ""Almond chicken"" is healthy for the user? Please answer with a short sentence explaining why.","Yes, because the food is low in carb, low in saturated_fat. ","[[1, {'name': 27445250, 'attr': 'Almond chicken'}], [2, {'name': 'category', 'attr': 'Stir-fry and soy-based sauce mixtures'}], [3, {'name': 'ingredient', 'attr': 'Chicken, NS as to part, rotisserie, skin not eaten'}], [4, {'name': 'ingredient', 'attr': 'Oil, sesame, salad or cooking'}], [5, {'name': 'ingredient', 'attr': 'Vinegar, cider'}], [6, {'name': 'ingredient', 'attr': 'Sauce, hoisin, ready-to-serve'}], [7, {'name': 'ingredient', 'attr': 'Sauce, oyster, ready-to-serve'}], [8, {'name': 'ingredient', 'attr': 'Soup, chicken broth, low sodium, canned'}], [9, {'name': 'ingredient', 'attr': 'Onions, spring or scallions (includes tops and bulb), raw'}], [10, {'name': 'ingredient', 'attr': 'Red pepper, cooked, as ingredient'}], [11, {'name': 'ingredient', 'attr': 'Peppers, jalapeno, raw'}], [12, {'name': 'ingredient', 'attr': 'Nuts, almonds, dry roasted, without salt added'}], [13, {'name': 'ingredient', 'attr': 'Ginger root, raw'}], [14, {'name': 'ingredient', 'attr': 'Garlic, raw'}], [15, {'name': 'ingredient', 'attr': 'Cornstarch'}], [16, {'name': 'ingredient', 'attr': 'Soy sauce made from soy and wheat (shoyu)'}], [17, {'name': 'ingredient', 'attr': 'Vegetable oil, NFS'}], [18, {'name': 'ingredient', 'attr': 'Peppers, hot chile, sun-dried'}], [19, {'name': 'ingredient', 'attr': 'Peppers, sweet, red, cooked, boiled, drained, without salt'}], [20, {'name': 'ingredient', 'attr': 'Onions, young green, tops only'}], [21, {'name': 'food_nutrition_tag', 'attr': 'low_carb'}], [22, {'name': 'food_nutrition_tag', 'attr': 'low_sugar'}], [23, {'name': 'food_nutrition_tag', 'attr': 'high_sodium'}], [24, {'name': 'food_nutrition_tag', 'attr': 'low_saturated_fat'}], [0, {'name': 64194, 'attr': 'user'}], [25, {'name': 'dietary habit', 'attr': 'Eats little or no shellfish'}], [26, {'name': 'dietary habit', 'attr': 'Eats lots of fish'}], [27, {'name': 'dietary habit', 'attr': 'Adds little to no salt at table'}], [28, {'name': 'dietary habit', 'attr': 'Light cigarette smoker'}], [29, {'name': 'dietary habit', 'attr': 'Drinks Alcohol less than average'}], [30, {'name': 'dietary habit', 'attr': 'Eats little to no fast food'}], [31, {'name': 'dietary habit', 'attr': 'Eats little to no frozen food'}], [32, {'name': 'dietary habit', 'attr': 'Eats few to no ready to eat meals'}], [33, {'name': 'dietary habit', 'attr': 'Takes more supplements'}], [34, {'name': 'dietary habit', 'attr': 'Uses lots of salt in preparation'}], [35, {'name': 'dietary habit', 'attr': 'Ate more food than usual'}], [36, {'name': 'dietary habit', 'attr': 'Ate less food than usual'}], [37, {'name': 'dietary habit', 'attr': 'Eats weight loss diet'}], [38, {'name': 'dietary habit', 'attr': 'Eats high protein diet'}], [39, {'name': 'status', 'attr': 'obesity'}], [40, {'name': 'user_nutrition_tag', 'attr': 'low_calorie'}], [41, {'name': 'status', 'attr': 'Low fat/Low cholesterol diet'}], [42, {'name': 'user_nutrition_tag', 'attr': 'low_cholesterol'}], [43, {'name': 'status', 'attr': 'Low carbohydrate diet'}]]","[[1, 'belongs to', 2], [1, 'has', 3], [1, 'has', 4], [1, 'has', 5], [1, 'has', 6], [1, 'has', 7], [1, 'has', 8], [1, 'has', 9], [1, 'has', 10], [1, 'has', 11], [1, 'has', 12], [1, 'has', 13], [1, 'has', 14], [1, 'has', 15], [1, 'has', 16], [1, 'has', 17], [1, 'has', 18], [1, 'has', 19], [1, 'has', 20], [1, 'belongs to', 21], [1, 'belongs to', 22], [1, 'belongs to', 23], [1, 'belongs to', 24], [0, 'has', 25], [0, 'has', 26], [0, 'has', 27], [0, 'has', 28], [0, 'has', 29], [0, 'has', 30], [0, 'has', 31], [0, 'has', 32], [0, 'has', 33], [0, 'has', 34], [0, 'has', 35], [0, 'has', 36], [0, 'has', 37], [0, 'has', 38], [0, 'has', 39], [39, 'need', 40], [0, 'has', 41], [41, 'need', 42], [41, 'match', 24], [0, 'has', 43], [43, 'match', 21]]"
medium,"Based on the nutrients the food provides and the user needs, please answer whether the food ""Almond chicken"" is healthy for the user? Please answer with yes or no.",Yes,"Based on the nutrients the food provides and the user needs, please answer what nutrient tags are used to determine whether the food ""Almond chicken"" is healthy or unhealthy for the user?","low_sugar, low_saturated_fat","Based on the nutrients the food provides and the user needs, please answer whether the food ""Almond chicken"" is healthy for the user? Please answer with a short sentence explaining why.","Yes, because the food is low in sugar, low in saturated_fat. ","[[1, {'name': 27445250, 'attr': 'Almond chicken'}], [2, {'name': 'category', 'attr': 'Stir-fry and soy-based sauce mixtures'}], [3, {'name': 'ingredient', 'attr': 'Chicken, NS as to part, rotisserie, skin not eaten'}], [4, {'name': 'ingredient', 'attr': 'Oil, sesame, salad or cooking'}], [5, {'name': 'ingredient', 'attr': 'Vinegar, cider'}], [6, {'name': 'ingredient', 'attr': 'Sauce, hoisin, ready-to-serve'}], [7, {'name': 'ingredient', 'attr': 'Sauce, oyster, ready-to-serve'}], [8, {'name': 'ingredient', 'attr': 'Soup, chicken broth, low sodium, canned'}], [9, {'name': 'ingredient', 'attr': 'Onions, spring or scallions (includes tops and bulb), raw'}], [10, {'name': 'ingredient', 'attr': 'Red pepper, cooked, as ingredient'}], [11, {'name': 'ingredient', 'attr': 'Peppers, jalapeno, raw'}], [12, {'name': 'ingredient', 'attr': 'Nuts, almonds, dry roasted, without salt added'}], [13, {'name': 'ingredient', 'attr': 'Ginger root, raw'}], [14, {'name': 'ingredient', 'attr': 'Garlic, raw'}], [15, {'name': 'ingredient', 'attr': 'Cornstarch'}], [16, {'name': 'ingredient', 'attr': 'Soy sauce made from soy and wheat (shoyu)'}], [17, {'name': 'ingredient', 'attr': 'Vegetable oil, NFS'}], [18, {'name': 'ingredient', 'attr': 'Peppers, hot chile, sun-dried'}], [19, {'name': 'ingredient', 'attr': 'Peppers, sweet, red, cooked, boiled, drained, without salt'}], [20, {'name': 'ingredient', 'attr': 'Onions, young green, tops only'}], [21, {'name': 'food_nutrition_tag', 'attr': 'low_carb'}], [22, {'name': 'food_nutrition_tag', 'attr': 'low_sugar'}], [23, {'name': 'food_nutrition_tag', 'attr': 'high_sodium'}], [24, {'name': 'food_nutrition_tag', 'attr': 'low_saturated_fat'}], [0, {'name': 26649, 'attr': 'user'}], [25, {'name': 'dietary habit', 'attr': 'Drinks lots of milk'}], [26, {'name': 'dietary habit', 'attr': 'Eats little or no shellfish'}], [27, {'name': 'dietary habit', 'attr': 'Eats little or no fish'}], [28, {'name': 'dietary habit', 'attr': 'Drinks Alcohol less than average'}], [29, {'name': 'dietary habit', 'attr': 'Takes few or no supplements'}], [30, {'name': 'dietary habit', 'attr': 'Uses lots of salt in preparation'}], [31, {'name': 'dietary habit', 'attr': 'Ate more food than usual'}], [32, {'name': 'dietary habit', 'attr': 'Ate less food than usual'}], [33, {'name': 'dietary habit', 'attr': 'Eats weight loss diet'}], [34, {'name': 'dietary habit', 'attr': 'Eats low salt diet'}], [35, {'name': 'status', 'attr': 'Weight loss/Low calorie diet'}], [36, {'name': 'user_nutrition_tag', 'attr': 'low_calorie'}], [37, {'name': 'status', 'attr': 'Low fat/Low cholesterol diet'}], [38, {'name': 'user_nutrition_tag', 'attr': 'low_cholesterol'}], [39, {'name': 'status', 'attr': 'Sugar free/Low sugar diet'}]]","[[1, 'belongs to', 2], [1, 'has', 3], [1, 'has', 4], [1, 'has', 5], [1, 'has', 6], [1, 'has', 7], [1, 'has', 8], [1, 'has', 9], [1, 'has', 10], [1, 'has', 11], [1, 'has', 12], [1, 'has', 13], [1, 'has', 14], [1, 'has', 15], [1, 'has', 16], [1, 'has', 17], [1, 'has', 18], [1, 'has', 19], [1, 'has', 20], [1, 'belongs to', 21], [1, 'belongs to', 22], [1, 'belongs to', 23], [1, 'belongs to', 24], [0, 'has', 25], [0, 'has', 26], [0, 'has', 27], [0, 'has', 28], [0, 'has', 29], [0, 'has', 30], [0, 'has', 31], [0, 'has', 32], [0, 'has', 33], [0, 'has', 34], [0, 'has', 35], [35, 'need', 36], [0, 'has', 37], [37, 'need', 38], [37, 'match', 24], [0, 'has', 39], [39, 'match', 22]]"
medium,"Based on the nutrients the food provides and the user needs, please answer whether the food ""Almond chicken"" is healthy for the user? Please answer with yes or no.",Yes,"Based on the nutrients the food provides and the user needs, please answer what nutrient tags are used to determine whether the food ""Almond chicken"" is healthy or unhealthy for the user?","low_carb, low_sugar, low_saturated_fat","Based on the nutrients the food provides and the user needs, please answer whether the food ""Almond chicken"" is healthy for the user? Please answer with a short sentence explaining why.","Yes, because the food is low in carb, low in sugar, low in saturated_fat. ","[[1, {'name': 27445250, 'attr': 'Almond chicken'}], [2, {'name': 'category', 'attr': 'Stir-fry and soy-based sauce mixtures'}], [3, {'name': 'ingredient', 'attr': 'Chicken, NS as to part, rotisserie, skin not eaten'}], [4, {'name': 'ingredient', 'attr': 'Oil, sesame, salad or cooking'}], [5, {'name': 'ingredient', 'attr': 'Vinegar, cider'}], [6, {'name': 'ingredient', 'attr': 'Sauce, hoisin, ready-to-serve'}], [7, {'name': 'ingredient', 'attr': 'Sauce, oyster, ready-to-serve'}], [8, {'name': 'ingredient', 'attr': 'Soup, chicken broth, low sodium, canned'}], [9, {'name': 'ingredient', 'attr': 'Onions, spring or scallions (includes tops and bulb), raw'}], [10, {'name': 'ingredient', 'attr': 'Red pepper, cooked, as ingredient'}], [11, {'name': 'ingredient', 'attr': 'Peppers, jalapeno, raw'}], [12, {'name': 'ingredient', 'attr': 'Nuts, almonds, dry roasted, without salt added'}], [13, {'name': 'ingredient', 'attr': 'Ginger root, raw'}], [14, {'name': 'ingredient', 'attr': 'Garlic, raw'}], [15, {'name': 'ingredient', 'attr': 'Cornstarch'}], [16, {'name': 'ingredient', 'attr': 'Soy sauce made from soy and wheat (shoyu)'}], [17, {'name': 'ingredient', 'attr': 'Vegetable oil, NFS'}], [18, {'name': 'ingredient', 'attr': 'Peppers, hot chile, sun-dried'}], [19, {'name': 'ingredient', 'attr': 'Peppers, sweet, red, cooked, boiled, drained, without salt'}], [20, {'name': 'ingredient', 'attr': 'Onions, young green, tops only'}], [21, {'name': 'food_nutrition_tag', 'attr': 'low_carb'}], [22, {'name': 'food_nutrition_tag', 'attr': 'low_sugar'}], [23, {'name': 'food_nutrition_tag', 'attr': 'high_sodium'}], [24, {'name': 'food_nutrition_tag', 'attr': 'low_saturated_fat'}], [0, {'name': 99954, 'attr': 'user'}], [25, {'name': 'dietary habit', 'attr': 'Drinks lots of milk'}], [26, {'name': 'dietary habit', 'attr': 'Eats little or no shellfish'}], [27, {'name': 'dietary habit', 'attr': 'Eats little or no fish'}], [28, {'name': 'dietary habit', 'attr': 'Adds little to no salt at table'}], [29, {'name': 'dietary habit', 'attr': 'Light cigarette smoker'}], [30, {'name': 'dietary habit', 'attr': 'Eats little to no frozen food'}], [31, {'name': 'dietary habit', 'attr': 'Eats few to no meals outside home'}], [32, {'name': 'dietary habit', 'attr': 'Eats few to no ready to eat meals'}], [33, {'name': 'dietary habit', 'attr': 'Takes more supplements'}], [34, {'name': 'dietary habit', 'attr': 'Uses lots of salt in preparation'}], [35, {'name': 'dietary habit', 'attr': 'Claims to have a good diet'}], [36, {'name': 'dietary habit', 'attr': 'Ate more food than usual'}], [37, {'name': 'dietary habit', 'attr': 'Ate less food than usual'}], [38, {'name': 'dietary habit', 'attr': 'Eats weight loss diet'}], [39, {'name': 'dietary habit', 'attr': 'Eats high fiber diet'}], [40, {'name': 'status', 'attr': 'Low fat/Low cholesterol diet'}], [41, {'name': 'user_nutrition_tag', 'attr': 'low_cholesterol'}], [42, {'name': 'status', 'attr': 'Diabetic diet'}]]","[[1, 'belongs to', 2], [1, 'has', 3], [1, 'has', 4], [1, 'has', 5], [1, 'has', 6], [1, 'has', 7], [1, 'has', 8], [1, 'has', 9], [1, 'has', 10], [1, 'has', 11], [1, 'has', 12], [1, 'has', 13], [1, 'has', 14], [1, 'has', 15], [1, 'has', 16], [1, 'has', 17], [1, 'has', 18], [1, 'has', 19], [1, 'has', 20], [1, 'belongs to', 21], [1, 'belongs to', 22], [1, 'belongs to', 23], [1, 'belongs to', 24], [0, 'has', 25], [0, 'has', 26], [0, 'has', 27], [0, 'has', 28], [0, 'has', 29], [0, 'has', 30], [0, 'has', 31], [0, 'has', 32], [0, 'has', 33], [0, 'has', 34], [0, 'has', 35], [0, 'has', 36], [0, 'has', 37], [0, 'has', 38], [0, 'has', 39], [0, 'has', 40], [40, 'need', 41], [40, 'match', 24], [0, 'has', 42], [42, 'match', 22], [42, 'match', 21]]"
medium,"Based on the nutrients the food provides and the user needs, please answer whether the food ""Almond chicken"" is healthy for the user? Please answer with yes or no.",Yes,"Based on the nutrients the food provides and the user needs, please answer what nutrient tags are used to determine whether the food ""Almond chicken"" is healthy or unhealthy for the user?","low_carb, low_sugar","Based on the nutrients the food provides and the user needs, please answer whether the food ""Almond chicken"" is healthy for the user? Please answer with a short sentence explaining why.","Yes, because the food is low in carb, low in sugar. ","[[1, {'name': 27445250, 'attr': 'Almond chicken'}], [2, {'name': 'category', 'attr': 'Stir-fry and soy-based sauce mixtures'}], [3, {'name': 'ingredient', 'attr': 'Chicken, NS as to part, rotisserie, skin not eaten'}], [4, {'name': 'ingredient', 'attr': 'Oil, sesame, salad or cooking'}], [5, {'name': 'ingredient', 'attr': 'Vinegar, cider'}], [6, {'name': 'ingredient', 'attr': 'Sauce, hoisin, ready-to-serve'}], [7, {'name': 'ingredient', 'attr': 'Sauce, oyster, ready-to-serve'}], [8, {'name': 'ingredient', 'attr': 'Soup, chicken broth, low sodium, canned'}], [9, {'name': 'ingredient', 'attr': 'Onions, spring or scallions (includes tops and bulb), raw'}], [10, {'name': 'ingredient', 'attr': 'Red pepper, cooked, as ingredient'}], [11, {'name': 'ingredient', 'attr': 'Peppers, jalapeno, raw'}], [12, {'name': 'ingredient', 'attr': 'Nuts, almonds, dry roasted, without salt added'}], [13, {'name': 'ingredient', 'attr': 'Ginger root, raw'}], [14, {'name': 'ingredient', 'attr': 'Garlic, raw'}], [15, {'name': 'ingredient', 'attr': 'Cornstarch'}], [16, {'name': 'ingredient', 'attr': 'Soy sauce made from soy and wheat (shoyu)'}], [17, {'name': 'ingredient', 'attr': 'Vegetable oil, NFS'}], [18, {'name': 'ingredient', 'attr': 'Peppers, hot chile, sun-dried'}], [19, {'name': 'ingredient', 'attr': 'Peppers, sweet, red, cooked, boiled, drained, without salt'}], [20, {'name': 'ingredient', 'attr': 'Onions, young green, tops only'}], [21, {'name': 'food_nutrition_tag', 'attr': 'low_carb'}], [22, {'name': 'food_nutrition_tag', 'attr': 'low_sugar'}], [23, {'name': 'food_nutrition_tag', 'attr': 'high_sodium'}], [24, {'name': 'food_nutrition_tag', 'attr': 'low_saturated_fat'}], [0, {'name': 122474, 'attr': 'user'}], [25, {'name': 'dietary habit', 'attr': 'Drinks little or no milk'}], [26, {'name': 'dietary habit', 'attr': 'Eats little or no shellfish'}], [27, {'name': 'dietary habit', 'attr': 'Adds lots of salt at table'}], [28, {'name': 'dietary habit', 'attr': 'Eats lots of fast food'}], [29, {'name': 'dietary habit', 'attr': 'Eats lots of frozen food'}], [30, {'name': 'dietary habit', 'attr': 'Eats many ready to eat meals'}], [31, {'name': 'dietary habit', 'attr': 'Often check nutrition labels'}], [32, {'name': 'dietary habit', 'attr': 'Uses lots of salt in preparation'}], [33, {'name': 'dietary habit', 'attr': 'Drinks lots of water'}], [34, {'name': 'dietary habit', 'attr': 'Claims to have a good diet'}], [35, {'name': 'dietary habit', 'attr': 'Ate more food than usual'}], [36, {'name': 'dietary habit', 'attr': 'Ate less food than usual'}], [37, {'name': 'dietary habit', 'attr': 'Eats high fiber diet'}], [38, {'name': 'status', 'attr': 'Diabetic diet'}]]","[[1, 'belongs to', 2], [1, 'has', 3], [1, 'has', 4], [1, 'has', 5], [1, 'has', 6], [1, 'has', 7], [1, 'has', 8], [1, 'has', 9], [1, 'has', 10], [1, 'has', 11], [1, 'has', 12], [1, 'has', 13], [1, 'has', 14], [1, 'has', 15], [1, 'has', 16], [1, 'has', 17], [1, 'has', 18], [1, 'has', 19], [1, 'has', 20], [1, 'belongs to', 21], [1, 'belongs to', 22], [1, 'belongs to', 23], [1, 'belongs to', 24], [0, 'has', 25], [0, 'has', 26], [0, 'has', 27], [0, 'has', 28], [0, 'has', 29], [0, 'has', 30], [0, 'has', 31], [0, 'has', 32], [0, 'has', 33], [0, 'has', 34], [0, 'has', 35], [0, 'has', 36], [0, 'has', 37], [0, 'has', 38], [38, 'match', 22], [38, 'match', 21]]"
hard,"Based on the nutrients the food provides and the user needs, please answer whether the food ""Almond chicken"" is healthy for the user? Please answer with yes or no.",Yes,"Based on the nutrients the food provides and the user needs, please answer what nutrient tags are used to determine whether the food ""Almond chicken"" is healthy or unhealthy for the user?","low_carb, low_sugar, high_sodium, low_saturated_fat","Based on the nutrients the food provides and the user needs, please answer whether the food ""Almond chicken"" is healthy for the user? Please answer with a short sentence explaining why.","Yes, because the food is low in carb, low in sugar, low in saturated_fat. ","[[1, {'name': 27445250, 'attr': 'Almond chicken'}], [2, {'name': 'category', 'attr': 'Stir-fry and soy-based sauce mixtures'}], [3, {'name': 'ingredient', 'attr': 'Chicken, NS as to part, rotisserie, skin not eaten'}], [4, {'name': 'ingredient', 'attr': 'Oil, sesame, salad or cooking'}], [5, {'name': 'ingredient', 'attr': 'Vinegar, cider'}], [6, {'name': 'ingredient', 'attr': 'Sauce, hoisin, ready-to-serve'}], [7, {'name': 'ingredient', 'attr': 'Sauce, oyster, ready-to-serve'}], [8, {'name': 'ingredient', 'attr': 'Soup, chicken broth, low sodium, canned'}], [9, {'name': 'ingredient', 'attr': 'Onions, spring or scallions (includes tops and bulb), raw'}], [10, {'name': 'ingredient', 'attr': 'Red pepper, cooked, as ingredient'}], [11, {'name': 'ingredient', 'attr': 'Peppers, jalapeno, raw'}], [12, {'name': 'ingredient', 'attr': 'Nuts, almonds, dry roasted, without salt added'}], [13, {'name': 'ingredient', 'attr': 'Ginger root, raw'}], [14, {'name': 'ingredient', 'attr': 'Garlic, raw'}], [15, {'name': 'ingredient', 'attr': 'Cornstarch'}], [16, {'name': 'ingredient', 'attr': 'Soy sauce made from soy and wheat (shoyu)'}], [17, {'name': 'ingredient', 'attr': 'Vegetable oil, NFS'}], [18, {'name': 'ingredient', 'attr': 'Peppers, hot chile, sun-dried'}], [19, {'name': 'ingredient', 'attr': 'Peppers, sweet, red, cooked, boiled, drained, without salt'}], [20, {'name': 'ingredient', 'attr': 'Onions, young green, tops only'}], [21, {'name': 'food_nutrition_tag', 'attr': 'low_carb'}], [22, {'name': 'food_nutrition_tag', 'attr': 'low_sugar'}], [23, {'name': 'food_nutrition_tag', 'attr': 'high_sodium'}], [24, {'name': 'food_nutrition_tag', 'attr': 'low_saturated_fat'}], [0, {'name': 98990, 'attr': 'user'}], [25, {'name': 'dietary habit', 'attr': 'Eats little or no shellfish'}], [26, {'name': 'dietary habit', 'attr': 'Eats little or no fish'}], [27, {'name': 'dietary habit', 'attr': 'Uses tobacco often'}], [28, {'name': 'dietary habit', 'attr': 'Drinks Alcohol more than average'}], [29, {'name': 'dietary habit', 'attr': 'Takes few or no supplements'}], [30, {'name': 'dietary habit', 'attr': 'Uses little to no salt in preparation'}], [31, {'name': 'dietary habit', 'attr': 'Drinks little water'}], [32, {'name': 'dietary habit', 'attr': 'Claims to have a poor diet'}], [33, {'name': 'dietary habit', 'attr': 'Ate more food than usual'}], [34, {'name': 'dietary habit', 'attr': 'Ate less food than usual'}], [35, {'name': 'dietary habit', 'attr': 'Eats weight loss diet'}], [36, {'name': 'dietary habit', 'attr': 'Eats low fat diet'}], [37, {'name': 'dietary habit', 'attr': 'Eats high fiber diet'}], [38, {'name': 'status', 'attr': 'opioid_misuse'}], [39, {'name': 'user_nutrition_tag', 'attr': 'high_protein'}], [40, {'name': 'status', 'attr': 'diabetes'}], [41, {'name': 'status', 'attr': 'Low fat/Low cholesterol diet'}], [42, {'name': 'user_nutrition_tag', 'attr': 'low_cholesterol'}], [43, {'name': 'status', 'attr': 'Low salt/Low sodium diet'}], [44, {'name': 'status', 'attr': 'Diabetic diet'}]]","[[1, 'belongs to', 2], [1, 'has', 3], [1, 'has', 4], [1, 'has', 5], [1, 'has', 6], [1, 'has', 7], [1, 'has', 8], [1, 'has', 9], [1, 'has', 10], [1, 'has', 11], [1, 'has', 12], [1, 'has', 13], [1, 'has', 14], [1, 'has', 15], [1, 'has', 16], [1, 'has', 17], [1, 'has', 18], [1, 'has', 19], [1, 'has', 20], [1, 'belongs to', 21], [1, 'belongs to', 22], [1, 'belongs to', 23], [1, 'belongs to', 24], [0, 'has', 25], [0, 'has', 26], [0, 'has', 27], [0, 'has', 28], [0, 'has', 29], [0, 'has', 30], [0, 'has', 31], [0, 'has', 32], [0, 'has', 33], [0, 'has', 34], [0, 'has', 35], [0, 'has', 36], [0, 'has', 37], [0, 'has', 38], [38, 'need', 39], [38, 'match', 22], [38, 'contradict', 23], [0, 'has', 40], [40, 'match', 22], [40, 'match', 21], [0, 'has', 41], [41, 'need', 42], [41, 'match', 24], [0, 'has', 43], [43, 'contradict', 23], [0, 'has', 44], [44, 'match', 22], [44, 'match', 21]]"
