FHDI_Drug_ID,Drug_Name,Synonyms,Drug_Type,Company,Summary,Formula,Canonical_SMILES,InChI,InChIKey,TTD_ID,DrugBank_ID,PubChem_Compound_ID,PubChem_Substance_ID,ChEBI_ID,CAS_Number,ADReCS_Drug_ID
D00001,Polyethylene Glycol,"ETHYLENE GLYCOL; Ethane-1,2-diol; 1,2-ethanediol; 107-21-1; glycol; monoethylene glycol; 1,2-Dihydroxyethane; 2-hydroxyethanol; Glycol alcohol; polyethylene glycol; Ethylene alcohol; Macrogol; Fridex; Tescol; Ethylene dihydrate; Norkool; Macrogol 400 BPC; Dowtherm SR 1; Zerex; Ucar 17; Lutrol-9; ethyleneglycol; ethanediol; Aethylenglykol; Polyethylene glycol 200; Glycol, ethylene-; 1,2-Ethandiol; Glycols, polyethylene; Caswell No. 441; Ethylenglycol; Lutrol; Aethylenglykol [German]; Polyethylene glycol 600; 146AR; UNII-FC72KVT52F",Small molecular drug,,Polyethylene glycol is a laxative used to treat constipation and used for bowel preparation before colonoscopies and other procedures.,C2H6O2,C(CO)O,"1S/C2H6O2/c3-1-2-4/h3-4H,1-2H2",LYCAIKOWRPUZTN-UHFFFAOYSA-N,D0IV3M,DB09287,174,,CHEBI:30742,CAS 107-21-1,BADD_D01796
D00002,Betaine,Cystadane,Small molecular drug,Rare Disease Therapeutics Inc,Betaine is a methyl group donor used for the treatment of homocystinuria to decrease elevated homocysteine blood levels.,C5H11NO2,C[N+](C)(C)CC(=O)[O-],"1S/C5H11NO2/c1-6(2,3)4-5(7)8/h4H2,1-3H3",KWIUHFFTVRNATP-UHFFFAOYSA-N,D0XB8P,DB06756,247,"2165, 3985, 562302, 588253, 841599, 3138572, 4422026, 7978780, 8145492, 8150529, 10503467, 11537950, 12075420, 15297109, 24438624, 24848564, 24851128, 24882186, 24891511, 24891663, 46475638, 48415626, 49893456, 50123261, 51072627, 51091846, 53789902, 57320071, 57647743, 57651874, 58009761, 80573870, 85084160, 85164915, 85175607, 87563491, 91689506, 93617181, 103345809, 104294280, 118309370, 124441569, 124893590, 124893591, 125311874, 125337431, 126522973, 126645772, 126675693, 126676616",CHEBI:17750,CAS 107-43-7,BADD_D00259
D00003,Activated Charcoal,"Methane; methane; Methyl hydride; Marsh gas; Biogas; Fire Damp; 74-82-8; R 50 (refrigerant); methan; metano; (11c)methane; HSDB 167; Methane in gaseus state; Natural gas; tetrahydridocarbon; UNII-OP0UW79H66; UN1972; UN1971; (13c)methane; Medicinal charcoal; BRN 1718732; CH4; EINECS 200-812-7; Biodiesels; carbane; OP0UW79H66; CHEBI:16183; Methane-12C; VNWKTOKETHGBQD-UHFFFAOYSA-N; 150036-83-2; R 50; AC1L18XA; CHEMBL17564; Activated charcoal, for GC; 1034343-98-0; CTK2H7747; MolPort-018-618-244; KST-1A1563; KST-1A1445; AC1Q2825; AR-1A0497; AR-1A0383;  Kremezin; MP-146; Oral charcoal adsorbent, Kureha/Mitsubishi Tanabe/Ocera; Spherical adsorptive carbon microspheres, Kureha/Mitsubishi/Ocera; Carbonaceous oral adsorbent (CKD, IBD, IBS), Kureha/Mitsubishi/Ocera; Activated charcoal; PG-50",Small molecular drug,Kureha Corp,Activated charcoal is a gastric decontamination agent used in emergency clinical settings as a antidote to treat poisonings following excessive oral ingestion of certain medications or poisons.,CH4,C,1S/CH4/h1H4,VNWKTOKETHGBQD-UHFFFAOYSA-N,D06ZVG,DB09278,297,"2223, 2946, 4618, 839680, 841554, 3138216, 6553080, 7663573, 7886577, 7886581, 7886593, 7887504, 7888878, 8015294, 8015510, 8144980, 8150557, 10518886, 10534535, 10534679, 10535697, 10535699, 11688541, 14709422, 14867102, 15146225, 24438673, 24712262, 24845254, 24845790, 24845791, 24845792, 24845793, 24845817, 24845818, 24845819, 24849941, 24850843, 24850846, 24850849, 24853707, 24854396, 24854543, 24854544, 24854545, 24854546, 24857078, 24857552, 24857581, 24857598",CHEBI:16183,CAS 74-82-8,BADD_D00038
D00004,Coumarin,"coumarin; 2H-Chromen-2-one; 91-64-5; 2H-1-Benzopyran-2-one; cumarin; 1,2-Benzopyrone; Rattex; Tonka bean camphor; Coumarinic anhydride; chromen-2-one; Coumarine; Benzo-alpha-pyrone; cis-o-Coumarinic acid lactone; o-Hydroxycinnamic acid lactone; o-Hydroxycinnamic lactone; 2-Oxo-1,2-benzopyran; Coumarinic lactone; Kumarin; Benzo-a-pyrone; Kumarin [Czech]; 5,6-Benzo-2-pyrone; 2H-1-Benzopyran, 2-oxo-; 5,6-Benzo-alpha-pyrone; 2H-Benzo(b)pyran-2-one; 2H-Benzo[b]pyran-2-one; Caswell No. 259C; o-Coumaric acid lactone",Small molecular drug,,,C9H6O2,C1=CC=C2C(=C1)C=CC(=O)O2,1S/C9H6O2/c10-9-6-5-7-3-1-2-4-8(7)11-9/h1-6H,ZYGHJZDHTFUPRJ-UHFFFAOYSA-N,D03ZMQ,DB04665,323,,CHEBI:28794,CAS 91-64-5,
D00005,Salicylic Acid,"Salicylic acid; salicylic acid; 2-Hydroxybenzoic acid; 69-72-7; o-hydroxybenzoic acid; 2-Carboxyphenol; o-Carboxyphenol; Salonil; Rutranex; Retarder W; Keralyt; Freezone; Duoplant; Saligel; Ionil; Psoriacid-S-stift; salicylate; Stri-Dex; Salicylic acid soap; Benzoic acid, 2-hydroxy-; Salicylic acid collodion; Verrugon; Phenol-2-carboxylic acid; Acidum salicylicum; Trans-Ver-Sal; Orthohydroxybenzoic acid; 2-Hydroxybenzenecarboxylic acid; Acido salicilico; Ionil-Plus; Salicylic acid, tech; Kyselina salicylova; Clear away wart remover; Duofil wart;  Domerine; Duofilm; Occlusal; SAX; Salicylate; Sebucare; Sebulex; Acido salicilico [Italian]; Advanced pain relief callus removers; Advanced pain relief corn removers; Akurza Cream; Akurza Lotion; DHS Sal Shampoo; DuoPlant Gel; Duofil wart remover; Hydrisalic Gel; Ionil plus; Kyselina salicylova [Czech]; Mediplast pads; O Hydroxybenzoic Acid; Ortho Hydroxybenzoic Acid; Retarder SAX; Salex Cream; Salex Lotion; CMC_13852; K 537; ATA fraction 10, ammonium salt; Acid, Salicylic; Acido o-idrossibenzoico; Acido o-idrossibenzoico [Italian]; Kyselina 2-hydroxybenzoova; Kyselina 2-hydroxybenzoova [Czech]; O-Carboxyphenol; O-hydroxybenzoic acid; Ortho-Hydroxybenzoic Acid; P&S Shampoo; Phenol derivative, 7; Propa pH Peel-Off Acne Mask; SALICYLIC ACID (SEE ALSO ALPHA HYDROXY ACIDS); SALICYLIC ACID, ACS; Salicylic acid & Sulfur Soap; Salicylic acid (TN); Salicylic acid [USAN:JAN]; Acid, 2-Hydroxybenzoic; Acid, o-Hydroxybenzoic; Acid, ortho-Hydroxybenzoic; BENZOIC ACID,2-HYDROXY SALICYLIC ACID; Dr Scholl's callus removers; Dr Scholl's corn removers; Dr Scholl's wart remover kit; Salicylic acid (6CI,8CI); Salicylic acid (JP15/USP); Alpha/Beta Hydroxy Acids (Glycolic Acid, Salicylic Acid); Salicylic acid-ring-UL-14C; ALPHA/BETA HYDROXY ACIDS (SALICYLIC ACID) (SEE ALPHA/BETA HYDROXY ACIDS); Benzoic acid, 2-hydroxy-(9CI); E9A559BE-383B-4F83-BC02-3031D03D558A; 2 Hydroxybenzoic Acid; 2-hydroxy(1-14c)benzoic acid; SALICYLATE",Small molecular drug,,"Salicylic acid is an acid used to treat acne, psoriasis, calluses, corns, keratosis pilaris, and warts.",C7H6O3,C1=CC=C(C(=C1)C(=O)O)O,"1S/C7H6O3/c8-6-4-2-1-3-5(6)7(9)10/h1-4,8H,(H,9,10)",YGSDEFSMJLZEOE-UHFFFAOYSA-N,D07HBX,DB00936,338,"4063, 67116, 587978, 602430, 819755, 819897, 823464, 826329, 841486, 854399, 3135021, 6435737, 7694870, 7847165, 7890372, 7980555, 8139912, 8145741, 8150584, 10318573, 10533161, 11335476, 11360715, 11363842, 11366404, 11368966, 11377128, 11461687, 11494762, 14747739, 17435988, 17435989, 22391538, 24438713, 24715046, 24846714, 24854876, 24856524, 24888186, 24899681, 24899745, 24899797, 24901960, 26512236, 26736241, 26754507, 29215390, 29497303, 33247984, 46487944",CHEBI:16914,CAS 69-72-7,BADD_D01980
D00006,Bupropion,"bupropion; Amfebutamone; 34911-55-2; Amfebutamon; 2-(tert-butylamino)-1-(3-chlorophenyl)propan-1-one; amfebutamonum; Amfebutamona; (+-)-Bupropion; Wellbatrin; Bupropion [INN:BAN]; 34841-39-9; Elontril; Amfebutamonum [INN-Latin]; Zyban; Amfebutamona [INN-Spanish]; Bupropion SR; AMFEBUTAMONE HCl; alpha-(tert-butylamino)-m-chloropropiophenone; CHEMBL894; BRN 2101062; (+-)-1-(3-chlorophenyl)-2-((1,1-dimethylethyl)amino)-1-propanone; CHEBI:3219; SNPPWIUOZRMYNY-UHFFFAOYSA-N; 1-(3-chlorophenyl)-2-[(1,1-dimethylethyl)amino]propan-1-one;  Amfebutamon; Amfebutamonum; Elont; Bupropion Hcl; Bupropion hydrocloride; Bupropion (INN); Bupropion (Old RN); Bupropion (USAN); Alpha-(tert-Butylamino)-m-chloropropiophenone; Alpha-(tert-butylamino)-m-chloropropiophenone; (-)-2-(tert-Butylamino)-3'-chloropropiophenone; (-)-2-(tert-Butylamino)-3'-chlorpropiophenon; 1-Propanone; 2-(Tert-Butylamino)-3'-chloropropiophenone",Small molecular drug,GlaxoSmithKline plc,"Bupropion is a norepinephrine and dopamine reuptake inhibitor used in the treatment of major depressive disorder (MDD), seasonal affective disorder (SAD), and as an aid to smoking cessation.",C13H18ClNO,CC(C(=O)C1=CC(=CC=C1)Cl)NC(C)(C)C,"1S/C13H18ClNO/c1-9(15-13(2,3)4)12(16)10-6-5-7-11(14)8-10/h5-9,15H,1-4H3",SNPPWIUOZRMYNY-UHFFFAOYSA-N,D0X4ZR,DB01156,444,"9078, 794792, 4652643, 8150639, 11342225, 11362408, 11364557, 11367119, 11369681, 11371567, 11374307, 11377843, 11407107, 11466277, 11467397, 11485553, 11485993, 11487810, 11489475, 11490460, 11492429, 11495477, 15196401, 17425136, 24438813, 46386681, 46506896, 47217436, 47440956, 47515983, 47515984, 47589662, 47960423, 48335208, 48415666, 49681731, 49698964, 49832545, 50023786, 50105235, 51091903, 53786854, 56313588, 57320212, 79472453, 85209446, 85788458, 90340803, 92308360, 92308810",CHEBI:3219,CAS 34911-55-2,BADD_D00312
D00007,Aminocaproic Acid,"6-Aminohexanoic acid; 6-aminohexanoic acid; 6-Aminocaproic acid; aminocaproic acid; 60-32-2; amicar; Epsikapron; Caprocid; Capramol; Epsamon; EACA; Caprolisin; Acepramin; Hemocaprol; Epsicapron; Respramin; Amikar; EPSILON-AMINOCAPROIC ACID; Hexanoic acid, 6-amino-; Epsilcapramin; Aminokapron; Caplamin; Acepramine; Capracid; Hemopar; Ipsilon; Afibrin; Atsemin; Hepin; Epsilon S; Aminocaproic; Capralense; epsilon-Leucine; EACS; epsilon-Norleucine; epsilcapramine; 6-Amino-n-hexanoic acid; omega-Aminocaproic acid; epsilon-Aminohexanoic acid; 6-amino-hexanoic acid;  ACS; Amicar; Aminocaproate; Capranol; Caproamin; Epsicaprom; Epsilcapramine; Hemopar;Hepin; Acide aminocaproique; Acide aminocaproique [French]; Acide aminocaproque; Acido aminocaproico; Acidum aminocaproicum; Acidum aminocaproicum [Latin]; Aminocaproic Acid In Plastic Container; Aminocaproic Acids; Aminohexanoic acid; Eaca kabi; Epsilon Aminocaproic Acid; A 7824; CL 10304; CY 116; CY116; JD 177; Acide aminocaproique [INN-French]; Acido aminocaproico [DCIT,Spanish]; Acido aminocaproico [INN-Spanish]; Acidum aminocaproicum [INN-Latin]; Amicar (TN); Aminocaproic acid (USP); CL-10304; CY-116; Epsilon-Ahx; Epsilon-Aminocaproic acid; Epsilon-Aminocapronsaeure; Epsilon-Aminohexanoic acid; Epsilon-Leucine; Epsilon-Norleucine; Epsilon-aminocaproate; Epsilon-aminocapronzuur; Fullevir (TN); Kyselina omega-aminokapronova; Kyselina omega-aminokapronova [Czech]; Omega-Aminocaproic acid; Omega-Aminohexanoic acid; S04-0132; Acid, 6-Aminocaproic; Acid, 6-Aminohexanoic; Acid, epsilon-Aminocaproic; Aminocaproic acid (USP/INN); Aminocaproic acid [USAN:BAN:INN]; Aminocaproic acid [USAN:INN:BAN]; Epsilon-Aminocaproic acid (JAN); HEXANOIC ACID,6-AMINO; Epsilon-Amino-n-caproic acid; Epsilon-Amino-n-hexanoic acid; Amicar, A-amino caproic acid, A-Ahx, 6-aminohexanoic acid, Aminocaproic acid; 6 Aminocaproic Acid; 6 Aminohexanoic Acid; 6-amino-n-caproate; 6-amino-n-caproic acid; 6-aminohexanoate; 6-Amino Hexanoic Acid",Small molecular drug,Intelfarm Co.,Aminocaproic acid is an antifibrinolytic agent used to induce clotting postoperatively.,C6H13NO2,C(CCC(=O)O)CCN,"1S/C6H13NO2/c7-5-3-1-2-4-6(8)9/h1-5,7H2,(H,8,9)",SLXKOJJOQWFEFD-UHFFFAOYSA-N,D0FD0H,DB00513,564,"5420, 87073, 127775, 471451, 588079, 608071, 3131896, 4656524, 7847228, 7885665, 7885778, 7978686, 8143494, 8149196, 8150692, 10529215, 11110778, 11110779, 11133308, 11335726, 11360965, 11362812, 11365374, 11367936, 11373725, 11376098, 11461937, 11466988, 11468108, 11483938, 11486845, 11487947, 11491958, 11493852, 15119949, 17404645, 24278238, 24438930, 24701164, 24890662, 26522162, 26611600, 26679239, 26703793, 26717434, 26718589, 26747439, 26747440, 46391648, 46394356",CHEBI:16586,CAS 60-32-2,BADD_D00106
D00008,Lindane,"Aalindan; Aficide; Agrocide; Agronexit; Ameisenatod; Ameisentod; Aparasin; Aphtiria; Aphtitria; Aplidal; Arbitex; BBH; Benhexachlor; Benhexol; Benzanex; Benzex; Bexol; Celanex; Chloresene; Codechine; Devoran; Dolmix; Entomoxan; Esoderm; Exagama; Forlin; Gallogama; Gamacarbatox; Gamacid; Gamacide; Gamaphex; Gamene; Gamiso; Gammahexa; Gammahexane; Gammalin; Gammasan; Gammaterr; Gammex; Gammexane; Gammopaz; Gamtox; Geobilan; Gexane; Gyben; HCH; Hcch; Heclotox; Hecoltox; Hexa; Hexablanc; Hexachlor; Hexachloran; Hexachlorane; Hexamul; Hexapoudre; Hexatox; Hexaverm; Hexcidum; Hexicide; Hexit; Hexyclan; Hilbeech; Hortex; Inexit; Isatox; Isotox; Jacutin; Kokotine; Kwell; Lasochron; Lendine; Lentox; Lidenal; Lindafor; Lindagam; Lindagrain; Lindagranox; Lindalo; Lindamul; Lindan; Lindano; Lindanum; Lindapoudre; Lindaterra; Lindatox; Lindex; Lindosep; Lintox; Linvur; Lorexane; Mszycol; Nexit; Nicochloran; Novigam; Novigan; Omnitox; Ovadziak; Owadziak; PLK; Pedraczak; Pflanzol; Quellada; Scabene; Silvanol; Streunex; Submar; Viton; Agrocide III; Agrocide WP; Am eisenatod; Arcotal S; BHCor HCH; Borer Spray; DOL GRANULE; Eso derm; Gamma BHC; HCH [BSI]; HCH [ISO]; Hilbeec h; Isot ox; Lacco HI lin; Lindam ul; Mglawik L; New kotol; Nexen fb; PMS Lindane; Sang gamma; Agrocide 2; Agrocide6G; Agrocide 7; Bentox 10; Detox 25; Gamacide 20; Gammalin 20; Geolin G 3; Hungaria L7; Latka 666; Milbol 49; PS71_SUPELCO; TAP 85; Agrisol G-20; Alpha-BHC; Alpha-HCH; Ben-Hex; Beta-BHC; Beta-HCH; Beta-Lindane; Beta-isomer; D-BHC; Delta-BHC; Delta-HCH; ENT 7,796; ENT 8,601; ENT 9,232; ENT 9,233; ENT 9,234; Epsilon-HCH; Forst-nexen; Gamma-BHC; Gamma-HCH; Gamma-col; HCH (alpha); HCH (beta); KWELL (TN); Kwell-R; Nexen-fb; Nexi t-stark; Nexit-stark; Nexol-E; Sang-gamma; T-HCH; TRI-6; Trives-T",Small molecular drug,Morton Grove Pharmaceuticals,Lindane is an ectoparasiticide and ovicide used in the treatment of Pediculosis humanis capitis (head lice) and Phthirus pubis (crab lice).,C6H6Cl6,C1(C(C(C(C(C1Cl)Cl)Cl)Cl)Cl)Cl,1S/C6H6Cl6/c7-1-2(8)4(10)6(12)5(11)3(1)9/h1-6H,JLYXXMFPNIAWKQ-UHFFFAOYSA-N,D0Q5IN,DB00431,727,"2735, 9201, 9286, 73673, 73805, 76658, 76659, 4658839, 7847426, 8144346, 8145300, 8149403, 8150761, 10500892, 10500937, 10518423, 10518424, 10518425, 10527284, 10528463, 11335876, 11361115, 11364875, 11367437, 11369999, 11372078, 11374338, 11378168, 11462087, 11485444, 11489680, 11490676, 11492515, 11495743, 14709320, 14709537, 14998058, 15047529, 15072277, 15394319, 17396211, 22389434, 24439089, 24853974, 24858106, 24860177, 24860178, 24860554, 24862586, 24862672",CHEBI:24536,,BADD_D01294
D00009,Ardeparin,"Arteven; Bemiparin; Certoparin; Clivarine; Dalteparin; Eparina; Fluxum; Fraxiparin; Heparina; Heparinate; Heparine; Heparinum; Hepathrom; Innohep; Liquaemin; Liquemin; Logiparin; Multiparin; Nadroparin; Nadroparine; Novoheparin; Pabyrin; Parnaparin; Parvoparin; Pularin; Sandoparin; Subeparin; Sublingula; Thromboliquine; Tinzaparin; Triofiban; Vetren; Allocinnamic acid; Ardeparin sodium; Bemiparin sodium; Enoxaparin sodium; Eparina [DCIT]; Fragmin A; Fragmin B; Fragmin IV; Hep Flush Kit in plastic container; Heparin Lock Flush in plastic container; Heparin Lock Flush preservative free; Heparin Lock Flush preservative free in plastic container; Heparin natrium; Heparin sulfate; Heparinic acid; Heparinum natricum; Isocinnamic acid; Minolteparin sodium; Parnaparin sodium; Reviparin sodium; Sodium acid heparin; Sodium heparinate; Tinzaparin sodium; Vitrum AB; CY 216; Cy 222; FR 860; H 2149; Heparin CY 216; KB 101; Kabi 2165; LHN 1; Lioton 1000; OP 386; OP 622; Ro 11; WY 90493RD; ALFA 87-120; ALFA 87-163; ALFA 87-198; ALFA 87-81; ALFA 88-247; Alpha-Heparin; Cis-Cinnamic acid; Depo-Heparin; Hed-heparin; Hep-Lock; Heparin, sodium salt; Heparina [INN-Spanish]; Heparine [INN-French]; Heparinum [INN-Latin]; Hepflush-10; Inno-Hep; Normiflo (TN); Hep-Lock U/P; Cis-.beta.-Carboxystyrene",Small molecular drug,Celcius Laboratories ,"Ardeparin, marketed under the US trade name Normiflo, is a low molecular weight heparin (LMWH) anticoagulant used for the prevention of postoperative venous thrombosis. Ardeparin is derived via peroxide degradation of heparin extracted from porcine intestinal mucosa.",C26H42N2O37S5,CC(=O)NC1C(C(C(OC1O)COS(=O)(=O)O)OC2C(C(C(C(O2)C(=O)O)OC3C(C(C(C(O3)CO)OC4C(C(C(C(O4)C(=O)O)O)O)OS(=O)(=O)O)OS(=O)(=O)O)NS(=O)(=O)O)O)OS(=O)(=O)O)O,"1S/C26H42N2O37S5/c1-4(30)27-7-9(31)13(6(56-23(7)39)3-55-67(43,44)45)58-26-19(65-70(52,53)54)12(34)16(20(62-26)22(37)38)60-24-8(28-66(40,41)42)15(63-68(46,47)48)14(5(2-29)57-24)59-25-18(64-69(49,50)51)11(33)10(32)17(61-25)21(35)36/h5-20,23-26,28-29,31-34,39H,2-3H2,1H3,(H,27,30)(H,35,36)(H,37,38)(H,40,41,42)(H,43,44,45)(H,46,47,48)(H,49,50,51)(H,52,53,54)",HTTJABKRGRZYRN-UHFFFAOYSA-N,D01ZJK,DB00407,772,"6535120, 8156229, 10530334, 29227437, 51073550, 57325241, 80708216, 85084882, 85086575, 91105364, 104318751, 125340739, 125363823, 126676137, 127270292, 127270293, 127270294, 127270295, 127270296, 127270297, 127270298, 127270299, 127270300, 127270301, 127270302, 127270303, 127270304, 127270305, 127270306, 127270307, 127270308, 127270309, 127270310, 127270311, 127270312, 127270313, 127270314, 127270315, 127270316, 127270317, 127270318, 127270319, 127270320, 127270321, 127270322, 127270323, 127270324, 127270325, 127270326, 127270327",,CAS 9005-49-6,BADD_D00772
D00010,Melatonin,"73-31-4; Melatonine; N-Acetyl-5-methoxytryptamine; Circadin; 5-Methoxy-N-acetyltryptamine; N-[2-(5-Methoxy-1H-indol-3-yl)ethyl]acetamide; N-(2-(5-Methoxy-1H-indol-3-yl)ethyl)acetamide; Melatol; Melovine; Melatonex; N-[2-(5-methoxyindol-3-yl)ethyl]acetamide; Acetamide, N-[2-(5-methoxy-1H-indol-3-yl)ethyl]-; UNII-JL5DK93RCL; N-(2-(5-Methoxyindol-3-yl)ethyl)acetamide; N-acetyl-5-methoxy-tryptamine; NSC 113928; CCRIS 3472; CHEMBL45; EINECS 200-797-7; JL5DK93RCL; Acetamide, N-(2-(5-methoxyindol-3-yl)ethyl)-; BRN 0205542;  Circadin; Melapure; Melatonina; Posidorm; Vivitas; Night Rest; Pineal Hormone; Revital Melatonin; Rx Balance; Sleep Right; IN1244; M 5250; M1105; ML1; MT6; TNP00300; M-1200; M-1250; Mela-T; Melatonex, Melatonin; Melatonina (TN); NMR/14327425; Nature'S Harmony; PREVENTION 2 (MELATONIN); PREVENTION 3 (MELATONIN); PREVENTION 4 (MELATONIN); PREVENTION 5 (MELATONIN); PREVENTION 1 (MELATONIN) (PREVENTION 1); Acetamide, {N-[2-(5-methoxyindol-3-yl)ethyl]-}; Acetamide, N-[2-(5-methoxyindol-3-yl)ethyl]-(6CI,8CI); N-[2-(5-Methoxy-1H-indol-3-yl)-ethyl]-acetamide; Acetamide, N-[2-(5-methoxy-1H-indol-3-yl)ethyl]-(9CI); Acetamide, {N-[2-(5-methoxy-1H-indol-3-yl)ethyl]-}; Acetamide, N-(2-(5-methoxy-1H-indol-3-yl)ethyl)-(9CI); 4-ACETAMIDO-4'-ISOTHIO-CYANATOSTILBENE-2,2'-DISULFONIC ACID; [3H]melatonin; N-[2-(5-methoxy-1H-indol-3-yl)ethyl]acetamide",Small molecular drug,,Melatonin is an endogenous hormone produced by the pineal gland that regulates sleep-wake cycles and when provided exogenously has beneficial effects on sleep-onset latency; available as an over-the-counter supplement.,C13H16N2O2,CC(=O)NCCC1=CNC2=C1C=C(C=C2)OC,"1S/C13H16N2O2/c1-9(16)14-6-5-10-8-15-13-4-3-11(17-2)7-12(10)13/h3-4,7-8,15H,5-6H2,1-2H3,(H,14,16)",DRLFMBDRBRZALE-UHFFFAOYSA-N,D0AN7B,DB01065,896,"2961, 4752, 105815, 410775, 798411, 841969, 893664, 3133753, 4906256, 7636333, 7961516, 7979886, 8144655, 8149639, 8150851, 10321385, 10534170, 10589869, 11111467, 11111468, 11111469, 11221066, 11335528, 11360767, 11363079, 11365641, 11368203, 11372325, 11373730, 11376365, 11408768, 11461739, 11466486, 11467606, 11485263, 11486211, 11489160, 11491208, 11491881, 11493999, 11536797, 11537588, 14773848, 17388930, 17389536, 17405348, 24278103, 24439254, 26612030, 26679682",CHEBI:16796,CAS 73-31-4,BADD_D01373
D00011,Niacin,Niacin (TN); Niacinamide (TN); Nicotinamide (TN),Small molecular drug,Anmar,Niacin is a B vitamin used to treat hypertriglyceridemia and pellagra.,C6H5NO2,C1=CC(=CN=C1)C(=O)O,"1S/C6H5NO2/c8-6(9)5-2-1-3-7-4-5/h1-4H,(H,8,9)",PVNIIMVLHYAWGP-UHFFFAOYSA-N,D0N0ES,DB00627,938,,CHEBI:15940,CAS 59-67-6,
D00012,Pyrazinamide,"Aldinamid; Aldinamide; Braccopiral; Corsazinmid; Dipimide; Eprazin; Farmizina; Isopas; Lynamide; Novamid; Pezetamid; Pharozinamide; Piraldina; Pirazimida; Pirazinamid; Pirazinamida; Pirazinamide; Prazina; Pyrafat; Pyramide; Pyrazide; Pyrazinamdie; Pyrazinamidum; Pyrazineamide; Pyrazinecarboxamide; Rozide; Tebrazid; Tebrazio; Tisamid; Unipyranamide; Zinamide; Zinastat; P ezetamid; Pirazinamide [DCIT]; Pyrazine carboxamide; Pyrazine carboxylamide; Pyrazinecarboxylic acid amide; Pyrazinoic acid am ide; Pyrazinoic acid amide; DRG 0124; MK 56; P 7136; Pyrazinamide BP 2000; T 165; AZT + Pyrazinamide combination; D-50; Pirazinamida [INN-Spanish]; Pms-Pyrazinamide; Pyrazinamide (TN); Pyrazinamidum [INN-Latin]; D-50 (VAN); Pyrazinamide [INN:BAN:JAN]; Pyrazine-2-carboxamide; Pyrazinamide (JP15/USP/INN); Pyrazinoic acid amide, Pezetamid, Pyrafat, Zinamide, Tebrazid, Pyrafat, Pyrazinamide; 2-Carbamylpyrazine; 2-carbamyl pyrazine",Small molecular drug,,Pyrazinamide is an antituberculosis agent used as a component of tuberculosis (TB) treatment.,C5H5N3O,C1=CN=C(C=N1)C(=O)N,"1S/C5H5N3O/c6-5(9)4-3-7-1-2-8-4/h1-3H,(H2,6,9)",IPEHBUMCGVEMRF-UHFFFAOYSA-N,D0XF8W,DB00339,1046,"3115, 5057, 78938, 602930, 866420, 3135875, 7437580, 7847212, 7980439, 8002616, 8139959, 8149510, 10321757, 10539072, 11111657, 11111658, 11335416, 11360655, 11363796, 11366358, 11368920, 11371892, 11374989, 11377082, 11461627, 11466542, 11467662, 11485105, 11486124, 11489121, 11490861, 11493000, 11494716, 15119868, 16957225, 17389747, 17405569, 24278648, 24439399, 24887930, 25623302, 26611902, 26679227, 26697102, 26747228, 26747229, 26752748, 39214717, 46507478, 47810638",CHEBI:45285,CAS 98-96-4,BADD_D01880
D00013,Pyridoxine,"Aderoxin; Alestrol; Becilan; Beesix; Benadon; Bonasanit; Godabion; Hexavibex; Hexermin; Hexermine; Hexobion; Nestrex; Paxadon; Pydox; Pyridipca; Pyridox; Spondylonal; Vitaped; Adermin hydrochloride; Adermine hydrochloride; Aderomine hydrochloride; Component of Alestrol; Hexabione hydrochloride; PN HCl; PYRIDOXINE HYDROCHLORIDE; Pyridoxin hydrochloride; Pyridoxine HCl; Pyridoxine chloride; Pyridoxine hydrogen chloride; Pyridoxine monohydrochloride; Pyridoxinium chloride; Pyridoxinum hydrochloricum; Pyridoxol hydrochloride; Rodex TD; AIDS006784; Campoviton 6; Vitamin V6; AIDS-006784; Cernevit-12; Pyridoxine (INN); Pyridoxine Hydrochloride (B6); Pyridoxine hydrochloride[USAN:JAN]; Pyridoxine, hydrochloride; Pyridoxine-HCl Microencapsulated; Pyridoxinum hydrochloricum (Hungarian); Pyridoxol, hydrochloride; Rodex (R); Vitamin B6-hydrochloride; Vitamin V6 (TN); Vitamin-B6 hydrochloride; Hexa-Betalin (R); Hexa-betalin (TN); Pyridoxine hydrochloride (JP15/USP); Tex Six T.R.; PYRIDOXINE HYDROCHLORIDE, U.S.P.; (5-hydroxy-4,6-dimethylpyridin-3-yl)methyl phosphate; 2-Methyl-3-hydroxy-4,5-bis(hydroxymethyl)pyridine; 2-Methyl-3-hydroxy-4,5-di(hydroxymethyl)pyridine; 2-Methyl-3-hydroxy-4,5-dihydroxymethyl-pyridin; 2-Methyl-3-hydroxy-4,5-dihydroxymethyl-pyridin [German]; 2-Methyl-4,5-bis(hydroxymethyl)-3-hydroxypyridine; 2-methyl-3-hydroxy-4,5-bis(hydroxy-methyl) pyridine; 2-methyl-3-hydroxy-4,5-dihydroxymethylpyridine; 2-methyl-4,5-dimethylol-pyridin-3-ol; 3,4-Pyridinedimethanol, 5-hydroxy-6-methyl-, hydrochloride; 3-Hydroxy-4,5-dihydroxymethyl-2-methylpyridine hydrochloride; 3-Hydroxy-4,5-dimethylol-.alpha.-picoline hydrochloride; 3-Hydroxy-4,5-dimethylol-alpha-picoline hydrochloride; 4,5-Bis(hydroxymethyl)-2-methyl-3-pyridinol; 4,5-Bis(hydroxymethyl)-2-methylpyridin-3-ol hydrochloride; 4,5-bis(hydroxymethyl)-2-methyl-3-pyridinol hydrochloride; 4,5-bis(hydroxymethyl)-2-methylpyridine-3-ol; 4-Deoxypyridoxine 5'-phosphate; 5-Hydroxy-6-methyl-3,4-pyridinedicarbinol hydrochloride; 5-Hydroxy-6-methyl-3,4-pyridinedimethanol hydrochloride; 5-Hydroxy-6-methyl-3,4-pyridinedimethanol, hydrochloride",Small molecular drug,,Pyridoxine is a vitamin used to correct vitamin B6 deficiency and to treat nausea during pregnancy.,C8H11NO3,CC1=NC=C(C(=C1O)CO)CO,"1S/C8H11NO3/c1-5-8(12)7(4-11)6(3-10)2-9-5/h2,10-12H,3-4H2,1H3",LXNHXLLTXMVWPM-UHFFFAOYSA-N,D07MUN,DB00165,1054,"544865, 3135294, 3309045, 7849240, 8147907, 8153748, 10321864, 10528331, 11528395, 15220115, 24871530, 24898493, 24898752, 24898966, 24899059, 25621328, 26757736, 29225033, 48422908, 50125690, 51085174, 56463103, 57323120, 79043646, 85089058, 85089059, 85089060, 87574736, 89180788, 92125552, 92711312, 103770739, 103825833, 103914344, 104310887, 117452109, 124509161, 125353713, 126630993, 126657431, 127336464, 127336465, 134971801, 137018621, 144212793, 152031098, 152159667, 162090646, 162173197, 169158029",CHEBI:16709,CAS 65-23-6,BADD_D01884
D00014,Pleconaril,"Picovir; Pleconaril < Prop INN; SR-263843; SR-63843; VP-63843; Win-63843; 3-[3,5-Dimethyl-4-[3-(3-methylisoxazol-5-yl)propoxy]phenyl]-5-(trifluoromethyl)-1,2,4-oxadiazole",Small molecular drug,ViroPharma,"Pleconaril is an antiviral drug from viral capsid inhibitor class, manufactured by Schering-Plough and intended for the prevention of acute asthma exacerbations and common cold symptoms in asthmatic patients who have had exposure to picornavirus.",C18H18F3N3O3,CC1=CC(=CC(=C1OCCCC2=CC(=NO2)C)C)C3=NOC(=N3)C(F)(F)F,"1S/C18H18F3N3O3/c1-10-7-13(16-22-17(27-24-16)18(19,20)21)8-11(2)15(10)25-6-4-5-14-9-12(3)23-26-14/h7-9H,4-6H2,1-3H3",KQOXLKOJHVFTRN-UHFFFAOYSA-N,D0W1US,DB05105,1684,,,CAS 153168-05-9,
D00015,Dalfampridine,Ampyra (TN),Small molecular drug,Acorda Therapeutics,Dalfampridine is a potassium channel blocker used for the improvement of motor function in patients with multiple sclerosis (MS).,C5H6N2,C1=CN=CC=C1N,"1S/C5H6N2/c6-5-1-3-7-4-2-5/h1-4H,(H2,6,7)",NUKYPUAOHBNCPY-UHFFFAOYSA-N,D08YIN,DB06637,1727,"79008, 586317, 588069, 609871, 3131998, 7436395, 7980066, 8139900, 8149726, 8151260, 10524391, 11110683, 11113806, 11120234, 11120722, 11121210, 11121627, 11122107, 11335747, 11360986, 11362696, 11363049, 11365258, 11365611, 11367820, 11368173, 11370663, 11370664, 11371987, 11373421, 11374643, 11375982, 11376335, 11461958, 11485222, 11489229, 11490729, 11492827, 11493969, 11537232, 12014686, 15194226, 16957228, 17404596, 22391537, 24398105, 24856677, 24862717, 24891285, 26612183",CHEBI:34385,CAS 504-24-5,BADD_D00574
D00016,Phenytoin,"Aleviatin; Antisacer; Auranile; Causoin; Citrullamon; Citrulliamon; Comital; Comitoina; Convul; Danten; Dantinal; Dantoinal; Dantoine; Denyl; Difenilhidantoina; Difenin; Difetoin; Difhydan; Dihycon; Dihydantoin; Dilabid; Dilantin; Dilantine; Dillantin; Dintoin; Dintoina; Diphantoin; Diphedal; Diphedan; Diphenat; Diphenin; Diphenine; Diphentoin; Diphentyn; Diphenylan; Diphenylhydantoin; Diphenylhydantoine; Diphenylhydatanoin; Ditoinate; Ekko; Elepsindon; Enkelfel; Epamin; Epanutin; Epelin; Epifenyl; Epihydan; Epilantin; Epinat; Epised; Eptal; Eptoin; Fenitoin; Fenitoina; Fentoin; Fenylepsin; Fenytoine; Hidan; Hidantal; Hidantilo; Hidantina; Hidantomin; Hindatal; Hydantal; Hydantin; Hydantoinal; Hydantol; Idantoil; Idantoin; Iphenylhydantoin; Kessodanten; Labopal; Lehydan; Lepitoin; Lepsin; Minetoin; Neosidantoina; Novantoina; Novophenytoin; Oxylan; PHENYTEK; Phanantin; Phanatine; Phenatine; Phenatoine; Phenhydan; Phenhydanin; Phenitoin; Phentoin; Phentytoin; Phenytex; Phenytoine; Phenytoinum; Ritmenal; Saceril; Sanepil; Silantin; Sinergina; Sodanthon; Sodantoin; Sodanton; Solantin; Solantoin; Solantyl; Sylantoic;TOIN; Tacosal; Thilophenyl; Zentronal; Zentropil; Component of Mebroin; Dantoinal klinos; Difenilhidantoina [Spanish]; Dihydan toin; Dilantin acid; Diphenylhydantoine [French]; Ekko capsules; Elepsi ndon; Epdantoin Simple; Epdantoine simple; Epilan D; Extended Phenytoin Sodium; Fen toin; Fenantoin Mn Pharma; Fenidantoin s; Fenytoin Dak; Hidantina senosian; Hidantina vitoria; Ictalis simp le; Ictalis simple; Om hidantoina simple; Phenat ine; Phenytoin AWD; Sodium Diphenylhydantoinate; Taco sal; Toin unicelles; CL12003; D 4007; D4007_SIGMA; Didan TDC 250; Epasmir 5; IFLab1_000214; DILANTIN-30; DPH (VAN); Di-Hydan; Di-Lan; Di-Phetine; Dilantin (TN); Dilantin Infatabs (TN); Dilantin Kapseals (TN); Dilantin-125; Diphenylhydantoin (VAN); Epanutin (TN); Epasmir (5); Epilan-D; Eptoin (TN); Fenidantoin (s); Fenitoina [INN-Spanish]; Neos-Hidantoina; Om-Hydantoine; PHENYTOIN SODIUM, EXTENDED; Phenytek (TN); Phenytoin (PHN); Phenytoin-Gerot; Phenytoine [INN-French]; Phenytoinum [INN-Latin]; Di-Lan (VAN); Didan-tdc-250; Gerot-epilan-D; PHENYTOIN (5,5-DIPHENYLHYDANTOIN); Phenytoin (JP15/USP/INN); Phenytoin [USAN:INN:BAN:JAN]; Hydantoin, 5,5-diphenyl-(8CI); 2,4-Imidazolidinedione, 5,5-diphenyl-(9CI); 2-hydroxy-5,5-diphenyl-3,5-dihydro-4H-imidazol-4-one; 5,5-DIPHENYLHYDANTOIN; 5,5-Diphenyl-2,4-imidazolidinedione; 5,5-Diphenyl-imidazolidine-2,4-dione; 5,5-Diphenylhydantoin (IUPAC); 5,5-Diphenylhydantoin (phenytoin); 5,5-Diphenylimidazolidin-2,4-dione; 5,5-Dwufenylohydantoina; 5,5-Dwufenylohydantoina [Polish]; 5,5-diphenylimidazolidine-2,4-dione",Small molecular drug,Mylan Laboratories,Phenytoin is an anticonvulsant drug used in the prophylaxis and control of various types of seizures.,C15H12N2O2,C1=CC=C(C=C1)C2(C(=O)NC(=O)N2)C3=CC=CC=C3,"1S/C15H12N2O2/c18-13-15(17-14(19)16-13,11-7-3-1-4-8-11)12-9-5-2-6-10-12/h1-10H,(H2,16,17,18,19)",CXOFVDLJLONNDW-UHFFFAOYSA-N,D0E4DW,DB00252,1775,"9647, 74340, 592179, 596082, 841957, 3136997, 4284342, 5171921, 7847578, 7980312, 8151275, 10527886, 10589150, 11111069, 11335682, 11353793, 11360921, 11363999, 11366561, 11369123, 11371880, 11374526, 11377285, 11461893, 11485017, 11489097, 11490706, 11492799, 11494919, 11532994, 14847761, 17389903, 17404941, 24278370, 26068808, 26753026, 26753027, 26753028, 29220975, 46508847, 47588955, 47736431, 47736432, 47795039, 48168464, 48184955, 48243361, 48413692, 48416427, 48422573",CHEBI:8107,CAS 57-41-0,BADD_D01765
D00017,Tacrine,"Cognex; Romotal; Tacrina; Tacrinal; Tacrinum; Tenakrin; Tetrahydroaminacrine; Tetrahydroaminoacridine; Tetrahydroaminocrin; Tetrahydroaminocrine; Tha; Tacrine hydrochloride; BBL001044; CS 12602; Cognex (TN); Tacrina [INN-Spanish]; Tacrinal (TN); Tacrine (INN); Tacrine [INN:BAN]; Tacrinum [INN-Latin]; 1,2,3,4-TETRAHYDRO-9-ACRIDINAMINE; 1,2,3,4-TETRAHYDRO-9-ACRIDINAMINE (SEE ALSO 1684-40-8); 1,2,3,4-Tetrahydro-9-acridineamine; 1,2,3,4-Tetrahydro-acridin-9-ylamine; 1,2,3,4-Tetrahydroaminoacridine; 1,2,3,4-tetrahydroacridin-9-amine; 5-Amino-6,7,8,9-tetrahydroacridine (European); 9-AMINOTETRAHYDROACRIDINE; 9-Acridinamine, 1,2,3,4-tetrahydro-(9CI); 9-Amino-1,2,3,4-Tetrahydroacridine Hydrate Hydrochloride Hydrate; 9-amino-1,2,3,4-tetrahydroacridine",Small molecular drug,,Tacrine is an anticholinesterase drug used for the management of Alzheimer's disease symptoms.,C13H14N2,C1CCC2=NC3=CC=CC=C3C(=C2C1)N,"1S/C13H14N2/c14-13-9-5-1-3-7-11(9)15-12-8-4-2-6-10(12)13/h1,3,5,7H,2,4,6,8H2,(H2,14,15)",YLJREFDVOIBQDA-UHFFFAOYSA-N,D0E6YQ,DB00382,1935,"4630, 597209, 3249865, 7423820, 7890757, 7980766, 8151345, 10518487, 10589113, 11110734, 11113824, 11336111, 11361350, 11363310, 11365872, 11368434, 11372617, 11374476, 11376596, 11451154, 11462322, 11466357, 11467477, 11485559, 11485994, 11489628, 11491524, 11492634, 11494230, 15120928, 24339135, 26697094, 26746578, 26751997, 26751998, 29221124, 46392558, 46393827, 46393828, 46505487, 46509736, 47291206, 47365271, 47440346, 47440347, 47515380, 47515381, 47589065, 47736566, 47736567",CHEBI:45980,CAS 321-64-2,BADD_D02104
D00018,Acebutolol,Acebrutololum; Acebutololo; Acebutololum; Acetobutolol; Neptal; Prent; Sectral; Acebutolol HCL; RP 21823; Acebrutololum [INN-Latin]; Acebutololum [INN-Latin]; Acetobutolol [INN-Spanish]; Dl-Acebutolol; M & B 17803A; Prent (TN); Sectral (TN); Acebutolol (USAN/INN); Acebutolol [USAN:INN:BAN]; M&B-17803 A; N-(3-Acetyl-4-[2-hydroxy-3-(isopropylamino)propoxy]phenyl)butanamide; N-[3-acetyl-4-[2-hydroxy-3-[(1-methylethyl)amino]propoxy]phenyl]butanamide; N-[3-acetyl-4-[2-hydroxy-3-(propan-2-ylamino)propoxy]phenyl]butanamide; N-{3-acetyl-4-[2-hydroxy-3-(propan-2-ylamino)propoxy]phenyl}butanamide; (+-)-3'-Acetyl-4'-(2-hydroxy-3-(isopropylamino)propoxy)butyranilide; (+-)-Acebutolol; (+-)-N-(3-Acetyl-4-(2-hydroxy-3-((1-methylethyl)amino)propoxy)phenyl)butanamide; 1-(2-Acetyl-4-n-butyramidophenoxy)-2-hydroxy-3-isopropylaminopropane; 3'-(Acetyl-4'-(2-hydroxy-3-(isopropylamino)propoxy)butyranilide; 3'-Acetyl-4'-(2-hydroxy-3-(isopropylamino)propoxy)butyranilide; 3'-Acetyl-4'-(2-hydroxy-3-isopropylaminopropoxy)butyranilid; 5'-Butyramido-2'-(2-hydroxy-3-isopropylaminopropoxy)acetophenone,Small molecular drug,Promius Pharma Llc,Acebutolol is a selective β1-receptor antagonist used for the management of hypertension and ventricular premature beats in adults.,C18H28N2O4,CCCC(=O)NC1=CC(=C(C=C1)OCC(CNC(C)C)O)C(=O)C,"1S/C18H28N2O4/c1-5-6-18(23)20-14-7-8-17(16(9-14)13(4)21)24-11-15(22)10-19-12(2)3/h7-9,12,15,19,22H,5-6,10-11H2,1-4H3,(H,20,23)",GOEMGAFJFRBGGG-UHFFFAOYSA-N,D0HD9K,DB01193,1978,"9022, 5199954, 7849397, 7978630, 8148212, 8151358, 10520758, 11335787, 11361026, 11363385, 11365947, 11368509, 11371586, 11374422, 11376671, 11461998, 11466097, 11467217, 11485235, 11485914, 11489156, 11490389, 11492617, 11494305, 15075320, 29221166, 46509113, 47216767, 47216768, 47291119, 47365171, 47365172, 47440234, 47810742, 49698901, 49895324, 50427938, 56413043, 57321077, 85209697, 85787903, 99222788, 103189011, 104299258, 124883487, 126443068, 126679412, 127982055, 134337777, 134999047",CHEBI:2379,CAS 37517-30-9,BADD_D00019
D00019,Acetaminophen,acetaminophen; 4-Acetamidophenol; Paracetamol; 103-90-2; Tylenol; N-(4-Hydroxyphenyl)acetamide; APAP; Acetaminofen; Panadol; Datril; p-Hydroxyacetanilide; N-Acetyl-p-aminophenol; p-Acetamidophenol; Algotropyl; Naprinol; Lonarid; 4'-Hydroxyacetanilide; Multin; Acenol; Acamol; Anelix; p-Acetaminophenol; Liquagesic; Acetagesic; Gelocatil; Servigesic; Acetalgin; Abensanil; Pyrinazine; Injectapap; Clixodyne; Valgesic; Tussapap; Finimal; Paracet; Homoolan; Febrolin; Febrilix; Febridol; Dymadon; Anaflon; Apamide; Valadol; Tralgon; Tabalgin; Lestemp; Alvedon; Abenol; Abrol; Abrolet; Acephen; Acertol; Acetaco; Acetamol; Acetavance; Acetofen; Actamin; Actimol; Afebrin; Afebryl; Aferadol; Algesidal; Algina; Algomol; Alpiny; Alpinyl; Amadil; Aminofen; Analter; Anapap; Andox; Anhiba; Antidol; Anuphen; Apacet; Apadon; Apitrelal; Arfen; Arthralgen; Asetam; Asomal; Aspac; Asplin; Atasol; Atralidon; Babikan; Bacetamol; Banesin; Benmyo; Biocetamol; Cadafen; Calapol; Calmanticold; Calonal; Calpol; Capital; Captin; Causalon; Cefalex; Cetadol; Codabrol; Codalgin; Codapane; Codicet; Codisal; Codoliprane; Cofamol; Conacetol; Cosutone; Cuponol; Curadon; Curpol; Custodial; Dafalgan; Darocet; Darvocet; Daygrip; Deminofen; Democyl; Demogripal; Desfebre; Dhamol; Dimindol; Dirox; Disprol; Dolcor; Dolefin; Dolegrippin; Dolgesic; Doliprane; Dolko; Dolofugin; Doloreduct; Dolorfug; Dolorstop; Dolotec; Dolprone; Dorocoff; Dresan; Dristancito; Duaneo; Dularin; Duorol; Duracetamol; Durapan; Dypap; Ecosetol; Elixodyne; Empracet; Enelfa; Eneril; Excipain; Exdol; Fanalgic; Farmadol; Febranine; Febrectal; Febrectol; Febrex; Febricet; Febrin; Febrinol; Fendon; Fensum; Fepanil; Fevor; Finiweh; Fluparmol; Geluprane; Genapap; Genebs; Grippostad; Gynospasmine; Hedex; Ildamol; Inalgex; Infadrops; Janupap; Kataprin; Korum; Labamol; Lekadol; Lemgrip; Lemsip; Liqiprine; Lupocet; Lyteca; Magnidol; Malgis; Malidens; Maxadol; Medocodene; Mexalen; Minafen; Minoset; Miralgin; Momentum; NEBS; Napafen; Nealgyl; NeoCitran; Neodol; Neodolito; Neopap; Neotrend; Neuridon; NilnOcen; Nina; Nobedon; Nodolex; Noral; Ofirmev; Oltyl; Oralgan; Ortensan; Oxycocet; Paceco; Pacemo; Pacemol; Pacet; Pacimol; Paedialgon; Paedol; Painex; Paldesic; Pamol; Panacete; Panadeine; Panadiene; Panaleve; Panamax; Panasorb; Panasorbe; Panets; Panex; Panodil; Panofen; Pantalgin; Paracemol; Paracenol; Paracetamole; Paracetamolo; Paracetanol; Paracetol; Paracin; Paracod; Paracodol; Parador; Paradrops; Parakapton; Parake; Paralen; Paralief; Paralink; Paralyoc; Paramol; Paramolan; Paranox; Parapan; Parasedol; Parasin; Paraspen; Parcetol; Parelan; Parmol; Parogal; Paroma; Pasolind; Pediapirin; Pediatrix; Pedric; Perfalgan; Phendon; Phenipirin; Phogoglandin; Pinex; Piramin; Pirinasol; Plicet; Polmofen; Predimol; Predualito; Prodol; Prompt; Prontina; Puernol; Pulmofen; Pyrigesic; Pyromed; Redutemp; Reliv; Remedol; Rivalgyl; Robigesic; Rounox; RubieMol; Rubophen; Rupemol; Salzone; Sanicet; Sanicopyrine; Scanol; Scentalgyl; Schmerzex; Sedalito; Semolacin; Seskamol; Setakop; Setamol; Setol; Sifenol; Sinaspril; Sinedol; Sinmol; Stanback; Stopain; Sunetheton; Supofen; Suppap; TYL; Tachiprina; Tapanol; Tapar; Tazamol; Temlo; Tempanal; Tempra; Termacet; Termalgin; Termalgine; Termofren; Tiffy; Titralgan; Treuphadol; Tricoton; Tylex; Tylol; Tymol; Upsanol; Utragin; Valorin; Veralgina; Vermidon; Verpol; Vips; Viruflu; Vivimed; Volpan; Zatinol; Zolben; Aceta Elixir; Actifed Plus; Aspirin free anacin; Bayer Select; D oliprane; Dymadon Co; Fortalidon P; Gattaphen T; Gripin Bebe; Helon N; Influbene N; Jin Gang; Lonarid Mono; Lyteca Syrup; Malex N; Panadeine Co; Panale ve; Pasolind N; Spalt N; Supadol mono; Toximer P; Treupel N; Treupel mon; Ty lenol; Tylex CD; Anacin 3; A-Per; Accu-Tap; Ultracet,Small molecular drug,Beximco Pharma,"Acetaminophen is an analgesic drug used alone or in combination with opioids for pain management, and as an antipyretic agent.",C8H9NO2,CC(=O)NC1=CC=C(C=C1)O,"1S/C8H9NO2/c1-6(10)9-7-2-4-8(11)5-3-7/h2-5,11H,1H3,(H,9,10)",RZVAJINKPMORJF-UHFFFAOYSA-N,D0U5QK,DB00316,1983,"9023, 70391, 408305, 609360, 3131814, 4266416, 5199969, 7847284, 7890920, 7978634, 8149184, 8151363, 10321115, 10502811, 11112253, 11114188, 11335835, 11361074, 11362770, 11365332, 11367894, 11371386, 11373699, 11376056, 11462046, 11466896, 11468016, 11483746, 11486572, 11487901, 11490099, 11491955, 11493830, 11532417, 15321628, 17390068, 17436465, 22388563, 24714721, 24715004, 24890717, 24890930, 24891173, 24891200, 26512241, 26611588, 26679279, 26697092, 26747171, 26752236",CHEBI:46195,CAS 103-90-2,BADD_D00023
D00020,Acetazolamide,"Acetadiazol; Acetamidothiadiazolesulfonamide; Acetamox; Acetazolam; Acetazolamid; Acetazolamida; Acetazolamidum; Acetazolamine; Acetazoleamide; Acetozalamide; AkZol; ApoAcetazolamide; Atenezol; Cidamex; Dazamide; Defiltran; Dehydratin; Diacarb; Diakarb; Diamox; Didoc; Diluran; Diuramid; Diuramide; Diuriwas; Diutazol; Donmox; Duiramid; Edemox; Eumicton; Fonurit; Glauconox; Glaumox; Glaupax; Glupax; HumaZolamide; Natrionex; Nephramid; Nephramide; Phonurit; Storzolamide; Vetamox; Acetazolamide Apotex Brand; Acetazolamide Chiesi Brand; Acetazolamide Dioptic Brand; Acetazolamide Grin Brand; Acetazolamide ICN Brand; Acetazolamide Jumer Brand; Acetazolamide Llorens Brand; Acetazolamide Medphano Brand; Acetazolamide Novopharm Brand; Acetazolamide Orion Brand; Acetazolamide Wassermann Brand; Ak Zol; Apo Acetazolamide; Apotex Brand of Acetazolamide; Chiesi Brand of Acetazolamide; Ciba Vision Brand of Acetazolamide; DiamoxSequels; Dioptic Brand of Acetazolamide; Grin Brand of Acetazolamide; Huma Zolamide; ICN Brand of Acetazolamide; Jumer Brand of Acetazolamide; Llorens Brand of Acetazolamide; Medphano Brand of Acetazolamide; Monosodium Salt Acetazolamide; Novopharm Brand of Acetazolamide; Orion Brand of Acetazolamide; Storz Brand of Acetazolamide Preparation; Wassermann Brand of Acetazolamide; Wyeth Brand of Acetazolamide Preparation; A 6011; Carbonic anhydrase inhibitor 6063; Acetazolamida [INN-Spanish]; Acetazolamide (AAZ); Acetazolamide, Monosodium Salt; Acetazolamidum [INN-Latin]; Ak-Zol; Apo-Acetazolamide; Carbonic Anhydrase Inhibitor No. 6063; Diamox (TN); Diureticum-holzinger; Huma-Zolamide; SK-acetazolamide; Acetazolamide Sodium, (Sterile); Acetazolamide [INN:BAN:JAN]; Acetazolamide (JP15/USP/INN); 4-Diamox",Small molecular drug,,"Acetazolamide is a carbonic anhydrase inhibitor used to treat edema from heart failure or medications, certain types of epilepsy, and glaucoma.",C4H6N4O3S2,CC(=O)NC1=NN=C(S1)S(=O)(=O)N,"1S/C4H6N4O3S2/c1-2(9)6-3-7-8-4(12-3)13(5,10)11/h1H3,(H2,5,10,11)(H,6,7,9)",BZKPWHYZMXOIDC-UHFFFAOYSA-N,D0E1SW,DB00819,1986,"9024, 428915, 619473, 855900, 5200439, 7847285, 7886028, 8149185, 8151366, 10321106, 10528898, 10589970, 11110756, 11110757, 11335192, 11360431, 11362772, 11365334, 11367896, 11371388, 11373697, 11376058, 11461403, 11466031, 11467151, 11483740, 11485662, 11487898, 11490100, 11491954, 11493832, 11533278, 12146089, 15121457, 17404603, 24278144, 26611589, 26679621, 26703043, 26713156, 26713159, 26713164, 26713489, 26715761, 26718123, 26747033, 26747034, 26751551, 29221174, 46393643",CHEBI:27690,CAS 59-66-5,BADD_D00025
D00021,Acetohexamide,Acetohexamid; Acetohexamida; Acetohexamidum; Dimelin; Dimelor; Dymelor; Gamadiabet; Hypoglicil; Metaglucina; Minoral; Ordimel; Tsiklamid; Acetohexamide Lilly Brand; Acetohexamide Salvat Brand; Lilly Brand of Acetohexamide; Ord imel; Salvat Brand of Acetohexamide; U 14812; A-178; Acetohexamida [INN-Spanish]; Acetohexamidum [INN-Latin]; Dimelin (antidiabetic); Dymelor (TN); U-14812; Acetohexamide (JP15/USP/INN); Acetohexamide [USAN:INN:BAN:JAN]; N-(p-Acetylbenzenesulfonyl)-N'-cyclohexylurea; N-(p-Acetylphenylsulfonyl)-N'-cyclohexylurea; 1-((p-Acetylphenyl)sulfonyl)-3-cyclohexylurea; 1-(4-acetylphenyl)sulfonyl-3-cyclohexylurea; 1-(p-Acetylbenzenesulfonyl)-3-cyclohexylurea; 3-cyclohexyl-1-(p-acetylphenylsulfonyl)urea; 4-Acetyl-N-((cyclohexylamino)carbonyl)benzenesulfonamide; 4-Acetyl-N-[(cyclohexylamino)-carbonyl]benzenesulfonamide; 4-Acetyl-N-[(cyclohexylamino)carbonyl]benzenesulfonamide; 4-acetyl-N-((cyclohexylamino)carbonyl)benzenesulf onamide,Small molecular drug,,A sulfonylurea hypoglycemic agent that is metabolized in the liver to 1-hydrohexamide. Acetohexamide has been discontinued in the US market.,C15H20N2O4S,CC(=O)C1=CC=C(C=C1)S(=O)(=O)NC(=O)NC2CCCCC2,"1S/C15H20N2O4S/c1-11(18)12-7-9-14(10-8-12)22(20,21)17-15(19)16-13-5-3-2-4-6-13/h7-10,13H,2-6H2,1H3,(H2,16,17,19)",VGZSUPCWNCWDAN-UHFFFAOYSA-N,D07WFK,DB00414,1989,"9025, 4560832, 7847286, 8144406, 8151368, 10321105, 11110689, 11112460, 11466083, 11467203, 11485866, 15347370, 17390067, 17404651, 24278077, 26752942, 29221177, 46505821, 47216939, 47440426, 47662475, 47810929, 48185152, 48413134, 48415505, 48422764, 48424779, 49698323, 49856121, 50105548, 50105549, 50271749, 53777194, 56463352, 57321086, 57653828, 85083217, 85230885, 85787831, 90341130, 92125175, 92303511, 92307991, 99222786, 103590218, 103913586, 104171099, 104299291, 121360822, 121362846",CHEBI:28052,CAS 968-81-0,
D00022,Acetohydroxamic Acid,"AHA; Acethydroxamsaeure; Acethydroxamsaure; Acetohydroxamate; HAE; Lithostat; Acethydroxamic acid; Acethydroxamsaeure [German]; Acetohydroximic acid; Acetyl hydroxyamino; Acetylhydroxamic acid; Acide acetohydroxamique; Acide acetohydroxamique [French]; Acido acetohidroxamico; Acido acetohidroxamico [Spanish]; Acidum acetohydroxamicum; Acidum acetohydroxamicum [Latin]; Cetohyroxamic acid; Methylhydroxamic acid; SJX HLdmMAH; AHA (TN); Acetic acid, oxime; Acetohydroxamic acid [USAN:INN]; Lithostat (TN); N-Acetyl hydroxyacetamide; N-Acetylhydroxylamine; N-Hydroxyacetamide; N-hydroxyacetimidic acid; N-hydroxyethanimidic acid; S14-0751; Acetohydroxamic acid (USP/INN); Acetamide, N-hydroxy-(9CI)",Small molecular drug,,Acetohydroxamic acid is a synthetic urea derivative used to treat urea splitting bacterial infections of the urinary tract.,C2H5NO2,CC(=O)NO,"1S/C2H5NO2/c1-2(4)3-5/h5H,1H3,(H,3,4)",RRUDCFGSUDOHDG-UHFFFAOYSA-N,D0R9BG,DB00551,1990,"9027, 71235, 445755, 585483, 585486, 838108, 3136864, 4560833, 7847287, 7888061, 8144458, 8149186, 8151369, 10321139, 10526548, 11335996, 11361235, 11362774, 11365336, 11367898, 11371390, 11373695, 11376060, 11462207, 11483834, 11487925, 11490101, 11491953, 11493834, 12498511, 15218626, 17435944, 22395295, 24845057, 24849786, 26611590, 26679199, 26702620, 26705705, 26711850, 26736917, 26736932, 26747835, 26747836, 29221178, 30983098, 31559552, 39222143, 46508546, 47515358",CHEBI:27777,CAS 546-88-3,BADD_D00028
D00023,Albendazole,"Albendazol; Albendazolum; Albendoral; Albenza; Bendapar; Bilutac; Digezanol; Disthelm; Endoplus; Eskazole; Gascop; Lurdex; Metiazol; Proftril; Valbazen; Zental; Zentel; Albendazole Armstrong Brand; Albendazole Diba Brand; Albendazole Fustery Brand; Albendazole Hormona Brand; Albendazole Liferpal Brand; Albendazole Monohydrochloride; Albendazole Pfizer Brand; Albendazole Sanicoopa Brand; Albendazole Valdecasas Brand; Armstrong Brand of Albendazole; Diba Brand of Albendazole; Fustery Brand of Albendazole; Hormona Brand of Albendazole; Liferpal Brand of Albendazole; Mediamix V Disthelm; Noe Socopharm Brand of Albendazole; Pfizer Brand of Albendazole; Sanicoopa Brand of Albendazole; SmithKline Beecham Brand of Albendazole; Valdecasas Brand of Albendazole; SKF 62979; SKF62979; Albendazol [INN-Spanish]; Albendazole Noe-Socopharm Brand; Albendazolum [INN-Latin]; Albenza (TN); Disthelm, Mediamix V; Eskazole (TN); Monohydrochloride, Albendazole; Noe-Socopharm Brand of Albendazole; SK&F 62979; SK&F62979; SKF-62979; Smith Kline & French Brand of Albendazole; V Disthelm, Mediamix; Zentel (TN); SK&F-62979; Albendazole (JAN/USP/INN); Albendazole [USAN:INN:BAN:JAN]; Albenza, Eskazole, Zentel, Andazol, Albendazole; Methyl 5-(propylthio)-2-benzimidazolecarbamate; Methyl [5-(Propylthio)benzimidazol-2-yl]carbamate; Methyl-5-[propylthio]-2-benzimidazole carbamate; [5-(Propylthio)benzimidazol-2-yl]carbamic Acid Methyl Ester; Methyl 5-(propyl-thio)-2-benzimidazolecarbamate; Methyl [5-(propylsulfanyl)-1H-benzimidazol-2-yl]carbamate; Methyl [5-(propylthio)-1H-benzimidazol-2-yl]carbamate; Methyl [6-(propylsulfanyl)-1H-benzimidazol-2-yl]carbamate; [5-(Propythio)-1H-benzimidazol-2-yl]carbamic acid methyl ester; MethylN-(6-propylsulfanyl-1H-benzimidazol-2-yl)carbamate; O-Methyl N-(5-(propylthio)-2-benzimidazolyl)carbamate; Carbamic acid, [5-(propylthio)-1H-benzimidazol-2-yl]-, methyl ester; Methyl N-[6-(propylsulfanyl)-1H-1,3-benzodiazol-2-yl]carbamate; CARBAMIC ACID, (5-(PROPYLTHIO)-1H-BENZIMIDAZOL-2-YL)-, METHYL ESTER; Methyl [(2Z)-5-(propylsulfanyl)-1,3-dihydro-2H-benzimidazol-2-ylidene]carbamate; ((Propylthio)-5 1H-benzimidazolyl-2) carbamate de methyle; ((Propylthio)-5 1H-benzimidazolyl-2) carbamate de methyle [French]; (5-(Propylthio)-1H-benzimidazol-2-yl)carbamic acid methyl ester; (5-Propylsulfanyl-1H-benzoimidazol-2-yl)-carbamic acid methyl ester; 5-(Propylthio)-2-carbomethoxyaminobenzimidazole",Small molecular drug,GlaxoSmithKline,Albendazole is a benzimidazole anthelmintic used to treat parenchymal neurocysticercosis and other helminth infections.,C12H15N3O2S,CCCSC1=CC2=C(C=C1)N=C(N2)NC(=O)OC,"1S/C12H15N3O2S/c1-3-6-18-8-4-5-9-10(7-8)14-11(13-9)15-12(16)17-2/h4-5,7H,3,6H2,1-2H3,(H2,13,14,15,16)",HXHWSAZORRCQMX-UHFFFAOYSA-N,D00KVO,DB00518,2082,"4909, 129996, 603014, 855809, 3154181, 5010055, 5590332, 6318023, 7847202, 7978654, 8144956, 8150054, 8151416, 10321635, 10589336, 11112790, 11242363, 11335879, 11361118, 11364426, 11366988, 11369550, 11373940, 11377712, 11462090, 11466275, 11467395, 11485989, 11492016, 11495346, 11521860, 11528637, 12014008, 14823901, 16704067, 24890894, 25623359, 25751296, 26612535, 26679872, 26746999, 26747000, 26751522, 29221262, 46506472, 47216788, 47291149, 47296872, 47296873, 47742180",CHEBI:16664,CAS 54965-21-8,BADD_D00052
D00024,Alendronic Acid,"Arendal; Fosamax; ALENDRONATE SODIUM; ALENDRONIC ACID; Acide alendronique; Acido alendronico; Acidum alendronicum; MK 217; Acide alendronique [INN-French]; Acido alendronico [INN-Spanish]; Acidum alendronicum [INN-Latin]; Alendronic acid (INN); Alendronic acid [INN:BAN]; Bisphosphonate, 65; Fosamax (TN); MK-217; Phosphonic acid, (4-amino-1-hydroxybutylidene)bis; (4-Amino-1-hydroxybutylidene)bisphosphonic acid; (4-Amino-1-hydroxybutylidene)diphosphonic acid; (4-amino-1-hydroxy-1-phosphonobutyl)phosphonic acid; (4-amino-1-hydroxybutane-1,1-diyl)bis(phosphonic acid); 4-Amino-1-hydroxybutane-1,1-diphosphonate; 4-Amino-1-hydroxybutane-1,1-diphosphonic Acid; 4-Amino-1-hydroxybutylidene-1,1-bis(phosphonic acid); 4-Amino-1-hydroxybutylidene-1,1-bisphosphonate",Small molecular drug,Teva Pharmaceuticals ,Alendronic acid is a bisphosphonate drug that prevents osteoclastic bone resorption which is used for the prevention and treatment of osteoporosis.,C4H13NO7P2,C(CC(O)(P(=O)(O)O)P(=O)(O)O)CN,"1S/C4H13NO7P2/c5-3-1-2-4(6,13(7,8)9)14(10,11)12/h6H,1-3,5H2,(H2,7,8,9)(H2,10,11,12)",OGSPWJRAVKPPFI-UHFFFAOYSA-N,D09KLR,DB00630,2088,"9954, 649130, 7344414, 7978659, 8151420, 10318378, 15196679, 26612802, 26750071, 29215185, 29215186, 29221268, 46393653, 46507199, 47291221, 48110541, 48415528, 50007414, 50659878, 51091458, 53790851, 53801179, 56374454, 57321131, 87560297, 93166338, 103228757, 104299568, 105562999, 118402569, 125645927, 126524218, 126685342, 127330008, 127330009, 127330010, 127330011, 127330012, 127330186, 127330187, 127330188, 127330189, 128806596, 131322978, 131349593, 134337502, 135007310, 135366402, 135649795, 136991069",CHEBI:2567,CAS 66376-36-1,BADD_D00065
D00025,Alfuzosin,"Alfusosine; Alfuzosina; Alfuzosine; Alfuzosinum; Alphuzosine; Alfuzosina [Spanish]; Alfuzosine [French]; Alfuzosinum [Latin]; Alfuzosin (INN); Alfuzosin [INN:BAN]; Xatral (TN); N-[3-[(4-amino-6,7-dimethoxyquinazolin-2-yl)-methylamino]propyl]oxolane-2-carboxamide; N-(3-((4-Amino-6,7-dimethoxy-2-quinazolinyl)methylamino)propyl)tetrahydro-2-furancarboxamide; N-{3-[(4-amino-6,7-dimethoxyquinazolin-2-yl)(methyl)amino]propyl}tetrahydrofuran-2-carboxamide",Small molecular drug,Sanofi-Aventis,Alfuzosin is an alpha-1 adrenergic antagonist used in the symptomatic management of benign prostatic hypertrophy (BPH).,C19H27N5O4,CN(CCCNC(=O)C1CCCO1)C2=NC3=CC(=C(C=C3C(=N2)N)OC)OC,"1S/C19H27N5O4/c1-24(8-5-7-21-18(25)14-6-4-9-28-14)19-22-13-11-16(27-3)15(26-2)10-12(13)17(20)23-19/h10-11,14H,4-9H2,1-3H3,(H,21,25)(H2,20,22,23)",WNMJYKCGWZFFKR-UHFFFAOYSA-N,D09MWJ,DB00346,2092,"7348779, 7978547, 8151421, 11371965, 11374754, 11466350, 11467470, 11484165, 11485980, 11488321, 11490878, 11493022, 14805133, 26612860, 26680540, 26719847, 26749009, 26749010, 29221272, 46386655, 46508512, 47509539, 47656603, 47730752, 47879632, 48029201, 48328565, 49681674, 49699344, 49971151, 50107503, 50107504, 50315525, 51091463, 56464294, 57321133, 81092780, 85209969, 85788468, 85789670, 90341616, 92124875, 92308116, 92308400, 103194715, 103941451, 104299580, 117887447, 124637420, 124658863",CHEBI:51141,CAS 81403-80-7,BADD_D00069
D00026,Alosetron,"Lotronex; Lotrpnex; ALOSETRON HYDROCHLORIDE; Alosetron HCl; Alosetron hydrochloride [USAN]; Alosetron monohydrochloride; GR 68755; GR 68755X; GR 68755c; GR68755; Alosetron (INN); Alosetron [INN:BAN]; Alosetron hydrochloride (USAN); GR-68755C; Lotronex (TN); Lotrpnex (TN); 1H-Pyrido(4,3-b)indol-1-one, 2,3,4,5-tetrahydro-5-methyl-2((5-methyl-1H-imidazol-4-yl)methyl)-, monohydrochloride; 1H-Pyrido(4,3-b)indol-1-one, 2,3,4,5-tetrahydro-5-methyl-2-((5-methyl-1H-imidazol-4-yl)methyl)-, monohydrochloride; 1H-Pyrido[4,3-b]indol-1-one, 2,3,4,5-tetrahydro-5-methyl-2-[(4-methyl-1H-imidazol-5-yl)methyl]-, hydrochloride (1:1); 1H-Pyrido[4,3-b]indol-1-one, 2,3,4,5-tetrahydro-5-methyl-2-[(5-methyl-1H-imidazol; 1H-Pyrido[4,3-b]indol-1-one, 2,3,4,5-tetrahydro-5-methyl-2-[(5-methyl-1H-imidazol-4-yl)methyl]-(9CI); 2,3,4,5-Tetrahydro-5-methyl-2-((5-methyl-1H-imidazol-4-yl)methyl)-1H-pyrido(4,3-b)indol-1-one; 2,3,4,5-Tetrahydro-5-methyl-2-((5-methylimidazol-4-yl)methyl)-1H-pyrido(4,3-b)indol-1-one monohydrochloride; 2,3,4,5-tetrahydro-5-methyl-2-((5-methylimidazol-4-yl)methyl)-1H-pyridol(4,3-b)indol-1-one monohydrochloride; 2,3,4,5-tetrahydro-5-methyl-2-[(5-methyl-1H-imidazol-4-yl)methyl]-1H-pyrido[4,3-b]indol-1-one, monohydrochloride; 5-methyl-2-[(5-methyl-1H-imidazol-4-yl)methyl]-2,3,4,5-tetrahydro-1H-pyrido[4,3-b]indol-1-one; 5-methyl-2-[(5-methyl-1H-imidazol-4-yl)methyl]-2,3,4,5-tetrahydro-1H-pyrido[4,3-b]indol-1-one hydrochloride; 5-methyl-2-[(5-methyl-1H-imidazol-4-yl)methyl]-3,4-dihydropyrido[4,3-b]indol-1-one; 5-methyl-2-[(5-methyl-1H-imidazol-4-yl)methyl]-3,4-dihydropyrido[4,3-b]indol-1-one hydrochloride",Small molecular drug,Prometheus Laboratories Inc,Alosetron is a 5-HT3 antagonist used to treat diarrhea-predominant IBS.,C17H18N4O,CC1=C(N=CN1)CN2CCC3=C(C2=O)C4=CC=CC=C4N3C,"1S/C17H18N4O/c1-11-13(19-10-18-11)9-21-8-7-15-16(17(21)22)12-5-3-4-6-14(12)20(15)2/h3-6,10H,7-9H2,1-2H3,(H,18,19)",JSWZEAMFRNKZNL-UHFFFAOYSA-N,D06GKN,DB00969,2099,"7348787, 8151424, 14922649, 29221279, 46506274, 50071299, 50112781, 51091468, 53789888, 57321137, 80814810, 85446390, 103306382, 103858511, 103926503, 104022587, 104299601, 126656041, 128322882, 131296577, 134337679, 135143907, 135649921, 137004775, 142472340, 152258886, 160647735, 160964307, 162176701, 164034868, 164814903, 175268748, 179116551, 184545919, 184675491, 185990404, 223391048, 224382917, 226393614, 250052138, 251888773, 252159855",CHEBI:253342,CAS 122852-42-0,BADD_D00082
D00027,Alprazolam,"Alcelam; Algad; Alpaz; Alplax; Alpram; Alprax; Alprazolamum; Alprazolan; Alpronax; Alprox; Alviz; Alzam; Alzolam; Alzon;Anpress; ApoAlpraz; Azor; Bestrol; Cassadan; Constan; Esparon; Frontal; Helex; Intensol; Ksalol; Mialin; Neurol; Niravam; NovoAlprazol; NuAlpraz; Panistat; Panix; Pharnax; Prazam; Prazolan; Prinox; Ralozam; Relaxol; Restyl; Solanax; Tafil; Tensivan; Tranax; Trankimazin; Tranquinal; Tricalma; Unilan; Valeans; Xanagis; Xanax; Xanolam; Xanor; Zacetin; Zanapam; Zaxan; Zenax; Zolam; Zolan; Zolarem; Zoldac; Zoldax; Zopax; Zopic; Zotran; Alphapharm Brand of Alprazolam; Alprazolam Alphapharm Brand; Alprazolam Apotex Brand; Alprazolam Kenral Brand; Alprazolam Novopharm Brand; Alprazolam Orion Brand; Alprazolam Pfizer Brand; Alprazolam Temmler Brand; Alprazolam extended release tablets; Alprazolam intensol; Alprazolam solution; Apo Alpraz; Apotex Brand of Alprazolam; Arzneimittelwerk Dresden Brand of Alprazolam; Kenral Brand of Alprazolam; Novo Alprazol; Novopharm Brand of Alprazolam; Nu Alpraz; Nu Pharm Brand of Alprazolam; Orion Brand of Alprazolam; Pfizer Brand of Alprazolam; Tafil D; Temmler Brand of Alprazolam; Xanax TS; Xanax XR; D 65MT; D65MT; TGAR01P; Tus 1; U 31889; AP-1002; AZ-002; Alprazolam Nu-Pharm Brand; Alprazolam-d5; Alprazolamum [INN-Latin]; Apo-Alpraz; D-65MT; Gen-Alprazolan; Niravam (TN); Novo-Alprazol; Nu-Alpraz; Nu-Pharm Brand of Alprazolam; Staccato-alprazolam; TUS-1; U-31889; U31,889; Xanax (TN); Xanor (TN); U-31,889; Alprazolam (JP15/USP/INN); Alprazolam [USAN:INN:BAN:JAN]; 8-Chloro-1-methyl-6-(phenyl-d5)-4H-(1,2,4)triazolo[4,3-a][1,4]benzodiazepine; 8-Chloro-1-methyl-6-phenyl-4H-[1,2,4]triazolo[4,3-a][1,4]benzodiazepine; 8-Chloro-1-methyl-6-phenyl-4H-s-triazolo(4,3-a)(1,4)benzodiazepine; 8-Chloro-1-methyl-6-phenyl-4H-s-triazolo(4,3-alpha)(1,4)benzodiazepine; 8-Chloro-1-methyl-6-phenyl-4H-s-triazolo[4,3-a][1,4]benzodiazepine",Small molecular drug,Pfizer Pharmaceuticals,Alprazolam is a triazolobenzodiazepine with intermediate onset commonly used to treat panic disorders and generalized anxiety in addition to anxiety associated with depression.,C17H13ClN4,CC1=NN=C2N1C3=C(C=C(C=C3)Cl)C(=NC2)C4=CC=CC=C4,"1S/C17H13ClN4/c1-11-20-21-16-10-19-17(12-5-3-2-4-6-12)14-9-13(18)7-8-15(14)22(11)16/h2-9H,10H2,1H3",VREFGVBLTWBCJP-UHFFFAOYSA-N,D0L9GG,DB00404,2118,"9035, 866237, 7403853, 7847292, 7849651, 7978675, 8151436, 10517236, 12013413, 14742608, 14800856, 22396017, 24882050, 24891103, 24891366, 26719699, 29215419, 29215420, 29221298, 46386679, 46507078, 48415537, 50057265, 50823025, 53790970, 56313723, 57321151, 57651813, 57653873, 81093308, 92308240, 92716916, 93166633, 93167168, 93620403, 103189284, 103916140, 104299658, 109613253, 117786302, 124658860, 125347118, 126622623, 126651409, 126723170, 129515347, 131309066, 134221861, 134337553, 134997022",CHEBI:2611,CAS 28981-97-7,BADD_D00085
D00028,Altretamine,"Altretamina; Altretaminum; HEXAMETHYLMELAMINE; HMM; HTM; HXM; Hemel; Hexalen; Hexastat; Hexinawas; Altretamine Bellon Brand; Altretamine Chiesi Brand; Altretamine Wassermann Brand; Bellon Brand of Altretamine; Chiesi Brand of Altretamine; MGI Pharma Brand of Altretamine; Rhone Poulenc Rorer Brand of Altretamine; Wassermann Brand of Altretamine; A 8723; ENT 50852; NC 195; Altretamina [INN-Spanish]; Altretaminum [INN-Latin]; Hexalen (TN); Hexalen, Altretamine; KB-913; Rhone-Poulenc Rorer Brand of Altretamine; Altretamine (USP/INN); Altretamine [USAN:INN:BAN]; No-s-triazine; N,N,N',N',N'',N''-hexamethyl-1,3,5-triazine-2,4,6-triamine; N~2~,N~2~,N~4~,N~4~,N~6~,N~6~-Hexamethyl-1,3,5-triazine-2,4,6-triamine; 2,4, 6-Tris(dimethylamino)-1,3,5-triazine; 2,4,6-Tris(dimethylami; 2,4,6-Tris(dimethylamino)-1,3,5-triazine; 2,4,6-Tris(dimethylamino-s-triazine; 2-N,2-N,4-N,4-N,6-N,6-N-hexamethyl-1,3,5-triazine-2,4,6-triamine",Small molecular drug,,Altretamine is an antineoplastic agent used in palliative treatment of persistent or recurrent ovarian cancer.,C9H18N6,CN(C)C1=NC(=NC(=N1)N(C)C)N(C)C,1S/C9H18N6/c1-13(2)7-10-8(14(3)4)12-9(11-7)15(5)6/h1-6H3,UUVWYPNAQBNQJQ-UHFFFAOYSA-N,D02LPF,DB00488,2123,"78208, 220082, 855523, 866238, 3297014, 7403876, 7861598, 7978484, 8149887, 8151440, 10531617, 11110789, 11110790, 11222335, 11335947, 11361186, 11364202, 11366764, 11369326, 11372141, 11374527, 11377488, 11405266, 11462158, 11466974, 11468094, 11484490, 11486807, 11488723, 11490766, 11492878, 11495122, 12013384, 14748896, 17396998, 17404646, 24278242, 24874728, 26612383, 26679553, 26746901, 26746902, 26746903, 29221302, 46505760, 47365225, 47440291, 47589031, 47589032, 47736514",CHEBI:24564,CAS 645-05-6,BADD_D00088
D00029,Amantadine,"Adamantamine; Adamantanamine; Adamantylamine; Amant; Amantadina; Amantadinum; Amantidine; Aminoadamantane; Endantadine; Mantadine; Symadine; Wiregyt; Amantadine Base; BIA4304; OR14310; Amantadina [INN-Spanish]; Amantadine (INN); Amantadine [INN:BAN]; Amantadinum [INN-Latin]; Gen-Amantadine; Pk-merz; Symmetrel (TN); TCMDC-125869; ADAMANTANE,1-AMINO; Adamantan-1-amine; Adamantan-1-ylamine; Tricyclo[3.3.1.1^3,7]decan-1-amine; Tricyclo(3.3.1.13,7)decan-1-amine; Tricyclo[3.3.1.1(3,7)]decan-1-amine; Tricyclo[3.3.1.1(3,7)]decan-1-ylamine; Tricyclo[3.3.1.1(3,7)]decane-1-amine; Tricyclo[3.3.1.1(sup3,7)]decan-1-amine; Tricyclo(3.3.1.1(sup 3,7))decan-1-amine; Tricyclo(3.3.1.1(sup 3.7))decan-1-amine; Tricyclo[3.3.1.1~3,7~]decan-1-amine; Tricyclo(3.3.1.1(3,7))-decan-1-amine; 1-Adamantamine; 1-Adamantanamine; 1-Adamantanamine (8CI); 1-Adamantylamine; 1-Aminoadamantane; 1-Aminotricyclo(3.3.1.1(sup 3,7))decane",Small molecular drug,,"Amantadine is a medication used to treat dyskinesia in Parkinson's patients receiving levodopa, as well as extrapyramidal side effects of medications.",C10H17N,C1C2CC3CC1CC(C2)(C3)N,"1S/C10H17N/c11-10-4-7-1-8(5-10)3-9(2-7)6-10/h7-9H,1-6,11H2",DKNWSYNQZKUICI-UHFFFAOYSA-N,D02KRS,DB00915,2130,"9036, 461565, 588114, 597379, 3136147, 5106490, 7978680, 8147192, 8151445, 10535392, 11110715, 11335990, 11361229, 11362804, 11365366, 11367928, 11371422, 11373687, 11376090, 11448576, 11462201, 11466435, 11467555, 11483738, 11486009, 11487897, 11490107, 11491949, 11493844, 15170902, 15219251, 16666659, 24848359, 26755640, 26755641, 29221309, 30400536, 38395099, 46168239, 46507081, 47216816, 47216817, 47440544, 47515356, 47589230, 47736526, 47959791, 48035167, 48035168, 48259495",CHEBI:2618,CAS 768-94-5,BADD_D00097
D00030,Ambenonium,"Ambenonum; Ambenonium Base; Ambenonium kation; Mytelase (TN); (2-chlorophenyl)methyl-[2-[[2-[2-[(2-chlorophenyl)methyl-diethylazaniumyl]ethylamino]-2-oxoacetyl]amino]ethyl]-diethylazanium; 2,2'-[(1,2-dioxoethane-1,2-diyl)diimino]bis[n-(2-chlorobenzyl)-n,n-diethylethanaminium]",Small molecular drug,Sanofi Aventis Us Llc,Ambenonium is a cholinesterase inhibitor that targets both muscarinic and nicotinic receptors indicated for the treatment of myasthenia gravis.,C28H42Cl2N4O2+2,CC[N+](CC)(CCNC(=O)C(=O)NCC[N+](CC)(CC)CC1=CC=CC=C1Cl)CC2=CC=CC=C2Cl,"1S/C28H40Cl2N4O2/c1-5-33(6-2,21-23-13-9-11-15-25(23)29)19-17-31-27(35)28(36)32-18-20-34(7-3,8-4)22-24-14-10-12-16-26(24)30/h9-16H,5-8,17-22H2,1-4H3/p+2",OMHBPUNFVFNHJK-UHFFFAOYSA-P,D06IAQ,DB01122,2131,"9975, 5106491, 5792527, 8151446, 11113478, 26756578, 29221310, 46508143, 57321160, 76506773, 103107679, 103624065, 104111496, 104222117, 104299694, 117397200, 117465261, 124886912, 126407287, 134338170, 135027862, 136035395, 137005305, 160964456, 162656397, 175265408, 179225494, 196372339, 226628643, 241145075",CHEBI:2627,CAS 7648-98-8,
D00031,Aminoglutethimide,"Aminoglutethimidum; Aminoglutetimida; Cytadren; Elipten; Orimeten; Ciba Vision Brand of Aminoglutethimide; Novartis Brand of Aminoglutethimide; A 9657; Ba 16038; AG-1; Aminoglutethimide (AG); Aminoglutethimide [INN:BAN]; Aminoglutethimidum [INN-Latin]; Aminoglutetimida [INN-Spanish]; Ba-16038; C 16038-BA; Cytadren (TN); Dl-Aminoglutethimide; P-Aminoglutethimide; Aminoglutethimide (USP/INN); Glutethimide, para-amino; Alpha-(p-Aminophenyl)-alpha-ethylglutarimide; (+-)-3-(p-Aminophenyl)-3-ethyl-2,6-piperidinedione; (+/-)-p-AMINOGLUTETHIMIDE; (inverted question mark)-p-Aminoglutethimide; 2-(p-Aminophenyl)-2-ethylglutarimide; 3-(4-Aminophenyl)-3-ethyl-2,6-piperidindion; 3-(4-Aminophenyl)-3-ethyl-2,6-piperidinedione; 3-(4-aminophenyl)-3-ethylpiperidine-2,6-dione; 3-(p-Aminophenyl)-3-ethylpiperidine-2,6-dione; 3-Ethyl-3-(p-aminophenyl)-2,6-dioxopiperidine",Small molecular drug,Norvatis Phamaceuticals Corporation,Aminoglutethimide is an adrenocortical steroid synthesis inhibitor used in the treatment of Cushing's syndrome.,C13H16N2O2,CCC1(CCC(=O)NC1=O)C2=CC=C(C=C2)N,"1S/C13H16N2O2/c1-2-13(8-7-11(16)15-12(13)17)9-3-5-10(14)6-4-9/h3-6H,2,7-8,14H2,1H3,(H,15,16,17)",ROBVIMPUHSLWNV-UHFFFAOYSA-N,D0M6DO,DB00357,2145,"9819, 459146, 3206291, 4656527, 7847640, 7978687, 8149197, 8151456, 10321343, 10506109, 11336059, 11361298, 11362814, 11365376, 11367938, 11371432, 11373727, 11376100, 11407292, 11462270, 11466272, 11467392, 11483782, 11485983, 11487909, 11490112, 11491959, 11493854, 12012594, 15068844, 17404687, 24278142, 25623233, 26611601, 26679683, 26747446, 26747447, 26747448, 29221324, 46500462, 46506066, 46510177, 47216836, 47291191, 47291192, 47736545, 47810808, 48110505, 48259296, 48334561",CHEBI:2654,CAS 125-84-8,BADD_D00107
D00032,Theophylline,"Bronchoretard; Cetraphylline; Chronophyllin; Dimethylxanthine; Elixophylline; Liquophylline; Pseudotheophylline; Afonilum Retard; Bronchodid Duracap; Elixophyllin SR; Somophyllin CRT; Spophyllin retard; Telbans DrySyrup; Teofilina [Polish]; Theal tablets; Theobid Duracap; Theodur Dry Syrup; Uniphyllin continus; Elixophyllin (TN); Elixophyllin(e); Pulmo-Timelets; Somophyllin-CRT; Somophyllin-DF; Theo-Organidin; Theoclear-200; Theodur G (TN); Theolair (TN); Theophylline (JP15); Theophylline-SR; Quibron-t (TN); Theo-Dur-Sprinkle; Theophylline-[8-3H; Theoclear L.A.-130; 1,3 Dimethylxanthine; 1,3-Dimethylxanthine; 1H-purine-2,6-dione",Small molecular drug,Purdue Pharma,"Theophylline is a xanthine used to manage the symptoms of asthma, COPD, and other lung conditions caused by reversible airflow obstruction.",C7H8N4O2,CN1C2=C(C(=O)N(C1=O)C)NC=N2,"1S/C7H8N4O2/c1-10-5-4(8-3-9-5)6(12)11(2)7(10)13/h3H,1-2H3,(H,8,9)",ZFXYFBGIUFBOJW-UHFFFAOYSA-N,D0F8RA,DB00277,2153,"9340, 68760, 603445, 855679, 3140219, 4657313, 5643002, 7847437, 7890742, 7980771, 8026207, 8144385, 8149549, 8151463, 10518342, 10528330, 10528902, 11335378, 11360617, 11363932, 11366494, 11369056, 11371683, 11373924, 11377218, 11406129, 11461589, 11466848, 11466901, 11467968, 11468021, 11484559, 11486376, 11486602, 11488658, 11490488, 11492168, 11494852, 11537637, 14772732, 17389715, 21317898, 22390364, 22391535, 24277677, 24900236, 24900474, 24900581, 26611941, 26679415",CHEBI:28177,CAS 58-55-9,BADD_D02195
D00033,Amiodarone,"Amidorone; Aminodarone; Amiobeta; Amiodarex; Amiodarona; Amiodarons; Amiodaronum; Amiohexal; Amjodaronum; Ancar; Aratac;Arycor; Braxan; Corbionax; Cordarex; Cordarone; Kordaron; Labaz; Ortacrone; Pacerone; Rytmarone; Sedacoron; Sedacorone; Tachydaron; ASTA Medica Brand of Amiodarone Hydrochloride; Alphapharm Brand of Amiodarone Hydrochloride; Amiodarone Base; Armstrong Brand of Amiodarone Hydrochloride; Berenguer Infale Brand of Amiodarone Hydrochloride; Betapharm Brand of Amiodarone Hydrochloride; Cordarone Intravenous; G Gam Brand of Amiodarone Hydrochloride; Hexal Brand of Amiodarone Hydrochloride; Leurquin Brand of Amiodarone Hydrochloride; Pharma Investi Brand of Amiodarone Hydrochloride; Sanofi Winthrop Brand of Amiodarone Hydrochloride; Wyeth Brand of Amiodarone Hydrochloride; Ethylaminoethoxy)benzoyl]benzofuran; L 3428; L3428; SKF 33134A; Amio-Aqueous IV; Amiodarona [INN-Spanish]; Amiodaronum [INN-Latin]; Aratac (TN); Arycor (TN); Atlansil (TN); Cordarone (TN); L-3428; Pacerone (TN); Pms-Amiodarone; SKF 33134-A; Amiodarone (USAN/INN); Amiodarone [USAN:BAN:INN]; Ketone, 2-butyl-3-benzofuranyl 4-(2-(diethylamino)ethoxy)-3,5-diiodophenyl; Ketone, 2-butyl-3-benzofuranyl 4-[2-(diethylamino)ethoxy]-3,5-diiodophenyl (7CI,8CI); (2-Butyl-3-benzofuranyl)(4-(2-(diethylamino)ethoxy)-3,5-diidophenyl)methanone; (2-butyl-1-benzofuran-3-yl)(4-{[2-(diethylamino)ethyl]oxy}-3,5-diiodophenyl)methanone; (2-butyl-1-benzofuran-3-yl)-[4-(2-diethylaminoethyloxy)-3,5-diiodophenyl]methanone; (2-butyl-1-benzofuran-3-yl){4-[2-(diethylamino)ethoxy]-3,5-diiodophenyl}methanone; (2-butylbenzofuran-3-yl)-[4-(2-diethylaminoethoxy)-3,5-diiodo-phenyl]-methanone; (2-{4-[(2-butyl-1-benzofuran-3-yl)carbonyl]-2,6-diiodophenoxy}ethyl)diethylamine; 2-Butyl-3-(3,5-diiodo-4-(2-diethylaminoethoxy)benzoyl)benzofuran; 2-Butyl-3-(3,5-diiodo-4-(beta-diethylaminoethoxy)benzoyl)benzofuran; 2-Butyl-3-(4'-beta-N-diethylaminoethoxy-3',5'-diiodobenzoyl)benzofuran; 2-Butyl-3-[3,5-diiodo-4-(2-di; 2-Butyl-3-benzofuranyl 4-(2-(diethylamino)ethoxy)-3,5-diiodophenyl ketone; 2-Butyl-3-benzofuranyl p-((2-diethylamino)ethoxy)-m,m-diiodophenyl ketone; 2-Butyl-3-benzofuranyl p-[(2-diethylamino)ethoxy]-m,m-diiodophenyl ketone; 2-n-Butyl-3',5'-diiodo-4'-N-diethylaminoethoxy-3-benzoylbenzofuran",Small molecular drug,Wyeth-Ayerst Laboratories,Amiodarone is a class III antiarrhythmic indicated for the treatment of recurrent hemodynamically unstable ventricular tachycardia and recurrent ventricular fibrillation.,C25H29I2NO3,CCCCC1=C(C2=CC=CC=C2O1)C(=O)C3=CC(=C(C(=C3)I)OCCN(CC)CC)I,"1S/C25H29I2NO3/c1-4-7-11-22-23(18-10-8-9-12-21(18)31-22)24(29)17-15-19(26)25(20(27)16-17)30-14-13-28(5-2)6-3/h8-10,12,15-16H,4-7,11,13-14H2,1-3H3",IYIKLHRQXLHMJQ-UHFFFAOYSA-N,D0L5WM,DB01118,2157,"9041, 650805, 4266412, 5487933, 7978689, 8145887, 8151466, 11110784, 11110785, 11119907, 11120395, 11120883, 11121639, 11122119, 11146990, 11335254, 11360493, 11362708, 11363155, 11365270, 11365717, 11367832, 11368279, 11370687, 11370688, 11371900, 11373433, 11374997, 11375994, 11376441, 11446237, 11461465, 11466437, 11467557, 11485561, 11486013, 11489629, 11490865, 11493004, 11494075, 14765719, 17397067, 24424556, 26751596, 26751597, 29221336, 46507387, 46519007, 47216511, 47364902",CHEBI:2663,CAS 1951-25-3,BADD_D00115
D00034,Amisulpride,"Aminosultopride; Amisulpiride; Amisulprida; Amisulpridum; Deniban; Socian; Solian; Amisulpride [INN]; DAN 2163; Amisulprida [INN-Spanish]; Amisulpride (INN); Amisulpridum [INN-Latin]; DAN-2163; Deniban (TN); Solian (TN); Solian, Amisulpride; SL-91.1077; 4-Amino-N-((1-ethyl-2-pyrrolidinyl)methyl)-5-(ethylsulfonyl)-2-anisamid; 4-Amino-N-((1-ethyl-2-pyrrolidinyl)methyl)-5-(ethylsulfonyl)-2-methoxybenzamide; 4-Amino-N-((1-ethyl-2-pyrrolidinyl)methyl)-5-(ethylsulfonyl)-o-anisamide; 4-Amino-N-[(1-ethyl-2-pyrrolidinyl)methyl]-5-(ethylsulfonyl)-2-methoxybenzamide; 4-amino-N-[(1-ethylpyrrolidin-2-yl)methyl]-5-(ethylsulfonyl)-2-methoxybenzamide; 4-amino-N-[(1-ethylpyrrolidin-2-yl)methyl]-5-ethylsulfonyl-2-methoxybenzamide",Small molecular drug,Sanofi-Aventis,"Amisulpride is a dopamine D2 receptor antagonist used in the treatment of acute and chronic schizophrenia, and in the prevention and treatment of postoperative nausea and vomiting in adults.",C17H27N3O4S,CCN1CCCC1CNC(=O)C2=CC(=C(C=C2OC)N)S(=O)(=O)CC,"1S/C17H27N3O4S/c1-4-20-8-6-7-12(20)11-19-17(21)13-9-16(25(22,23)5-2)14(18)10-15(13)24-3/h9-10,12H,4-8,11,18H2,1-3H3,(H,19,21)",NTJOBXMMWNYJFB-UHFFFAOYSA-N,D03ELL,DB06288,2159,"4426036, 7978690, 8151467, 12013930, 14852985, 24890689, 26719747, 26719748, 26753203, 29221338, 46386656, 46386793, 49681614, 49875487, 50105670, 50740420, 51091647, 56311657, 57321177, 81041117, 81092862, 85208948, 85789065, 90341703, 91746200, 92308440, 92721951, 99437236, 99443244, 103527296, 104299778, 117878946, 121361831, 124658864, 124757136, 124801322, 124891581, 125001904, 125163940, 125312444, 125356672, 126592345, 126618690, 126660738, 126665652, 128751968, 131324616, 131342364, 131480773, 131849879",CHEBI:64045,CAS 71675-85-9,BADD_D00117
D00035,Amitriptyline,"Adepress; Adepril; Amitril; Amitriprolidine; Amitriptilina; Amitriptylin; Amitriptylinum; Amitryptiline; Amitryptyline; Amytriptiline; Amytriptylin; Damilan; Damilen; Damitriptyline; Elanil; Elavil; Flavyl; Lantron; Laroxil; Laroxyl; Proheptadiene; Redomex; Sarotex; Seroten; Sylvemid; Triptanol; Triptilin; Triptisol; Tryptanol; Amitriptilina [Italian]; Amitriptylin [German]; MK 230; N 750; TP0; Amitriptilina [INN-Spanish]; Amitriptyline (INN); Amitriptyline [INN:BAN]; Amitriptylinum [INN-Latin]; Elavil (TN); Laroxyl (TN); Ro 4-1575; [3-(10,11-Dihydro-dibenzo[a,d]cyclohepten-5-ylidene)-propyl]-dimethyl-amine; 10,11-Dihydro-5-(gamma-dimethylaminopropylidene)-5H-dibenzo(a,d)cycloheptene; 10,11-Dihydro-N,N-dimethyl-5H-dibenzo(a,d)heptalene-delta(5),gamma-propylamine; 10,11-dihydro-5-(gamma-dimethylaminopropylidene)-5H-dibenzo[a,d]cycloheptene; 3-(10,11-Dihydro-5H-dibenzo(a,d)cyclohepten-5-yliden)-N,N-dimethylpropylamin; 3-(10,11-dihydro-5H-dibenzo[a,d][7]annulen-5-ylidene)-N,N-dimethylpropan-1-amine; 5-(3'-Dimethylaminopropylidene)-dibenzo-(a,d)(1,4)-cycloheptadiene; 5-(3'-Dimethylaminopropylidene)-dibenzo-[a,d][1,4]-cycloheptadiene; 5-(3-Dimethylaminopropylidene)-10,11-dihydro-5H-dibenzo(a,d)cycloheptatriene; 5-(3-Dimethylaminopropylidene)-10,11-dihydro-5H-dibenzo(a,d)cycloheptene; 5-(3-Dimethylaminopropylidene)-5H-dibenzo[a,d]-10,11-dihydrocycloheptene; 5-(3-dimethylaminopropylidene)dibenzo[a,d][1,4]-cycloheptadiene; 5-(gamma-Dimethylaminopropylidene)-10,11-dihydro-5H-dibenzo(a,d)cycloheptene; 5-(gamma-Dimethylaminopropylidene)-5H-Dibenzo[a,d][1,4]cycloheptadiene; 5-(gamma-Dimethylaminopropylidene)-5H-dibenzo(a,d)(1,4)cycloheptadiene; 5-(gamma-Dimethylaminopropylidene)-5H-dibenzo[a,d]10,11-dihydrocycloheptene; 5-(gamma-Dimethylaminopropylidine)-5H-dibenzo(a,d)(1,4)cycloheptadiene",Small molecular drug,Hoffmann La Roche Inc,"Amitriptyline is a tricyclic antidepressant indicated in the treatment of depressive illness, either endogenous or psychotic, and to relieve depression associated anxiety.",C20H23N,CN(C)CCC=C1C2=CC=CC=C2CCC3=CC=CC=C31,"1S/C20H23N/c1-21(2)15-7-12-20-18-10-5-3-8-16(18)13-14-17-9-4-6-11-19(17)20/h3-6,8-12H,7,13-15H2,1-2H3",KRMDCWKBEZIMAB-UHFFFAOYSA-N,D0Y5UG,DB00321,2160,"9042, 597372, 841048, 4426037, 7978691, 8151468, 10524415, 10589138, 11110782, 11110783, 11335941, 11361180, 11362838, 11364675, 11365400, 11367237, 11367962, 11369799, 11371436, 11372840, 11373731, 11375399, 11376124, 11377962, 11462152, 11466102, 11467222, 11483818, 11485944, 11487917, 11490114, 11491961, 11493858, 11534105, 14775196, 29221339, 46508798, 47291168, 47440289, 47440290, 47589029, 47662314, 47662315, 47662316, 47736512, 48035153, 48185028, 48334525, 48334526, 48415554",CHEBI:2666,CAS 50-48-6,BADD_D00118
D00036,Amlodipine,"Amlocard; Amlodipino; Amlodipinum; Amlodis; Amlopres; Amlor; Coroval; Intervask; Lipinox; AMLODIPINE BASE; Amlodipine Free Base; Amlodipino [Spanish]; Amlodipinum [Latin]; Racemic Amlodipine; Amlodipine (INN); Amlodipine [INN:BAN]; Dailyvasc (TN); Istin (TN); Norvasc (TN); Perivasc (TN); UK-4834011; R,S)-Amlodipine; 2-[(2-Aminoethoxy)methyl]-4-(2-chlorophenyl); 3,5-Pyridinedicarboxylic acid, 2-((2-aminoethoxy)methyl)-4-(2-chlorophenyl)-1,4-dihydro-6-methyl-, 3-ethyl 5-methyl ester; 3,5-Pyridinedicarboxylic acid, 2-[(2-aminoethoxy)methyl]-4-(2-chlorophenyl)-1,4-dihydro-6-methyl-, 3-ethyl 5-methyl ester; 3-Ethyl-5-methyl (+-)-2-(2-aminoethoxymethyl)-4-(o-chlorophenyl)-1,4-dihydro-6-methyl-3,5-pyridinedicarboxylate; 3-Ethyl-5-methyl (+/-)-2-[(2-aminoethoxy)methyl]-4-(o-chlorophenyl)-1,4-dihydro-6-methyl-3,5-pyridinedicarboxylate; 3-Ethyl-5-methyl (-)-2-((2-aminoethoxy)methyl)-4-(2-chlorphenyl)-1,4-dihydro-6-methyl-3,5-pyridindicarboxylat; 3-Ethyl-5-methyl (-)-2-((2-aminoethoxymethyl)-4-(o-chlorophenyl)-1,4-dihydro-6-methyl-3,5-pyridinedicarboxylate; 3-O-ethyl 5-O-methyl 2-(2-aminoethoxymethyl)-4-(2-chlorophenyl)-6-methyl-1,4-dihydropyridine-3,5-dicarboxylate; 3-ethyl 5-methyl 2-[(2-aminoethoxy)methyl]-4-(2-chlorophenyl)-6-methyl-1,4-dihydropyridine-3,5-dicarboxylate; 3-ethyl 5-methyl 2-{[(2-aminoethyl)oxy]methyl}-4-(2-chlorophenyl)-6-methyl-1,4-dihydropyridine-3,5-dicarboxylate",Small molecular drug,Dainippon Sumitomo,Amlodipine is a calcium channel blocker used to treat hypertension and angina.,C20H25ClN2O5,CCOC(=O)C1=C(NC(=C(C1C2=CC=CC=C2Cl)C(=O)OC)C)COCCN,"1S/C20H25ClN2O5/c1-4-28-20(25)18-15(11-27-10-9-22)23-12(2)16(19(24)26-3)17(18)13-7-5-6-8-14(13)21/h5-8,17,23H,4,9-11,22H2,1-3H3",HTIQEAQVCYTUBX-UHFFFAOYSA-N,D08JIV,DB00381,2162,"9043, 4436379, 7978692, 8151470, 11372046, 11374781, 11484087, 11488302, 11490819, 11492946, 12013616, 14781768, 29217715, 29221341, 46386686, 46507214, 47730753, 47730754, 48415556, 49681578, 50032146, 50111725, 50111726, 50946098, 51091781, 53787488, 56313574, 57321180, 85175495, 85789496, 85789660, 87322623, 92308659, 92308823, 92711323, 93166968, 104234246, 104299787, 117436332, 119525879, 124360696, 124659134, 124757688, 124799862, 124893198, 124893199, 125164492, 125336819, 125359103, 126525316",CHEBI:2668,CAS 88150-42-9,BADD_D00121
D00037,Amobarbital,"AMAL; Amasust; Amital; Amobarbitale; Amobarbitalum; Amobarbitone; Amospan; Amybal; Amylbarbitone; Amylobarbital; Amylobarbitone; Amytal; Barbamil; Barbamyl; Binoctal; Dorlotyn; Dormytal; Eunoctal; Isomyl; Isomytal; Mylodorm; Pentymal; Pentymalum; Robarb; Schiwanox; Sednotic; Somnal; Stadadorm; Sumital; Talamo; Amobarbital suppository dosage form; Amobarbitale [DCIT]; Barbamyl acid; Component of Dexamyl; Ethylisopentylbarbituric acid; Isoamylethylbarbituric acid; Amobarbital [INN:JAN]; Amobarbitalum [INN-Latin]; Component of 15-90; Component of Amo-Dextrosule; Component of Q-Caps; Isomytal (TN); Amobarbital (JP15/INN); 5-Ethyl-5-(3-methylbutyl)-2,4,6(1H,3H,5H)-pyrimidinetrione; 5-Ethyl-5-(3-methylbutyl)barbituric acid;5-Ethyl-5-isoamylbarbituric acid; 5-Ethyl-5-isoamylmalonyl urea; 5-Ethyl-5-isopentylbarbituric acid; 5-Ethyl-5-isopentylbarbitursaeure; 5-Isoamyl-5-ethylbarbituric acid; 5-ethyl-5-(3-methylbutyl)-1,3-diazinane-2,4,6-trione; 5-ethyl-5-(3-methylbutyl)pyrimidine-2,4,6(1H,3H,5H)-trione",Small molecular drug,,"Amobarbital is a barbiturate derivative used for the induction of sedation during procedures, short-term management of insomnia, and acute management of refractory tonic-clonic seizures.",C11H18N2O3,CCC1(C(=O)NC(=O)NC1=O)CCC(C)C,"1S/C11H18N2O3/c1-4-11(6-5-7(2)3)8(14)12-10(16)13-9(11)15/h7H,4-6H2,1-3H3,(H2,12,13,14,15,16)",VIROVYVQCGLCII-UHFFFAOYSA-N,D0R6BR,DB01351,2164,"9739, 75927, 90916, 415152, 4436381, 7847621, 7978707, 8151471, 10527891, 11135452, 11336169, 11361408, 11462380, 11533324, 12587661, 12587662, 15415185, 29221343, 46508165, 47291211, 47891734, 48413208, 48414905, 49857182, 50381613, 53789674, 57321181, 87691678, 93167109, 103165869, 104299793, 124954079, 125308270, 126677737, 129480778, 134337975, 134970867, 137003749, 137240387, 138744645, 144206419, 160964641, 164835791, 175267584, 176262155, 179094982, 179225502, 198993173, 223366878, 223674396",CHEBI:2673,CAS 57-43-2,BADD_D00126
D00038,Amodiaquine,"Amodiachin; Amodiachinum; Amodiaquin; Amodiaquina; Amodiaquinum; Basoquin; CQA; Camochin; Camoquin; Camoquinal; Camoquine; Flavoquin; Flavoquine; Miaquin; Sunoquine; Amodiaquine hydrochloride; Amodiaquine USP24; SN 10751; AMODIAQUINE, FLAVOQUINE; Amodiaquina [INN-Spanish]; Amodiaquinum [INN-Latin]; CAM-AQ 1; CAM-AQI; Cam-AQ1; Camoquin (TN); Flavoquine (TN); SN 10,751; WR-002977; Amodiaquine (USAN/INN); Amodiaquine [USAN:INN:BAN]; Amodiaquine, ring-closed; S. N. 10751",Small molecular drug,,Amodiaquine is an antimalarial drug.,C20H22ClN3O,CCN(CC)CC1=C(C=CC(=C1)NC2=C3C=CC(=CC3=NC=C2)Cl)O,"1S/C20H22ClN3O/c1-3-24(4-2)13-14-11-16(6-8-20(14)25)23-18-9-10-22-19-12-15(21)5-7-17(18)19/h5-12,25H,3-4,13H2,1-2H3,(H,22,23)",OVCDSSHSILBFBN-UHFFFAOYSA-N,D04NQI,DB00613,2165,"9828, 77901, 598064, 4621370, 7886759, 7978694, 8151472, 10537079, 10589213, 11466337, 11467457, 11486233, 15374079, 17397079, 29221344, 46393825, 46506940, 47291303, 47440457, 47589170, 47810953, 47959956, 48415557, 49698430, 49956414, 50085969, 53789783, 53801183, 57321182, 76179602, 81062056, 81093107, 84974934, 92712423, 103190631, 103973209, 104299796, 105086070, 124596739, 124659480, 124801466, 124951249, 125358735, 126630109, 126678259, 128866127, 131333557, 134337988, 134970939, 135702891",CHEBI:2674,CAS 86-42-0,
D00039,Amoxapine,"Amoxan; Amoxapina; Amoxapinum; Amoxepine; Ascendin; Asendin; Asendis; Defanyl; Demolox; Desmethylloxapin; Desmethylloxapine; Moxadil; CL 67772; A-129; Amoxapina [INN-Spanish]; Amoxapinum [INN-Latin]; Asendin (TN); Asendis (TN); CL-67772; Defanyl (TN); Demolox (TN); KS-1197; Moxadil (TN); CL-67,772; Amoxapine (JP15/USP/INN); Amoxapine [USAN:BAN:INN:JAN]; 2-Chlor-11-(1-piperazinyl)dibenz(b,f)(1,4)oxazepin; 2-Chloro-11-(1-piperazinyl)-dibenz[b,f][1,4]oxazepine; 2-Chloro-11-(1-piperazinyl)dibenz(b,f)(1,4)oxazepine; 2-Chloro-11-(1-piperazinyl)dibenz[b,f][1,4]oxazepine; 2-chloro-11-(piperazin-1-yl)dibenzo[b,f][1,4]oxazepine; 2-chloro-11-piperazin-1-yldibenzo[b,f][1,4]oxazepine; 8-chloro-6-piperazin-1-ylbenzo[b][1,4]benzoxazepine",Small molecular drug,,Amoxapine is a tricyclic antidepressant used in the treatment of neurotic or reactive depressive disorders and endogenous or psychotic depression.,C17H16ClN3O,C1CN(CCN1)C2=NC3=CC=CC=C3OC4=C2C=C(C=C4)Cl,"1S/C17H16ClN3O/c18-12-5-6-15-13(11-12)17(21-9-7-19-8-10-21)20-14-3-1-2-4-16(14)22-15/h1-6,11,19H,7-10H2",QWGDMFLQWFTERH-UHFFFAOYSA-N,D09IOI,DB00543,2170,"855963, 4621375, 7847295, 7978696, 8150155, 8151476, 10321488, 10507662, 11110675, 11110676, 11335411, 11360650, 11363340, 11365902, 11368464, 11371973, 11374794, 11376626, 11461622, 11466130, 11467250, 11484886, 11485759, 11489061, 11490882, 11493032, 11494260, 12013426, 14950373, 17404679, 24278075, 26613170, 26680165, 26747067, 26751577, 29221349, 46509117, 47291025, 47662153, 47662154, 47662155, 47736356, 48110341, 48110342, 48110343, 48259108, 48334368, 48415558, 49698344, 49846684",CHEBI:2675,CAS 14028-44-5,BADD_D00128
D00040,Anastrozole,"Anastrazole; Anastrole; Anastrozol; Arimidex; Asiolex; Astra brand of anastrozole; AstraZeneca brand of anastrozole; Zeneca brand of anastrozole; ZD 1033; ZD1033; Zeneca ZD 1033; Arimidex (TN); Arimidex (Zeneca); Arimidex, Anastrozole; ZD-1033; Anastrozole [USAN:INN:BAN]; Anastrozole (JAN/USAN/INN); Alpha,alpha,alpha',alpha'-tetramethyl-5(1H-1,2,4-triazol-1-ylmethyl)-m-benzenediacetonitrile; Alpha,alpha,alpha',alpha'-Tetramethyl-5-(1H-1,2,4-triazol-1-ylmethyl)-m-benzenediacetonitrile; 1,3-benzenediacetonitrile, a, a,a', a'-tetramethyl-5-(1H-1,2,4-triazol-1-ylmethyl); 2,2'-(5-(1H-1,2,4-triazol-1-ylmethyl)-1,3-phenylene)bis(2-methylpropionitrile); 2,2'-[5-(1H-1,2,4-triazol-1-ylmethyl)-1,3-phenylene]bis(2-methylpropanenitrile); 2,2'-[5-(1H-1,2,4-triazol-1-ylmethyl)benzene-1,3-diyl]bis(2-methylpropanenitrile); 2-[3-(2-cyanopropan-2-yl)-5-(1,2,4-triazol-1-ylmethyl)phenyl]-2-methylpropanenitrile",Small molecular drug,AstraZeneca,"Anastrozole is a competitive, selective, non-steroidal aromatase inhibitor used as adjuvant therapy for the treatment of hormone receptor-positive breast cancer in postmenopausal women.",C17H19N5,CC(C)(C#N)C1=CC(=CC(=C1)CN2C=NC=N2)C(C)(C)C#N,"1S/C17H19N5/c1-16(2,9-18)14-5-13(8-22-12-20-11-21-22)6-15(7-14)17(3,4)10-19/h5-7,11-12H,8H2,1-4H3",YBBLVLTVTVSKRW-UHFFFAOYSA-N,D0W0BF,DB01217,2187,"10359, 535026, 5128740, 7848023, 7978492, 8151486, 11528617, 12014321, 14751420, 26719808, 26758041, 29221365, 46386543, 46504987, 46510669, 48415567, 49681575, 53007586, 53789173, 56311273, 56313558, 56313576, 57321190, 58106884, 81040864, 87351875, 92308653, 92308946, 92712142, 99436928, 103478231, 104299862, 117672710, 118313740, 124659088, 124757065, 124801312, 125163869, 125311691, 125339200, 126630179, 126657740, 126667645, 129769972, 131296284, 134337917, 135018130, 135698190, 135727309, 136348802",CHEBI:2704,CAS 120511-73-1,BADD_D00142
D00041,Anethole Trithione,Anetholtrithion,Small molecular drug,,Anethole trithione is a medication used to treat dry mouth associated with medication or radiotherapy of the head and neck.,C10H8OS3,COC1=CC=C(C=C1)C1=CC(=S)SS1,"1S/C10H8OS3/c1-11-8-4-2-7(3-5-8)9-6-10(12)14-13-9/h2-6H,1H3",KYLIZBIRMBGUOP-UHFFFAOYSA-N,,DB13853,2194,347829320,CHEBI:31221,CAS 532-11-6,
D00042,Antipyrine,"antipyrine; Phenazone; 60-80-0; Antipyrin; Phenazon; Analgesine; Anodynine; Fenazone; Anodynin; Azophen; 2,3-Dimethyl-1-phenyl-5-pyrazolone; Antipirin; Phenozone; Methozin; Azophene; Phenylone; Pyrazophyl; Sedatine; Apirelina; Sedatin; Dimethyloxychinizin; Dimethyloxyquinazine; Phenazonum; Antipyrinum; Oxydimethylquinazine; Azophenum; Parodyne; Phenylon; Fenazona; 3-Antipyrine; Fenazon [Czech]; Auralgan; Fenazon; Fenazona [INN-Spanish]; Phenazone (pharmaceutical); 3H-Pyrazol-3-one, 1,2-dihydro-1,5-dimethyl-2-phenyl-; Oxydimethylquinizine",Small molecular drug,,"Antipyrine is an antipyretic agent used for the symptomatic treatment of acute otitis media, most commonly in combination with benzocaine.",C11H12N2O,CC1=CC(=O)N(N1C)C2=CC=CC=C2,"1S/C11H12N2O/c1-9-8-11(14)13(12(9)2)10-6-4-3-5-7-10/h3-8H,1-2H3",VEQOALNAAJBPNY-UHFFFAOYSA-N,D03IRR,DB01435,2206,"73701, 585988, 609733, 897396, 3132034, 7548402, 7848839, 8149206, 8151497, 10321128, 10529438, 11112159, 11335659, 11360898, 11362852, 11365414, 11367976, 11371470, 11373763, 11376138, 11461870, 11466057, 11467177, 11483752, 11485754, 11487904, 11490121, 11491967, 11493872, 11533957, 14797281, 24846783, 24890859, 24891029, 26611611, 26679445, 26747866, 26747867, 26753718, 29221384, 32867460, 46505216, 47216735, 47291090, 47515275, 47662233, 47885364, 47959690, 48259186, 48414294",CHEBI:31225,CAS 60-80-0,
D00043,Aspirin,ACETYLSALICYLIC ACID; 50-78-2; 2-Acetoxybenzoic acid; o-Acetoxybenzoic acid; O-Acetylsalicylic acid; Polopiryna; Acylpyrin; Ecotrin; Easprin; Acetylsalicylate; Acetophen; Acenterine; Acetosal; Colfarit; Salicylic acid acetate; o-Carboxyphenyl acetate; Enterosarein; Aspergum; Salcetogen; Pharmacin; Acetosalin; Premaspin; Micristin; Benaspir; Aspirdrops; Acetonyl; Aceticyl; Temperal; Acetylin; Empirin; Ecolen; Rhodine; Endydol; Saletin; Rheumintabletten; Solprin acid; Acidum acetylsalicylicum; Globentyl; Pravigard,Small molecular drug,Bayer Pharmaceuticals Corporation,"Aspirin is a salicylate used to treat pain, fever, inflammation, migraines, and reducing the risk of major adverse cardiovascular events.",C9H8O4,CC(=O)OC1=CC=CC=C1C(=O)O,"1S/C9H8O4/c1-6(10)13-8-5-3-2-4-7(8)9(11)12/h2-5H,1H3,(H,11,12)",BSYNRYMUTXBXSQ-UHFFFAOYSA-N,D0GY5Z,DB00945,2244,"4594, 87798, 476106, 602429, 829042, 832958, 840714, 3135921, 5261264, 7847177, 7885805, 7978731, 8143164, 8149208, 8151516, 10524572, 11110749, 11335730, 11360969, 11364139, 11364685, 11366701, 11367247, 11369263, 11369809, 11372248, 11372850, 11373537, 11375409, 11377425, 11377972, 11406615, 11461941, 11485574, 11489715, 11491110, 11491914, 11495059, 15195166, 17389202, 17390036, 17404602, 24278218, 24714725, 24890623, 24890723, 24891140, 26611613, 26679412, 26717767",CHEBI:15365,CAS 50-78-2,BADD_D00033
D00044,Astemizole,"Alermizol; Astemina; Astemisan; Astemisol; Astemison; Astemizol; Astemizolum; Astesen; Emdar; Esmacen; Fustermizol; Hestazol; Hismanal; Histamen; Histaminos; Histazol; Hubermizol; Kelp; Laridal; Metodih; Metodik; Paralergin; Retolen; Rifedot; Rimbol; Romadin; Simprox; Urdrim; Wareezol; Waruzol; AlacanBrand of Astemizole; Alonga Brand of Astemizole; Astemizol Alonga; Astemizol [German]; Astemizol ratiopharm; Astemizole Alacan Brand; Astemizole Alonga Brand; Astemizole Byk Brand; Astemizole Diba Brand; Astemizole Elfar Brand; Astemizole Esteve Brand; Astemizole Fustery Brand; Astemizole ICN Brand; Astemizole Janssen Brand; Astemizole Lesvi Brand; Astemizole McNeil Brand; Astemizole Medinsa Brand; Astemizole Merck Brand; Astemizole Senosiain Brand; Astemizole Septa Brand; Astemizole Smaller Brand; Astemizole Urbion Brand; Astemizole Vita Brand; Astemizole ratiopharm Brand; Byk Brand of Astemizole; Diba Brand of Astemizole; Elfar Brand of Astemizole; Esteve Brand of Astemizole; Fustery Brand of Astemizole; ICN Brand of Astemizole; Janssen Brand of Astemizole; Lesvi Brand of Astemizole; McNeil Brand of Astemizole; Medinsa Brand of Astemizole; Merck Brand of Astemizole; Ratiopharm Brand of Astemizole; Reig Jofre Brand of Astemizole; Senosiain Brand of Astemizole; Septa Brand of Astemizole; Smaller Brand of Astemizole; Urbion Brand of Astemizole; Vita Brand of Astemizole; R 42512; [3H]Astemizole; Alonga, Astemizol; Astemizol [INN-Spanish]; Astemizolum [INN-Latin]; HISMANAL (TN); Hismanal (TN); MJD-30; Nono-Nastizol A; Novo-mastizol A; Ratiopharm, Astemizol; Astemizole [USAN:BAN:INN]; GNF-PF-2461; Astemizole (JAN/USP/INN); Hestazol, Kelp, Laridal, Retolen, Wareezol, HSBD 6799, BRN 4830190; 1-(p-Fluorobenzyl)-2-((1-(p-methoxyphenethyl)-4-piperidyl)amino)benzimidazole",Small molecular drug,Janssen Pharmaceutica,Astemizole is a second generation antihistamine used to treat allergy symptoms.,C28H31FN4O,COC1=CC=C(C=C1)CCN2CCC(CC2)NC3=NC4=CC=CC=C4N3CC5=CC=C(C=C5)F,"1S/C28H31FN4O/c1-34-25-12-8-21(9-13-25)14-17-32-18-15-24(16-19-32)30-28-31-26-4-2-3-5-27(26)33(28)20-22-6-10-23(29)11-7-22/h2-13,24H,14-20H2,1H3,(H,30,31)",GXDALQBWZGODGZ-UHFFFAOYSA-N,D0Y2HR,DB00637,2247,"9050, 459037, 855746, 4266413, 5313663, 7847301, 7978732, 8150150, 8151518, 10321136, 11112828, 11335214, 11360453, 11363342, 11365904, 11368466, 11372003, 11374824, 11376628, 11461425, 11466164, 11467284, 11485540, 11485887, 11489548, 11490887, 11493037, 11494262, 11528621, 11538010, 12013338, 14760289, 22391432, 26613163, 26680817, 26746979, 26746980, 26751496, 26751497, 29221421, 46487928, 46508569, 47216611, 47440072, 47515146, 47736292, 47810587, 47885241, 48034934, 48259050",CHEBI:2896,CAS 68844-77-9,
D00045,Atenolol,"Aircrit; Alinor; Altol; Anselol; Antipressan; Atcardil; Atecard; Atehexal; Atenblock; Atendol; Atenet; Ateni; Atenil; Atenol; Atenolin; Atenololum; Atenomel; Atereal; Aterol; Betablok; Betacard; Betasyn; Blocotenol; Blokium; Cardaxen; Cardiopress; Corotenol; Cuxanorm; Duraatenolol; Duratenol; Evitocor; Farnormin; Hipres; Hypoten; Ibinolo; Internolol; Jenatenol; Juvental; Loten; Lotenal; Myocord; Neatenol; Normalol; Normiten; Noten; Oraday; Ormidol; Panapres; Plenacor; Premorine; Prenolol; Prenormine; Prinorm; Selobloc; Serten; Servitenol; Stermin; Tenidon; Tenobloc; Tenoblock; Tenolol; Tenoprin; Tenormin; Tenormine; Tensimin; Tensotin; Tredol; Unibloc; Uniloc; Vascoten; Vericordin; Wesipin; Xaten; Atenol AL; Atenol Atid; Atenol Cophar; Atenol Fecofar; Atenol GNR; Atenol Gador; Atenol Genericon; Atenol Heumann; Atenol MSD; Atenol NM Pharma; Atenol Nordic; Atenol PB; Atenol Quesada; Atenol Stada; Atenol Tika; Atenol Trom; Atenol acis; Atenol ct; Atenol von ct; Betatop Ge; Scheinpharm Atenol; Seles beta; Tenormine [French]; A 7655; Atenol 1A pharma; Apo-Atenolol; Atenol-Mepha; Atenol-Wolff; Atenol-ratiopharm; Atenololum [INN-Latin]; Felo-Bits; Lo-ten; Teno-basan; Tenormin (TN); Atenolol (JP15/USP/INN); Atenolol [USAN:INN:BAN:JAN]; Acetamide,2-(p-(2-hydroxy-3-(isopropylamino)propoxy)phenyl); (+-)-4-(2-Hydroxy-3-isopropylaminopropoxy)phenylacetamide; (+-)-Atenolol; (+/-)-4-[2-Hydroxy-3-[(1-methylethyl)amino]propoxy]benzeneacetamide; (1)-2-(4-(2-Hydroxy-3-(isopropylamino)propoxy)phenyl)acetamide; (inverted question mark)-Atenolol; 1-p-Carbamoylmethylphenoxy-3-isopropylamino-2-propanol; 2-(4-(2-Hydroxy-3-isopropylaminopropoxy)phenyl)acetamid; 2-(4-{2-hydroxy-3-[(propan-2-yl)amino]propoxy}phenyl)acetamide; 2-(p-(2-Hydroxy-3-(isopropylamino)propoxy)phenyl)acetamide; 2-[4-(2-Hydroxy-3-isopropylaminopropoxy)phenyl]acetamide; 2-[4-({2-hydroxy-3-[(1-methylethyl)amino]propyl}oxy)phenyl]acetamide; 2-[4-[2-hydroxy-3-(propan-2-ylamino)propoxy]phenyl]acetamide; 2-{4-[2-hydroxy-3-(propan-2-ylamino)propoxy]phenyl}acetamide; 4-(2-Hydroxy-3-((1-methylethyl)amino)propoxy)benzeneacetamide; 4-[2'-Hydroxy-3'-(isopropylamino)propoxy]phenylacetamide; 4-[2-Hydroxy-3-(isopropylamino)-propoxy]phenylacetamide",Small molecular drug,,"Atenolol is a synthetic beta-1 selective blocker used in the management of hypertension and chronic angina, and to reduce mortality in known or suspected myocardial infarction in hemodynamically stable patients.",C14H22N2O3,CC(C)NCC(COC1=CC=C(C=C1)CC(=O)N)O,"1S/C14H22N2O3/c1-10(2)16-8-12(17)9-19-13-5-3-11(4-6-13)7-14(15)18/h3-6,10,12,16-17H,7-9H2,1-2H3,(H2,15,18)",METKIMKYRPQLGS-UHFFFAOYSA-N,D01UXC,DB00335,2249,"855957, 3206539, 5313665, 7847302, 7978734, 8149723, 8151519, 11335232, 11360471, 11364258, 11366820, 11369382, 11372514, 11373929, 11377544, 11461443, 11485218, 11489227, 11491263, 11492250, 11495178, 11528603, 12014149, 14799140, 17404684, 17436233, 24277748, 25623439, 26612180, 26679879, 26747108, 26747109, 26751696, 29221423, 46506915, 47193738, 47216616, 47216617, 47885249, 48184827, 48334310, 48415588, 49703475, 49878510, 50085956, 50104387, 50104388, 50330349, 53777227, 53789685",CHEBI:2904,CAS 29122-68-7,BADD_D00178
D00046,Azathioprine,"Azamun; Azanin; Azasan; Azathioprin; Azathioprinum; Azathiopurine; Azatioprin; Azatioprina; Azothioprine; Ccucol; Cytostatics; Immuran; Imuran; Imurek; Imurel; Methylnitroimidazolylmercaptopurine; Muran; Azamun [Czech]; Azathioprine sodium; Azatiopr in; A 4638; BW 57322; Azamun (TN); Azasan (TN); Azathioprinum [INN-Latin]; Azatioprina [INN-Spanish]; BW 57-322; Imuran (TN); Imurel (TN); [Methyl(nitroimidazolyl)mercaptopurine]; AI-981/34845012; BW-57-322; Azathioprine (JP15/USP/INN); Azathioprine [USAN:INN:BAN:JAN]; B. W. 57-322; Thiopurine 6-(1-methyl-4-nitroimidazol-5-yl); Azasan, Imuran, Azamun, BW-57-322, NSC-39084, Azathioprine; 6-((1-Methyl-4-nitro-1H-imidazol-5-yl)thio)-1H-purine; 6-((1-Methyl-4-nitroimidazol-5-yl)thio)purine; 6-(1'-Methyl-4'-nitro-5'-imidazolyl)-mercaptopurine; 6-(1'-Methyl-4'-nitro-5'-imidazolyl)mercaptopurine; 6-(1-Methyl-4-nitroimidazol-5-yl)thiopurine; 6-(1-Methyl-4-nitroimidazol-5-ylthio)purin; 6-(1-Methyl-4-nitroimidazol-5-ylthio)purin [Czech]; 6-(1-Methyl-p-nitro-5-imidazolyl)-thiopurine; 6-(1-Methyl-p-nitro-5-imidazolyl)thiopurine; 6-(3-Methyl-5-nitro-3H-imidazol-4-ylsulfanyl)-7H-purine; 6-(3-methyl-5-nitroimidazol-4-yl)sulfanyl-7H-purine; 6-(Methyl-p-nitro-5-imidazolyl)-thiopurine; 6-(Methyl-p-nitro-5-imidazolyl)thiopurine; 6-({4-nitro-1-methyl-1H-imidazol-5-yl}sulfanyl)-7H-purine; 6-1'-Methyl,4'-nitro,5'-imidazolyl mercaptopurine; 6-[(1-Methyl-4-nitroimidazol-5-yl)-thio] purine; 6-[(1-Methyl-4-nitroimidazol-5-yl)thio]purine; 6-[(1-methyl-4-nitro-1H-imidazol-5-yl)sulfanyl]-7H-purine; 6-[(1-methyl-4-nitro-1H-imidazol-5-yl)thio]-1H-Purine; 6-[(1-methyl-4-nitro-1H-imidazol-5-yl)thio]-7H-purine; 6-[(1-methyl-4-nitro-1H-imidazol-5-yl)thio]-9H-purine",Small molecular drug,GlaxoSmithKline,"Azathioprine is an immunosuppressant used to prevent renal transplant rejection, treat rheumatoid arthritis, Crohn's disease, and ulcerative colitis.",C9H7N7O2S,CN1C=NC(=C1SC2=NC=NC3=C2NC=N3)[N+](=O)[O-],"1S/C9H7N7O2S/c1-15-4-14-7(16(17)18)9(15)19-8-5-6(11-2-10-5)12-3-13-8/h2-4H,1H3,(H,10,11,12,13)",LMEKQMALGUDUQG-UHFFFAOYSA-N,D07QCE,DB00993,2265,"9055, 545491, 4476272, 4486208, 4503338, 7592075, 7695226, 7847305, 7978746, 8149210, 8151523, 10321142, 10560483, 10584680, 11110740, 11110741, 11142069, 11335761, 11361000, 11362878, 11364839, 11365440, 11367401, 11368002, 11369963, 11371476, 11373003, 11373785, 11375563, 11376164, 11378131, 11461972, 11466122, 11467242, 11483991, 11485723, 11487884, 11490124, 11492058, 11493878, 11524329, 11533962, 11536345, 12294767, 14775167, 14824335, 15222101, 17390031, 17404591, 24278074",CHEBI:2948,CAS 446-86-6,BADD_D00195
D00047,Azelaic Acid,"AZA; Azelaic; Azelex; Finacea; Finevin; Skinorem; Skinoren; Acide azelaique; Acide azelaique [French]; Acido azelaico; Acido azelaico [Spanish]; Acidum azelaicum; Acidum azelaicum [Latin]; Anchoic acid; Azalaic Acid; Azelaic acid polyanhydride; Azelaic polyanhydride; Azelainic acid; Azleaic Acid; Heptanedicarboxylic acid; Lepargylic acid; NONANEDIOIC ACID; Nonanedioic acid; Polyazelaic anhydride; AZ1; Dicarboxylic acid C9; Emerox 1110; Emerox 1144; ZK 62498; A-9800; AGN-191861; Azelaic acid [USAN:INN]; Azelaic acid,technical grade; Azelex (TN); Finacea (TN); Finevin (TN); N-Nonanedioic acid; Nonanedioic acid, homopolymer; Poly(azelaic anhydride); SH-441; Skinoren (TN); ZK-62498; AZELAIC ACID, 95%; Azelaic acid (USAN/INN); Emery's L-110; 1,7-Heptanedicarboxylic acid; 1,9-Nonanedioic acid",Small molecular drug,,Azelaic acid is a saturated dicarboxylic acid used to treat mild to moderate acne vulgaris.,C9H16O4,C(CCCC(=O)O)CCCC(=O)O,"1S/C9H16O4/c10-8(11)6-4-2-1-3-5-7-9(12)13/h1-7H2,(H,10,11)(H,12,13)",BDJRBEYXGGNYIS-UHFFFAOYSA-N,D0E4WR,DB00548,2266,"10460, 82388, 598328, 833095, 3132046, 4503339, 7886019, 8139926, 8149608, 8151524, 10506000, 11110663, 11335707, 11360946, 11362851, 11365413, 11367975, 11371356, 11373801, 11376137, 11461918, 11484825, 11488811, 11490094, 11492216, 11493871, 11528613, 11537636, 12013195, 14710853, 15195285, 17397189, 17404615, 24278221, 24869448, 24891477, 26612002, 26679444, 26747429, 26747430, 26747431, 26753510, 29221439, 46393271, 46506284, 46530506, 47515289, 47885374, 48035077, 48334457",CHEBI:48131,CAS 123-99-9,BADD_D00197
D00048,Azelastine,Azelastina; Azelastinum; Optivar; Astelin (TN); Astepro (TN); Azelastina [INN-Spanish]; Azelastine (INN); Azelastine [INN:BAN]; Azelastinum [INN-Latin]; Optivar (TN); 4-((4-Chlorophenyl)methyl)-2-(hexahydro-1-methyl-1H-azepin-4-yl)-1(2H)-phthalazinone hydrochloride; 4-((4-chlorophenyl)methyl)-2-(hexahydro-1-methyl-1H-azepin-4-yl)-1(2H)-phthalazinone HCl; 4-(4-chlorobenzyl)-2-(1-methylazepan-4-yl)phthalazin-1(2H)-one; 4-(p-Chlorobenzyl)-2-(hexahydro-1-methyl-1H-azepin-4-yl)-1-(2H)-phthalazinone; 4-(p-chlorobenzyl)-2-(N-methylperhydroazepinyl-(4))-1-(2H)-phthalazinone; 4-[(4-chlorophenyl)methyl]-2-(1-methylazepan-4-yl)phthalazin-1(2H)-one; 4-[(4-chlorophenyl)methyl]-2-(1-methylazepan-4-yl)phthalazin-1-one,Small molecular drug,Meda Pharmaceuticals Inc,Azelastine is a histamine H1-receptor antagonist used intranasally to treat allergic and vasomotor rhinitis and in an ophthalmic solution to treat allergic conjunctivitis.,C22H24ClN3O,CN1CCCC(CC1)N2C(=O)C3=CC=CC=C3C(=N2)CC4=CC=C(C=C4)Cl,"1S/C22H24ClN3O/c1-25-13-4-5-18(12-14-25)26-22(27)20-7-3-2-6-19(20)21(24-26)15-16-8-10-17(23)11-9-16/h2-3,6-11,18H,4-5,12-15H2,1H3",MBUVEWMHONZEQD-UHFFFAOYSA-N,D00JVR,DB00972,2267,"9970, 4503340, 7978748, 8151525, 11373087, 11484393, 11488465, 11491799, 14829436, 29221440, 46507582, 47953967, 48415598, 50010207, 50122563, 50854757, 51091808, 57321230, 81040982, 85209838, 85788529, 87245030, 87350406, 103188977, 104300096, 124893571, 125353726, 126686074, 128573214, 131344384, 134337644, 135027355, 137175390, 139157643, 152034299, 160964310, 162173200, 162876873, 163414086, 164788079, 164833138, 172912872, 174007265, 176485063, 178103698, 179116569, 179499903, 184643901, 210279616, 210281939",CHEBI:2950,CAS 58581-89-8,BADD_D00198
D00049,Baclofen,"Arbaclofen; (R)-Baclofen; 69308-37-8; (R)-4-Amino-3-(4-chlorophenyl)butanoic acid; d-Baclofen; (-)-Baclofen; (R)-(-)-Baclofen; R-Baclofen; R-(-)-Baclofen; STX209; (3R)-4-amino-3-(4-chlorophenyl)butanoic acid; UNII-NYU6UTW25B; l-Baclofen; STX 209; (R)-4-Amino-3-(4-chlorophenyl)butyric Acid; NYU6UTW25B; CHEMBL301742; AK109161; Benzenepropanoic acid, beta-(aminomethyl)-4-chloro-, (R)-; Benzeneporopanoic acid, (beta-(aminomethyl)-4-chloro-, (betaR)-; Arbaclofen [USAN:INN]; R-Baclofen RS; Arbaclofen (USAN); p-chlorophenyl GABA;  ApoBaclofen; Atrofen; Baclofene; BaclofeneIrex; Baclofeno; Baclofenum; Baclon; Baclophen; Baclospas; Clofen; Gabalon; GenBaclofen; Genpharm; Kemstro; Lebic; Lioresal; NuBaclo; PMSBaclofen; ASTA Medica Brand of Baclofen; Alphapharm Brand of Baclofen; Apo Baclofen; Apotex Brand of Baclofen; Ashbourne Brand of Baclofen; Athena Brand of Baclofen; Baclofen AWD; Baclofen Alphapharm Brand; Baclofen Apotex Brand; Baclofen Ashbourne Brand; Baclofen Athena Brand; Baclofen Irex Brand; Baclofen Isis Brand; Baclofen Medtronic Brand; Baclofen Novartis Brand; Baclofen Pharmascience Brand; Baclofene Irex; Chlorophenyl GABA; Ciba Geigy Brand of Baclofen; Gen Baclofen; Irex Brand of Baclofen; Isis Brand of Baclofen; Lioresal Intrathecal; Medtronic Brand of Baclofen; Novartis Brand of Baclofen; Nu Baclo; Nu Pharm Brand of Baclofen; PMS Baclofen; Pharmascience Brand of Baclofen; B 5399; Ba 34647; Ba34647; C 34647Ba; AWD, Baclofen; Apo-Baclofen; Ba-34647; Ba34,647; Baclofen Ciba-Geigy Brand; Baclofen Nu-Pharm Brand; Baclofene [INN-French]; Baclofene-Irex; Baclofeno [INN-Spanish]; Baclofenum [INN-Latin]; CIBA34,647BA; Ciba-Geigy Brand of Baclofen; DL-Baclofen; GABA, Chlorophenyl; Gen-Baclofen; Kemstro (TN); Lioresal (TN); Nu-Baclo; Nu-Baclofen; Nu-Pharm Brand of Baclofen; PCP-GABA; Pms-Baclofen; Ba-34,647; Baclofen (R,S); Ciba 34,647-Ba; Baclofen (JP15/USP/INN); Baclofen [USAN:INN:BAN:JAN]; Beta-(4-Chlorophenyl)gaba; CIBA-34,647-BA; Beta-(Aminomethyl)-4-chlorobenzenepropanoic acid; Beta-(Aminomethyl)-p-chlorohydrocinnamic acid; Beta-(p-Chlorophenyl)-gamma-aminobutyric acid; DL-4-Amino-3-p-chlorophenylbutanoic acid; Gamma-Amino-beta-(p-chlorophenyl)butyric acid; Benzenepropanoic acid, beta-(aminomethyl)-4-chloro-(9CI); (+-)-Baclofen; (+/-)-BACLOFEN; (+/-)-beta-(Aminoethyl)-4-chlorobenzenepropanoic acid; (+/-)-beta-(Aminomethyl)-4-chlorobenzenepropanoic acid; (inverted question mark)-Baclofen; 4-Amino-3-(4-chlorophenyl)butanoic acid; 4-Amino-3-(4-chlorophenyl)butyric acid; (R)-4-Amino-3-(4-chloro-phenyl)-butyric acid",Small molecular drug,Norvatis Phamaceuticals Corporation,Baclofen is a GABA-ergic agonist used to manage severe spasticity of cerebral or spinal origin in adult and pediatric patients.,C10H12ClNO2,C1=CC(=CC=C1C(CC(=O)O)CN)Cl,"1S/C10H12ClNO2/c11-9-3-1-7(2-4-9)8(6-12)5-10(13)14/h1-4,8H,5-6,12H2,(H,13,14)",KPYSYYIEGFHWSV-UHFFFAOYSA-N,D01AJY,DB00181,2284,"3153571, 8178796, 11113710, 15121255, 15171983, 34709846, 50066102, 50705527, 90452213, 93625490, 103238751, 103941336, 104345301, 121277848, 123055284, 124490531, 124580859, 126581462, 126616647, 126685003, 126738367, 128418031, 134351756, 135249532, 135649977, 139309014, 143493644, 152032454, 152165673, 152238531, 152258754, 160647599, 160840514, 162009782, 162255234, 163099671, 163405182, 166222624, 170475242, 170485722, 172914818, 175266631, 175270364, 178100431, 186007019, 198993730, 204431203, 208265328, 223518884, 223679055",CHEBI:2972,CAS 1134-47-0,BADD_D00209
D00050,Bendroflumethiazide,"Aprinox; BHFT; Bendrofluazide; Bendroflumethazide; Bendroflumethiazidum; Bendroflumetiazida; Bendroflumetiazide; Bendrofumethiazide; Bentride; Benuron; Benzhydroflumethiazide; Benzydroflumethiazide; Benzylhydroflumethiazide; Benzylrodiuran; Berkozide; Bristuric; Bristuron; Centyl; Corzide; Flumersil; Flumesil; Intolex; Livesan; Naigaril; Nateretin; Naturetin; Naturine; Niagaril; Nikion; Orsile; Pluryl; Pluryle; Plusuril; Poliuron; Rauzide; Repicin; Salural; Salures; Sinesalin; Sodiuretic; Thiazidico; Urlea; Bendroflumethiazide [USP]; Bendroflumetiazide [DCIT]; Rautrax N; Relan beta; BL H368; FT 8; FT 81; Be 724-A; Bendroflumethiazidum [INN-Latin]; Bendroflumetiazida [INN-Spanish]; Benzy-rodiuran; NATURETIN-10; NATURETIN-5; Naturetin (TN); Neo-naclex; Neo-rontyl; Naturetin-2.5; Bendroflumethiazide (JAN/USP/INN); (+-)-3-Benzyl-3,4-dihydro-6-(trifluoromethyl)-2H-1,2,4-benzothiadiazine-7-sulfonamide1,1-dioxide; 2H-1,2,4-Benzothiadiazine-7-sulfonamide, 3,4-dihydro-3-(phenylmethyl)-6-(trifluoromethyl)-, 1,1-dioxide; 2H-1,2,4-Benzothiadiazine-7-sulfonamide, 3-benzyl-3,4-dihydro-6-(trifluoromethyl)-, 1,1-dioxide; 2H-1,2,4-Benzothiadiazine-7-sulfonamide, 3-benzyl-3,4-dihydro-6-(trifluoromethyl)-,1,1-dioxide; 3,4-Dihydro-3-(phenylmethyl)-6-(trifluoromethyl)-2H-1,2,4-benzothiadiazine-7-sulfonamide1,1-dioxide; 3-(phenylmethyl)-6-(trifluoromethyl)-3,4-dihydro-2H-1,2,4-benzothiadiazine-7-sulfonamide 1,1-dioxide; 3-Benzyl-3,4-dihydro-6-(trifluoromethyl)-2H-1,2,4-benzothiadiazine-7-sulfonamide 1,1-dioxide; 3-Benzyl-6-(trifluoromethyl)-3,4-dihydro-2H-1,2,4-benzothiadiazine-7-sulfonamide 1,1-dioxide; 3-Benzyl-6-trifluoromethyl-7-sulfamoyl-3,4-dihydro-1,2,4-benzothiadiazine, 1,1-dioxide; 3-Benzyl-6-trifluoromethyl-7-sulfamoyl-3,4-dihydro-2H-1,2,4-benzothiadiazine 1,1-dioxide; 6-Trifluoromethyl-3-benzyl-7-sulfamyl-3,4-dihydro-1,2,4-benzothiadiazine, 1,1-dioxide; 6-trifluoromethyl-3-benzyl-7-sulfamyl-3,4-dihydro-1,2,4-benzothiadiazine 1,1-dioxide",Small molecular drug,Crescent Pharmaceuticals,Bendroflumethiazide is a diuretic used to suppress lactation and to treat hypertension and edema.,C15H14F3N3O4S2,C1=CC=C(C=C1)CC2NC3=C(C=C(C(=C3)C(F)(F)F)S(=O)(=O)N)S(=O)(=O)N2,"1S/C15H14F3N3O4S2/c16-15(17,18)10-7-11-13(8-12(10)26(19,22)23)27(24,25)21-14(20-11)6-9-4-2-1-3-5-9/h1-5,7-8,14,20-21H,6H2,(H2,19,22,23)",HDWIHXWEUNVBIY-UHFFFAOYSA-N,D02PAH,DB00436,2315,"9960, 855628, 5614755, 7847716, 7849636, 7978764, 7996857, 8149906, 8151551, 10321901, 11335449, 11360688, 11364280, 11366842, 11369404, 11372635, 11374327, 11377566, 11461660, 11466812, 11467932, 11485044, 11486563, 11489340, 11491373, 11492589, 11495200, 14758277, 24339033, 24891862, 26612401, 26680681, 26747201, 26747202, 29221485, 46508672, 47291030, 47588890, 47662174, 47662175, 48034997, 48259126, 48259127, 48415607, 49698799, 49890372, 56422088, 57321248, 57653946, 79107476",CHEBI:3013,CAS 73-48-3,BADD_D00232
