ESOL,Fcsp3,Prediction_Hob,Prediction_Hob_Swissadme,Prediction_Swissadme,brenk_violation,cid,class,classyfire_class,classyfire_kingdom,classyfire_subclass,classyfire_superclass,compound_name,compound_synonyms,covalent_unit_count,database_name,deep_smiles,defined_atom_stereocenter_count,defined_bond_stereocenter_count,description,egan_rule,enzyme_uniprot_id,esol_class,exact_mass,formal_charge,functional_groups,ghose_rule,gi_absorption,gsk_4_400_rule,heavy_atom_count,hydrogen_bond_acceptor_count,hydrogen_bond_donor_count,id,inchi,inchi_key,is_pains,isotope_atom_count,iupac_name,kingdom,label,labels,lipinski_rule_of_5,logD,logS,molecular_complexity,molecular_formula,molecular_framework,molecular_weight,monoisotopic_mass,nRing,name_display,nih_violation,np_classifier_biosynthetic_pathway,np_classifier_class,np_classifier_superclass,pathway_kegg_map_id,pfizer_3_75_rule,rotatable_bond_count,scaffold_graph_level,scaffold_graph_node_bond_level,scaffold_graph_node_level,silicos_it_class,smiles,state,subclass,substituent_name,superclass,synonyms,target_id,taxonomy_direct_parent,topological_polar_surface_area,total_atom_stereocenter_count,total_bond_stereocenter_count,uniprot_id,veber_rule,xlogp
-3.315155661538461,0.35,1.0,0.0,0.0,True,56675574,,,,,,3''-Demethylhexahydrocurcumin,3''-Demethylhexahydrocurcumin|CHEMBL1824580|AKOS040762914|881008-71-5,1.0,cmaup_ingredients;npass_chem_all;pubchem,,1.0,0.0,,,,,360.157,0.0,,,,,26.0,6.0,4.0,4:a3c7de2d-eea1-4c9a-bf12-e82557131610:126489,"InChI=1S/C20H24O6/c1-26-20-11-14(5-9-18(20)24)3-7-16(22)12-15(21)6-2-13-4-8-17(23)19(25)10-13/h4-5,8-11,15,21,23-25H,2-3,6-7,12H2,1H3/t15-/m0/s1",MSLIBNPPWWCGPY-HNNXBMFYSA-N,True,0.0,"(5S)-7-(3,4-dihydroxyphenyl)-5-hydroxy-1-(4-hydroxy-3-methoxyphenyl)heptan-3-one",,Phytochemical,Phytochemical,,2.032,-2.247,429.0,C20H24O6,,360.4,360.157,2.0,3''-Demethylhexahydrocurcumin,False,,,,,,9.0,,,,,COC1=C(C=CC(=C1)CCC(=O)C[C@H](CCC2=CC(=C(C=C2)O)O)O)O,,,,,,,,107.0,1.0,0.0,,,2.4
,,,,,True,10250249,Diarylheptanoids,,,,,5'-Methoxycurcumin,"5'-Methoxycurcumin|SCHEMBL14586438|CHEBI:175974|(1E,6E)-1-(4-hydroxy-3,5-dimethoxyphenyl)-7-(4-hydroxy-3-methoxyphenyl)hepta-1,6-diene-3,5-dione",1.0,fooddb_chem_all;hmdb_chem_all;pubchem,,0.0,2.0,"Constituent of Curcuma xanthorrhiza (Java turmeric). 5'-Methoxycurcumin is found in herbs and spices, beverages, and root vegetables.",,,,398.137,0.0,,,,,29.0,7.0,2.0,4:a3c7de2d-eea1-4c9a-bf12-e82557131610:39211,"InChI=1S/C22H22O7/c1-27-19-10-14(6-9-18(19)25)4-7-16(23)13-17(24)8-5-15-11-20(28-2)22(26)21(12-15)29-3/h4-12,25-26H,13H2,1-3H3/b7-4+,8-5+",MQJGAHXKAZGEGI-NSLJXJERSA-N,False,0.0,"(1E,6E)-1-(4-hydroxy-3,5-dimethoxyphenyl)-7-(4-hydroxy-3-methoxyphenyl)hepta-1,6-diene-3,5-dione",Organic compounds,Phytochemical,Phytochemical,,,,586.0,C22H22O7,Aromatic homomonocyclic compounds,398.4,398.137,,5'-Methoxycurcumin,False,,,,,,9.0,,,,,COC1=CC(=CC(=C1O)OC)/C=C/C(=O)CC(=O)/C=C/C2=CC(=C(C=C2)O)OC,Solid,Linear diarylheptanoids,,Phenylpropanoids and polyketides,5'-Methoxycurcumin,,Curcuminoids,102.0,0.0,2.0,,,3.2
-6.921206981818183,0.3333333333333333,0.0,0.0,0.0,True,71463189,,,,,,Bisabolocurcumin Ether,"Bisabolocurcumin Ether|(6S)-6-((1R,2R,5S)-5-hydroxy-2-(4-((1E,3Z,6E)-3-hydroxy-7-(4-hydroxy-3-methoxyphenyl)-5-oxohepta-1,3,6-trienyl)-2-methoxyphenoxy)-4-methylcyclohex-3-en-1-yl)-2-methylhept-2-en-4-one|(6S)-6-[(1R,2R,5S)-5-hydroxy-2-[4-[(1E,3Z,6E)-3-hydroxy-7-(4-hydroxy-3-methoxyphenyl)-5-oxohepta-1,3,6-trienyl]-2-methoxyphenoxy]-4-methylcyclohex-3-en-1-yl]-2-methylhept-2-en-4-one|CHEMBL2207406",1.0,cmaup_ingredients;pubchem,,4.0,3.0,,,,,602.288,0.0,,,,,44.0,8.0,3.0,4:a3c7de2d-eea1-4c9a-bf12-e82557131610:134040,"InChI=1S/C36H42O8/c1-22(2)15-29(39)16-23(3)30-21-32(41)24(4)17-34(30)44-33-14-10-26(19-36(33)43-6)8-12-28(38)20-27(37)11-7-25-9-13-31(40)35(18-25)42-5/h7-15,17-20,23,30,32,34,38,40-41H,16,21H2,1-6H3/b11-7+,12-8+,28-20-/t23-,30+,32-,34-/m0/s1",HTVBTQQABFDJOC-GJBMVETDSA-N,False,0.0,"(6S)-6-[(1R,2R,5S)-5-hydroxy-2-[4-[(1E,3Z,6E)-3-hydroxy-7-(4-hydroxy-3-methoxyphenyl)-5-oxohepta-1,3,6-trienyl]-2-methoxyphenoxy]-4-methylcyclohex-3-en-1-yl]-2-methylhept-2-en-4-one",,Phytochemical,Phytochemical,,3.988,-5.264,1110.0,C36H42O8,,602.7,602.288,3.0,Bisabolocurcumin Ether,False,,,,,,13.0,,,,,CC1=C[C@@H]([C@H](C[C@@H]1O)[C@@H](C)CC(=O)C=C(C)C)OC2=C(C=C(C=C2)/C=C/C(=C/C(=O)/C=C/C3=CC(=C(C=C3)O)OC)/O)OC,,,,,,,,123.0,4.0,3.0,,,6.3
-3.795551556521739,0.0526315789473684,1.0,0.0,0.0,True,5315472,Diarylheptanoids,Diarylheptanoids,Organic compounds,Linear diarylheptanoids,Phenylpropanoids and polyketides,Bisdemethoxycurcumin,"Bisdemethoxycurcumin|33171-05-0|24939-16-0|Curcumin III|Didemethoxycurcumin|(1E,6E)-1,7-bis(4-hydroxyphenyl)hepta-1,6-diene-3,5-dione|Bis(4-hydroxycinnamoyl)methane|Bis-demethoxycurcumin|Bisdemethoxycucurmin|bisdesmethoxycurcumin|(E,E)-Bisdemethoxycurcumin|Bis(p-hydroxycinnamoyl)methane|1,6-Heptadiene-3,5-dione, 1,7-bis(4-hydroxyphenyl)-|BHCMT|Curcumin Lll|2EFO1BP34R|Bisdemethoxy Curcumin|CHEBI:71045|1,7-Bis(4-hydroxyphenyl)-1,6-heptadiene-3,5-dione|NSC687839|INS NO.100(III)|CHEMBL105350|INS-100(III)|DTXSID00872663|E-100(III)|C19H16O4|BISDESMETHOXYCURCUMIN [USP-RS]|1,6-Heptadiene-3,5-dione, 1,7-bis(4-hydroxyphenyl)-, (1E,6E)-|1,7-bis(4-hydroxyphenyl)hepta-1,6-diene-3,5-dione|22608-12-4|1,6-Heptadiene-3,5-dione, 1,7-bis(4-hydroxyphenyl)-, (E,E)-|1,7-BIS-(4-HYDROXYPHENYL)-HEPTA-1,6-DIENE-3,5-DIONE|BISDESMETHOXYCURCUMIN (USP-RS)|bisdemethoxy-curcumin|p,p'-Dihydroxydicinnamoylmethane|UNII-2EFO1BP34R|Curcumin III|Didemethoxycurcumin|DTXSID80865174|Curcuminoid A|(1E,6E)-1,7-Bis(4-hydroxyphenyl)-1,6-heptadiene-3,5-dione|Curcumin III|MFCD03419284|di-p-coumaroylmethane|Dide Methoxycurcu Min|BDMC|(E,E)-Curcumin III|SCHEMBL428638|SCHEMBL13521971|cid_5324473|HY-N0007A|HY-N0007R|DTXCID10820312|DTXCID40813611|(1E,6E)-1,7-Bis(4-hydroxyphenyl)-hepta-1,6-diene-3,5-dione|ZAA93916|BIS-DEMETHOXYCURCUMIN [INCI]|BDBM50059989|AKOS015902102|(E,E)-Bisdemethoxycurcumin (Standard)|CCG-207959|CCG-208635|FB64958|NSC-687839|Bisdemethoxycurcumin, analytical standard|1ST40222|AC-24239|AC-34720|AS-57295|AS-68737|BB300038|DA-71539|B3347|Bisdemethoxycurcumin, >=98% (HPLC), solid|CS-0018287|NS00116324|S3938|(E,E)-Bisdemethoxycurcumin - Bio-X trade mark|A12429|Q4917168|BISDESMETHOXYCURCUMIN (CONSTITUENT OF TURMERIC)|BRD-K37445107-001-01-9|1,7-bis(4-hydroxyphenyl)-1,6-Heptadiene-3,5-dione(E,E)|1,7-bis(4-hydroxyphenyl)-3-hydroxy-1,3,6-heptatrien-5-one|(1E,6E)-1,7-Bis-(4-hydroxy-phenyl)-hepta-1,6-diene-3,5-dione|5-Hydroxy-1,7-bis-(4-hydroxy-phenyl)-hepta-1,4,6-trien-3-one|(1E,4Z,6E)-5-Hydroxy-1,7-bis-(4-hydroxy-phenyl)-hepta-1,4,6-trien-3-one|607-464-9",1.0,cmaup_ingredients;hmdb_chem_all;imppat_phytochem;npass_chem_all;pubchem,O=CCC=O)/C=C/cccccc6))O)))))))))/C=C/cccccc6))O,0.0,2.0,,True,,Soluble,308.105,0.0,c/C=C/C(C)=O|cO,True,True,True,23.0,4.0,2.0,4:a3c7de2d-eea1-4c9a-bf12-e82557131610:118700,"InChI=1S/C19H16O4/c20-16-7-1-14(2-8-16)5-11-18(22)13-19(23)12-6-15-3-9-17(21)10-4-15/h1-12,20-21H,13H2/b11-5+,12-6+",PREBVFJICNPEKM-YDWXAUTNSA-N,False,0.0,"(1E,6E)-1,7-bis(4-hydroxyphenyl)hepta-1,6-diene-3,5-dione",Organic compounds,Phytochemical,Phytochemical,True,2.917,-3.427,408.0,C19H16O4,Aromatic homomonocyclic compounds,308.3,308.105,2.0,Bisdemethoxycurcumin,False,Shikimates and Phenylpropanoids,Linear diarylheptanoids,Diarylheptanoids,,False,6.0,CC(CCC1CCCCC1)CC(C)CCC1CCCCC1,O=C(C=Cc1ccccc1)CC(=O)C=Cc1ccccc1,OC(CCC1CCCCC1)CC(O)CCC1CCCCC1,Moderately soluble,C1=CC(=CC=C1/C=C/C(=O)CC(=O)/C=C/C2=CC=C(C=C2)O)O,Solid,Linear diarylheptanoids,,Phenylpropanoids and polyketides,"1,7-Bis(4-hydroxyphenyl)-1,6-heptadiene-3,5-dione|Bis(4-hydroxycinnamoyl)methane|Bis(p-hydroxycinnamoyl)methane|Curcumin III|Didemethoxycurcumin|1,7-Bis(4-hydroxyphenyl)-1,6-heptadiene-3,5-dione(e,e)|Bis-demethoxycurcumin|bidesmethoxycurcumin, bis-desmethoxycurcumin, bisdemethoxycurcumin, curcumin iii, di-p-coumaroylmethane, didemethoxycurcumin",NPT31|NPT1566|NPT1674|NPT1270|NPT41,Curcuminoids,74.6,0.0,2.0,Q7ZJM1|P35354|P05979|P79208|n.a.|P15840|P43071|Q04760|Q9UQM7|O42275|P81908|P05067|O60218|P15121,True,3.3
-3.940875888888889,0.1428571428571428,0.0,0.0,0.0,True,969516,Diarylheptanoids,Diarylheptanoids,Organic compounds,Linear diarylheptanoids,Phenylpropanoids and polyketides,Curcumin,"curcumin|458-37-7|Diferuloylmethane|Natural yellow 3|Kacha haldi|Indian saffron|Curcuma|Gelbwurz|Haldar|Curcumin I|Souchet|Haidr|Halad|Halud|Yellow Ginger|Terra Merita|(1E,6E)-1,7-Bis(4-hydroxy-3-methoxyphenyl)hepta-1,6-diene-3,5-dione|Safran d'Inde|Yo-Kin|C.I. Natural Yellow 3|Yellow puccoon|Golden seal|Diferaloylmethane|Curcumine|Hydrastis|Tumeric yellow|CI Natural Yellow 3|Kurkumin [Czech]|Kurkumin|Curcumin (synthetic)|C.I. 75300|Zlut prirodni 3|Jianghuangsu|Zlut prirodni 3 [Czech]|Cucurmin|NanoCurc|E 100|94875-80-6|Tumeric oleoresin|NSC32982|(1E,6E)-1,7-Bis(4-hydroxy-3-methoxyphenyl)-1,6-heptadiene-3,5-dione|MFCD00008365|NSC 32982|1,7-Bis(4-hydroxy-3-methoxyphenyl)-1,6-heptadiene-3,5-dione|CCRIS 3257|CHEBI:3962|Curcurmin|Lipocurc|Kurkum|HSDB 4334|1,5-Di(vanillyliden)acetylaceton|CI 75300|NCI-C61325|1,5-Divanillyliden-2,4-pentandion|EINECS 207-280-5|UNII-IT942ZTH98|NSC-32982|Curcumin e100|NSC 687842|trans,trans-Curcumin|BRN 2306965|IT942ZTH98|1,9-Bis(4-hydroxy-3-methoxyphenyl)-2,7-nonadiene-4,6-dione|E 100 (Dye)|MLS000069631|DTXSID8031077|1,6-Heptadiene-3,5-dione, 1,7-bis(4-hydroxy-3-methoxyphenyl)-, (E,E)-|1,7-Bis(4-hydroxy-3-methoxyphenyl)hepta-1,6-diene-3,5-dione|CHEMBL140|NSC-687842|(E,E)-1,7-bis(4-Hydroxy-3-methoxyphenyl)-1,6-heptadiene-3,5-dione|SMR000058237|1,6-Heptadiene-3,5-dione, 1,7-bis(4-hydroxy-3-methoxyphenyl)-, (1E,6E)-|DTXCID901421|INS NO. 100(I)|INS-100(I)|4-08-00-03697 (Beilstein Handbook Reference)|(E/Z)-Curcumin|NSC687842|1,6-Heptadiene-3,5-dione, 1,7-bis(4-hydroxy-3-methoxyphenyl)-|curouma|NCGC00017159-05|kachs haldi|2,7-Nonadiene-4,6-dione, 1,9-bis(4-hydroxy-3-methoxyphenyl)-|safra d'inde|CURCUMIN (MART.)|CURCUMIN [MART.]|CURCUMIN (USP-RS)|CURCUMIN [USP-RS]|(1E,6E)-1,7-bis(4-hydroxy-3-methoxy-phenyl)hepta-1,6-diene-3,5-dione|(1E,6E)-1,7-bis[4-hydroxy-3-(methyloxy)phenyl]hepta-1,6-diene-3,5-dione|Tumeric|Ukon|1,7-BIS-(4-HYDROXY-3-METHOXYPHENYL)-HEPTA-1,6-DIENE-3,5-DIONE|CAS-458-37-7|Phytosome, Curcumin|Ukon (dye)|FEMA No. 3085|FEMA No. 3086|CCRIS 5804|C Yellow 15|SR-01000000149|Curcumin,(S)|Curcumin (Standard)|starbld0017234|Victory 19 Virus Out|CURCUMIN [HSDB]|CURCUMIN [MI]|Opera_ID_1627|CURCUMIN [WHO-DD]|SCHEMBL8440|SCHEMBL8441|Curcumin, analytical standard|MLS001148449|BIDD:ER0479|CU-01000001305-2|cid_969516|GTPL7000|SCHEMBL13521974|SCHEMBL23884885|SCHEMBL23884886|SCHEMBL23884892|SCHEMBL23884893|BDBM29532|cid_5281767|HY-N0005R|cMAP_000052|HMS2233K04|HMS3649K06|BCP04695|Tox21_110803|Tox21_111505|Tox21_201116|BBL027711|BDBM50067040|BDBM50140172|CCG-36020|CCG-36107|STL371943|AKOS001305497|BCP9000557|DB11672|FC09321|NCGC00017159-04|NCGC00017159-06|NCGC00017159-07|NCGC00017159-09|NCGC00017159-10|NCGC00017159-11|NCGC00017159-12|NCGC00023332-03|NCGC00023332-04|NCGC00023332-05|NCGC00258668-01|AC-24238|AS-72202|BP-25396|CURCUMIN (CONSTITUENT OF TURMERIC)|BCP0726000035|DB-002681|WLN: 1OR BQ E1U1V1V1U1R DQ CO1|C2302|CS-0149275|NS00014804|EN300-21494|F21478|K00009|Curcumin, Curcuma longa L. - CAS 458-37-7|Curcumin, primary pharmaceutical reference standard|Q312266|1,5-dione, 1,7-bis(4-hydroxy-3-methoxyphenyl)-|SR-01000000149-2|SR-01000000149-5|BRD-K07572174-001-02-2|BRD-K07572174-001-19-6|BRD-K07572174-001-22-0|BRD-K07572174-001-38-6|BRD-K07572174-001-39-4|Z104500108|Curcumin, >=94% (curcuminoid content), >=80% (Curcumin)|1,7-bis(4-hydroxy-3-methoxyphenyl)-1,6-heptadien-3,5-dione|1,7-bis(4-hydroxy-3-methoxyphenyl)1,6-heptadiene-3,5-dione|Curcumin, matrix substance for MALDI-MS, >=99.5% (HPLC)|Curcumin, United States Pharmacopeia (USP) Reference Standard|1,7-BIS(4-HYDROXYMETHOXYPHENYL)-1,6-HEPTADIENE-3,5-DIONE|1,7-Bis-(4-hydroxy-3-methoxy-phenyl)-hepta-1,6-diene-3,5-dione|1,7-bis-(4-hydroxy-3-methoxyphenyl)-1,6-heptadiene-3,5-dione|((E,E)-1,7-bis(4-hydroxy-3-methoxyphenyl)-1,6-heptadiene-3,5-dione)|(1E,6E)-1,7-bis(3-methoxy-4-oxidanyl-phenyl)hepta-1,6-diene-3,5-dione|(1E,6E)-1,7-Bis(4-hydroxy-3-methoxyphenyl)-1,6-heptadiene-3,5-dione #|(1E,6E)-1,7-Bis-(4-hydroxy-3-methoxy-phenyl)-hepta-1,6-diene-3,5-dione|(1Z,6E)-1,7-Bis-(4-hydroxy-3-methoxy-phenyl)-hepta-1,6-diene-3,5-dione|1,7-Bis(4-hydroxy-3-methoxyphenyl)-1,6-heptadiene-3,5-dione, (E,E)-|5-hydroxy-1,7-bis(4-hydroxy-3-methoxyphenyl)-1,4,6-heptatrien-3-one|5-Hydroxy-1,7-bis-(4-hydroxy-3-methoxy-phenyl)-hepta-1,4,6-trien-3-one|Curcumin|1,7-Bis(4-hydroxy-3-methoxyphenyl)-1,6-heptadiene-3,5-dione|(1E,4Z,6E)-5-Hydroxy-1,7-bis-(4-hydroxy-3-methoxy-phenyl)-hepta-1,4,6-trien-3-one|207-280-5",1.0,cmaup_ingredients;fooddb_chem_all;hmdb_chem_all;imppat_phytochem;npass_chem_all;pubchem,COccc/C=C/C=O)CC=O)/C=C/cccccc6)OC)))O))))))))))))ccc6O,0.0,2.0,"Isolated from Curcuma zedoaria (zedoary) and other Curcuma subspecies flavouring ingredient. Natural colouring matter used extensively in Indian curries etc. Nutriceutical with anticancer and antiinflammatory props. Curcumin is found in many foods, some of which are asian pear, leek, chayote, and coconut.",True,,Soluble,368.126,0.0,c/C=C/C(C)=O|cO|cOC,True,True,True,27.0,6.0,2.0,4:a3c7de2d-eea1-4c9a-bf12-e82557131610:141466,"InChI=1S/C21H20O6/c1-26-20-11-14(5-9-18(20)24)3-7-16(22)13-17(23)8-4-15-6-10-19(25)21(12-15)27-2/h3-12,24-25H,13H2,1-2H3/b7-3+,8-4+",VFLDPWHFBUODDF-FCXRPNKRSA-N,False,0.0,"(1E,6E)-1,7-bis(4-hydroxy-3-methoxyphenyl)hepta-1,6-diene-3,5-dione",Organic compounds,Phytochemical,Phytochemical,True,2.82,-3.921,507.0,C21H20O6,Aromatic homomonocyclic compounds,368.4,368.126,2.0,Curcumin,False,Shikimates and Phenylpropanoids,Linear diarylheptanoids,Diarylheptanoids,,False,8.0,CC(CCC1CCCCC1)CC(C)CCC1CCCCC1,O=C(C=Cc1ccccc1)CC(=O)C=Cc1ccccc1,OC(CCC1CCCCC1)CC(O)CCC1CCCCC1,Moderately soluble,COC1=C(C=CC(=C1)/C=C/C(=O)CC(=O)/C=C/C2=CC(=C(C=C2)O)OC)O,Solid,Linear diarylheptanoids,"Curcumin|Hydroxycinnamic acid or derivatives|Cinnamic acid or derivatives|Methoxyphenol|Methoxybenzene|Styrene|Phenol ether|Anisole|1,3-diketone|Phenol|Alkyl aryl ether|Benzenoid|1,3-dicarbonyl compound|Monocyclic benzene moiety|Alpha,beta-unsaturated ketone|Enone|Acryloyl-group|Ketone|Ether|Hydrocarbon derivative|Organooxygen compound|Carbonyl group|Aromatic homomonocyclic compound",Phenylpropanoids and polyketides,"1,7-Bis(4-hydroxy-3-methoxyphenyl)-1,6-heptadiene-3,5-dione|1,7-Bis(4-hydroxy-3-methoxyphenyl)-1,6-heptadiene-3,5-dione, 9CI|1,7-Bis(4-hydroxy-3-methoxyphenyl)hepta-1,6-diene-3,5-dione|1,9-Bis(4-hydroxy-3-methoxyphenyl)-2,7-nonadiene-4,6-dione|C.I. 75300|C.I. Natural Yellow 3|CI natural yellow 3|Cucurmin|Curcuma|Curcuma yellow|Diferaloylmethane|Diferuloylmethane|Diferulylmethane|e 100|E100|Gelbwurz|Golden seal|Haidr|Halad|Haldar|Halud|Hydrastis|Kacha haldi|Merita earth|Natural yellow 3|Orange root|Safran d'inde|Souchet|Terra merita|Tumeric yellow|Turmeric|Turmeric (>98% curcurmin)|Turmeric oleoresin (79%-85% curcumin)|Turmeric yellow|Yellow ginger|Yellow puccoon|Yellow root|Yo-kin|C.I. natural yellow 3|Yellow, turmeric|Curcumin I|yo-Kin|14a-Methyl-9,19-cyclo-5a,9b-cholestane-3b,6a-diol|colouring matter (curcumin), curcumin, curcumin i, diferuloylmethane",NPT483|NPT46|NPT157|NPT149|NPT48|NPT1197|NPT1038|NPT1226|NPT210|NPT50|NPT51|NPT52|NPT211|NPT94|NPT792|NPT1119|NPT282|NPT151|NPT539|NPT277|NPT2930|NPT59|NPT60|NPT1416|NPT109|NPT4252|NPT78|NPT956|NPT740|NPT591|NPT1079|NPT1834|NPT261|NPT582|NPT285|NPT677|NPT152|NPT1588|NPT2553|NPT3120|NPT570|NPT1566|NPT1187|NPT684|NPT685|NPT687|NPT920|NPT584|NPT741,Curcuminoids,93.1,0.0,2.0,Q03164|P02545|P10828|P38398|Q99714|B2RXH2|P42858|P55210|P16473|Q9NUW8|P10636|P25779|P14618|P51450|Q16665|P00352|Q962Y6|Q9F4F7|P16050|P02791|P18054|P28482|O97447|P15917|P15428|P04637|P29466|P68871|P06746|P10253|Q6W5P4|P08684|P04062|O75164|Q99816|P24822|Q8WTS1|O60240|P10696|Q96KQ7|Q9UIF8|O15296|Q96QE3|P05186|P09923|P87108|P11473|P19793|O95149|P03372|P10275|Q9HC16|Q96RI1|Q9NR96|O89049|P39748|Q9UNA4|Q12809|Q03181|Q9UBT6|P37231|P84022|P08659|P04150|Q932Y6|O94782|P25094|P11021|Q8IUX4|O75496|P19838|P35869|Q16236|O94925|P65502|Q9R1A7|Q13526|P10145|P51449|P11308|O75874|Q13148|P37840|n.a.|Q9NR56|P63092|P05067|O14684|Q969S8|P56817|P49841|Q09472|Q92793|P21397|P27338|Q9Y6Y9|P35354|O62698|O42275|P05480|Q9NZ45|P00533|P0A031|P13726|P27732|P18266|P81908|P22303|P06276|P37059|P14061|P15144|Q13153|O60341|Q8CM62|Q7BGE6|Q16762|P61604|P0A6F5|P09917|Q04760|P04191|P16615|Q93084|Q86VQ6|P28074|P0DTD1|Q95PM0|Q13547|Q92769|Q9BY41|Q96P20|P14679|P04792|P05412,True,3.2
,,,,,True,100972288,,,,,,Curcumin dimer 1,"Curcumin dimer 1|CHEBI:187554|(2Z,4E)-3-hydroxy-5-(4-hydroxy-3-methoxyphenyl)-1-[2-(4-hydroxy-3-methoxyphenyl)-5-[(E)-2-(4-hydroxy-3-methoxyphenyl)ethenyl]-4-[(E)-3-(4-hydroxy-3-methoxyphenyl)prop-2-enoyl]-2,3-dihydrouran-3-yl]penta-2,4-dien-1-one",1.0,fooddb_chem_all;pubchem,,0.0,4.0,Constituent of the rhizomes of Curcuma longa (turmeric). Curcumin dimer 1 is found in herbs and spices.,,,,734.236,0.0,,,,,54.0,12.0,5.0,4:a3c7de2d-eea1-4c9a-bf12-e82557131610:16858,"InChI=1S/C42H38O12/c1-50-36-19-24(6-13-29(36)44)5-12-28(43)23-34(49)41-40(33(48)16-9-25-7-14-30(45)37(20-25)51-2)35(18-10-26-8-15-31(46)38(21-26)52-3)54-42(41)27-11-17-32(47)39(22-27)53-4/h5-23,41-47H,1-4H3/b12-5+,16-9+,18-10+,28-23-",YOTQIACVMONCAH-QWCKBZOHSA-N,False,0.0,"(2Z,4E)-3-hydroxy-5-(4-hydroxy-3-methoxyphenyl)-1-[2-(4-hydroxy-3-methoxyphenyl)-5-[(E)-2-(4-hydroxy-3-methoxyphenyl)ethenyl]-4-[(E)-3-(4-hydroxy-3-methoxyphenyl)prop-2-enoyl]-2,3-dihydrofuran-3-yl]penta-2,4-dien-1-one",,Phytochemical,Phytochemical,,,,1420.0,C42H38O12,,734.7,734.236,,Curcumin dimer 1,False,,,,,,14.0,,,,,COC1=C(C=CC(=C1)/C=C/C2=C(C(C(O2)C3=CC(=C(C=C3)O)OC)C(=O)/C=C(/C=C/C4=CC(=C(C=C4)O)OC)\O)C(=O)/C=C/C5=CC(=C(C=C5)O)OC)O,,,,,,,,181.0,2.0,4.0,,,6.7
,,,,,True,131752651,,,,,,Curcumin dimer 3,Curcumin dimer 3,1.0,fooddb_chem_all;pubchem,,0.0,5.0,Constituent of the rhizomes of Curcuma longa (turmeric). Curcumin dimer 3 is found in herbs and spices.,,,,734.236,0.0,,,,,54.0,12.0,5.0,4:a3c7de2d-eea1-4c9a-bf12-e82557131610:13624,"InChI=1S/C42H38O12/c1-50-37-18-24(7-13-31(37)45)5-11-28(43)22-35(49)41-30(17-26-9-15-33(47)39(20-26)52-3)36(54-42(41)27-10-16-34(48)40(21-27)53-4)23-29(44)12-6-25-8-14-32(46)38(19-25)51-2/h5-23,41-43,45-48H,1-4H3/b11-5+,12-6+,28-22-,30-17-,36-23-",HJALWSMTAVUJGY-JBZHRJFQSA-N,False,0.0,"(2Z,4E)-3-hydroxy-5-(4-hydroxy-3-methoxyphenyl)-1-[(4E,5Z)-2-(4-hydroxy-3-methoxyphenyl)-4-[(4-hydroxy-3-methoxyphenyl)methylidene]-5-[(E)-4-(4-hydroxy-3-methoxyphenyl)-2-oxobut-3-enylidene]oxolan-3-yl]penta-2,4-dien-1-one",,Phytochemical,Phytochemical,,,,1420.0,C42H38O12,,734.7,734.236,,Curcumin dimer 3,False,,,,,,13.0,,,,,COC1=C(C=CC(=C1)/C=C/C(=O)/C=C\2/C(=C/C3=CC(=C(C=C3)O)OC)/C(C(O2)C4=CC(=C(C=C4)O)OC)C(=O)/C=C(/C=C/C5=CC(=C(C=C5)O)OC)\O)O,,,,,,,,181.0,2.0,5.0,,,6.3
,,,,,True,71315012,,,,,,Curcumin glucuronide,"Curcumin glucuronide|227466-72-0|Curcumin beta-D-glucuronide|Curcumin-beta-D-glucuronide|UNII-BE1PK7RL4M|BE1PK7RL4M|Curcumin beta-O-glucuronide|(2S,3S,4S,5R,6S)-3,4,5-trihydroxy-6-[4-[(1E,6E)-7-(4-hydroxy-3-methoxyphenyl)-3,5-dioxohepta-1,6-dienyl]-2-methoxyphenoxy]oxane-2-carboxylic acid|CURCUMIN .BETA.-D-GLUCURONIDE|CURCUMIN .BETA.-O-GLUCURONIDE|(2S,3S,4S,5R,6S)-3,4,5-Trihydroxy-6-(4-((1E,4Z,6E)-5-hydroxy-7-(4-hydroxy-3-methoxyphenyl)-3-oxohepta-1,4,6-trien-1-yl)-2-methoxyphenoxy)tetrahydro-2H-pyran-2-carboxylic acid|(2S,3S,4S,5R,6S)-3,4,5-Trihydroxy-6-(4-((1E,6E)-7-(4-hydroxy-3-methoxyphenyl)-3,5-dioxohepta-1,6-dienyl)-2-methoxyphenoxy)oxane-2-carboxylic acid|4-((1E,6E)-7-(4-Hydroxy-3-methoxyphenyl)-3,5-dioxo-1,6-heptadien-1-yl)-2-methoxyphenyl beta-D-glucopyranosiduronic acid|beta-D-Glucopyranosiduronic acid, 4-((1E,6E)-7-(4-hydroxy-3-methoxyphenyl)-3,5-dioxo-1,6-heptadien-1-yl)-2-methoxyphenyl|beta-D-Glucopyranosiduronic acid, 4-((1E,6E)-7-(4-hydroxy-3-methoxyphenyl)-3,5-dioxo-1,6-heptadienyl)-2-methoxyphenyl|.BETA.-D-GLUCOPYRANOSIDURONIC ACID, 4-((1E,6E)-7-(4-HYDROXY-3-METHOXYPHENYL)-3,5-DIOXO-1,6-HEPTADIEN-1-YL)-2-METHOXYPHENYL|.BETA.-D-GLUCOPYRANOSIDURONIC ACID, 4-((1E,6E)-7-(4-HYDROXY-3-METHOXYPHENYL)-3,5-DIOXO-1,6-HEPTADIENYL)-2-METHOXYPHENYL|4-((1E,6E)-7-(4-HYDROXY-3-METHOXYPHENYL)-3,5-DIOXO-1,6-HEPTADIEN-1-YL)-2-METHOXYPHENYL .BETA.-D-GLUCOPYRANOSIDURONIC ACID|Curcumin b-D-Glucuronide|Curcumin-|A-D-glucuronide|Curcumin ?-D-Glucuronide|Curcumin beta -D-Glucuronide|CHEMBL4065571|SCHEMBL26057781|Curcumin-4-o-beta-d-glucuronide|DTXSID20747384|CHEBI:189745|EX-A7619|DA-52168|DISCONTINUED. Please see C838505.|MC172152|MS-30002|HY-138795|CS-0168489|NS00116950|G14562|Q27274613|4-[(1E,6E)-7-(4-Hydroxy-3-methoxyphenyl)-3,5-dioxo-1,6-heptadien-1-yl]-2-methoxyphenyl beta-DGlucopyranosiduronic Acid|",1.0,fooddb_chem_all;pubchem,,5.0,2.0,,,,,544.158,0.0,,,,,39.0,12.0,5.0,4:a3c7de2d-eea1-4c9a-bf12-e82557131610:133691,"InChI=1S/C27H28O12/c1-36-20-11-14(5-9-18(20)30)3-7-16(28)13-17(29)8-4-15-6-10-19(21(12-15)37-2)38-27-24(33)22(31)23(32)25(39-27)26(34)35/h3-12,22-25,27,30-33H,13H2,1-2H3,(H,34,35)/b7-3+,8-4+/t22-,23-,24+,25-,27+/m0/s1",BNSAVBGHRVFVNN-XSCLDSQRSA-N,False,0.0,"(2S,3S,4S,5R,6S)-3,4,5-trihydroxy-6-[4-[(1E,6E)-7-(4-hydroxy-3-methoxyphenyl)-3,5-dioxohepta-1,6-dienyl]-2-methoxyphenoxy]oxane-2-carboxylic acid",,Phytochemical,Phytochemical,,,,903.0,C27H28O12,,544.5,544.158,,Curcumin glucuronide,False,,,,,,11.0,,,,,COC1=C(C=CC(=C1)/C=C/C(=O)CC(=O)/C=C/C2=CC(=C(C=C2)O[C@H]3[C@@H]([C@H]([C@@H]([C@H](O3)C(=O)O)O)O)O)OC)O,,,,,,,,189.0,5.0,2.0,,,1.6
,,,,,True,66645351,,,,,,Curcumin sulfate,"Curcumin sulfate|Curcumin sulphate|Curcumin monosulfate|339286-19-0|UNII-160DHE331M|160DHE331M|1,6-Heptadiene-3,5-dione, 1-(4-hydroxy-3-methoxyphenyl)-7-(3-methoxy-4-(sulfooxy)phenyl)-, (1E,6E)-|4-((1E,4Z,6E)-5-Hydroxy-7-(4-hydroxy-3-methoxyphenyl)-3-oxohepta-1,4,6-trien-1-yl)-2-methoxyphenyl hydrogen sulfate|DTXSID10893526|[4-[(1E,6E)-7-(4-hydroxy-3-methoxyphenyl)-3,5-dioxohepta-1,6-dienyl]-2-methoxyphenyl] hydrogen sulfate|(4-((1E,6E)-7-(4-hydroxy-3-methoxyphenyl)-3,5-dioxohepta-1,6-dien-1-yl)-2-methoxyphenyl)oxidanesulfonic acid|{4-[(1E,6E)-7-(4-hydroxy-3-methoxyphenyl)-3,5-dioxohepta-1,6-dien-1-yl]-2-methoxyphenyl}oxidanesulfonic acid|SCHEMBL290796|CHEBI:189746|DTXCID001323548|DB14635|Q27251759|[4-[(1E,6E)-7-(4-hydroxy-3-methoxyphenyl)-3,5-dioxohepta-1,6-dienyl]-2-methoxyphenyl] hydrogen sulate|4-((1E,6E)-7-(4-Hydroxy-3-methoxyphenyl)-3,5-dioxohepta-1,6-dien-1-yl)-2-methoxyphenyl hydrogen sulfate",1.0,fooddb_chem_all;pubchem,,0.0,2.0,,,,,448.083,0.0,,,,,31.0,9.0,2.0,4:a3c7de2d-eea1-4c9a-bf12-e82557131610:131931,"InChI=1S/C21H20O9S/c1-28-20-11-14(5-9-18(20)24)3-7-16(22)13-17(23)8-4-15-6-10-19(21(12-15)29-2)30-31(25,26)27/h3-12,24H,13H2,1-2H3,(H,25,26,27)/b7-3+,8-4+",NEJVQQBBTRFOHB-FCXRPNKRSA-N,False,0.0,"[4-[(1E,6E)-7-(4-hydroxy-3-methoxyphenyl)-3,5-dioxohepta-1,6-dienyl]-2-methoxyphenyl] hydrogen sulfate",,Phytochemical,Phytochemical,,,,768.0,C21H20O9S,,448.4,448.083,,Curcumin sulfate,False,,,,,,10.0,,,,,COC1=C(C=CC(=C1)/C=C/C(=O)CC(=O)/C=C/C2=CC(=C(C=C2)OS(=O)(=O)O)OC)O,,,,,,,,145.0,0.0,2.0,,,2.6
-4.012875888888889,0.1904761904761904,1.0,0.0,0.0,False,69879809,Diarylheptanoids,Diarylheptanoids,Organic compounds,Linear diarylheptanoids,Phenylpropanoids and polyketides,Cyclocurcumin,"Cyclocurcumin|153127-42-5|CYCLOCURCUMIN(P)|CHEMBL4098368|2-(4-hydroxy-3-methoxyphenyl)-6-[(E)-2-(4-hydroxy-3-methoxyphenyl)ethenyl]-2,3-dihydropyran-4-one|2-(4-hydroxy-3-methoxyphenyl)-6-((E)-2-(4-hydroxy-3-methoxyphenyl)ethenyl)-2,3-dihydropyran-4-one|SCHEMBL6727064|SCHEMBL23040676|CHEBI:175723|DTXSID501317744|HY-N8251|BDBM50501397|AKOS040761556|4H-Pyran-4-one,2,3-dihydro-2-(4-hydroxy-3-methoxyphenyl)-6-[(1E)-2-(4-hydroxy-3-methoxyphenyl)ethenyl]-|DA-72477|LS-14853|CS-0141880|E80620|(E)-2-(4-hydroxy-3-methoxyphenyl)-6-(4-hydroxy-3-methoxystyryl)-2H-pyran-4(3H)-one",1.0,cmaup_ingredients;fooddb_chem_all;hmdb_chem_all;imppat_phytochem;npass_chem_all;pubchem,COccc/C=C/C=CC=O)CCO6)cccccc6)OC)))O))))))))))))ccc6O,0.0,1.0,Constituent of the rhizome of Curcuma longa (turmeric). Cyclocurcumin is found in turmeric and herbs and spices.,True,,Moderately soluble,368.126,0.0,c/C=C/C1=CC(=O)CCO1|cO|cOC,True,True,True,27.0,6.0,2.0,4:a3c7de2d-eea1-4c9a-bf12-e82557131610:132708,"InChI=1S/C21H20O6/c1-25-20-9-13(4-7-17(20)23)3-6-16-11-15(22)12-19(27-16)14-5-8-18(24)21(10-14)26-2/h3-11,19,23-24H,12H2,1-2H3/b6-3+",IZLBLUIBVMGMIY-ZZXKWVIFSA-N,False,0.0,"2-(4-hydroxy-3-methoxyphenyl)-6-[(E)-2-(4-hydroxy-3-methoxyphenyl)ethenyl]-2,3-dihydropyran-4-one",Organic compounds,Phytochemical,Phytochemical,True,3.005,-4.222,571.0,C21H20O6,Aromatic heteromonocyclic compounds,368.4,368.126,3.0,Cyclocurcumin,False,Shikimates and Phenylpropanoids,Linear diarylheptanoids,Diarylheptanoids,,False,5.0,CC1CC(CCC2CCCCC2)CC(C2CCCCC2)C1,O=C1C=C(C=Cc2ccccc2)OC(c2ccccc2)C1,OC1CC(CCC2CCCCC2)OC(C2CCCCC2)C1,Moderately soluble,COC1=C(C=CC(=C1)/C=C/C2=CC(=O)CC(O2)C3=CC(=C(C=C3)O)OC)O,,Linear diarylheptanoids,"Linear 1,7-diphenylheptane skeleton|Methoxyphenol|Methoxybenzene|Styrene|Phenol ether|Anisole|Phenol|Dihydropyranone|Alkyl aryl ether|Benzenoid|Monocyclic benzene moiety|Vinylogous ester|Cyclic ketone|Ketone|Oxacycle|Organoheterocyclic compound|Ether|Hydrocarbon derivative|Organooxygen compound|Carbonyl group|Aromatic heteromonocyclic compound",Phenylpropanoids and polyketides,cyclocurcumin,,Linear diarylheptanoids,85.2,1.0,1.0,P27732,True,3.0
-6.823256171428572,0.3142857142857143,0.0,0.0,0.0,True,71459740,,,,,,Demethoxybisabolocurcumin Ether,"Demethoxybisabolocurcumin Ether|(6S)-6-((1R,2R,5S)-5-hydroxy-2-(4-((1E,3Z,6E)-3-hydroxy-7-(4-hydroxyphenyl)-5-oxohepta-1,3,6-trienyl)-2-methoxyphenoxy)-4-methylcyclohex-3-en-1-yl)-2-methylhept-2-en-4-one|(6S)-6-[(1R,2R,5S)-5-hydroxy-2-[4-[(1E,3Z,6E)-3-hydroxy-7-(4-hydroxyphenyl)-5-oxohepta-1,3,6-trienyl]-2-methoxyphenoxy]-4-methylcyclohex-3-en-1-yl]-2-methylhept-2-en-4-one|CHEMBL2207405",1.0,cmaup_ingredients;pubchem,,4.0,3.0,,,,,572.277,0.0,,,,,42.0,7.0,3.0,4:a3c7de2d-eea1-4c9a-bf12-e82557131610:134013,"InChI=1S/C35H40O7/c1-22(2)16-30(39)17-23(3)31-21-32(40)24(4)18-34(31)42-33-15-10-26(19-35(33)41-5)9-14-29(38)20-28(37)13-8-25-6-11-27(36)12-7-25/h6-16,18-20,23,31-32,34,36,38,40H,17,21H2,1-5H3/b13-8+,14-9+,29-20-/t23-,31+,32-,34-/m0/s1",VLOIRNGZNJWJHV-LXQVCSRVSA-N,False,0.0,"(6S)-6-[(1R,2R,5S)-5-hydroxy-2-[4-[(1E,3Z,6E)-3-hydroxy-7-(4-hydroxyphenyl)-5-oxohepta-1,3,6-trienyl]-2-methoxyphenoxy]-4-methylcyclohex-3-en-1-yl]-2-methylhept-2-en-4-one",,Phytochemical,Phytochemical,,4.145,-5.043,1060.0,C35H40O7,,572.7,572.277,3.0,Demethoxybisabolocurcumin Ether,False,,,,,,12.0,,,,,CC1=C[C@@H]([C@H](C[C@@H]1O)[C@@H](C)CC(=O)C=C(C)C)OC2=C(C=C(C=C2)/C=C/C(=C/C(=O)/C=C/C3=CC=C(C=C3)O)/O)OC,,,,,,,,113.0,4.0,3.0,,,6.4
-3.9226258,0.1,1.0,0.0,0.0,True,5469424,Diarylheptanoids,Diarylheptanoids,Organic compounds,Linear diarylheptanoids,Phenylpropanoids and polyketides,Demethoxycurcumin,"Demethoxycurcumin|22608-11-3|24939-17-1|curcumin II|monodemethoxycurcumin|desmethoxycurcumin|BHCFM|Demethoxy Curcumin|4-Hydroxycinnamoyl(feroyl)methane|(1E,6E)-1-(4-hydroxy-3-methoxyphenyl)-7-(4-hydroxyphenyl)hepta-1,6-diene-3,5-dione|33171-16-3|curcuminII|Feruloyl-P-hydroxycinnnamoylmethane|demethoxy-curcumin|(2E)-Demethoxy Curcumin|1,6-Heptadiene-3,5-dione, 1-(4-hydroxy-3-methoxyphenyl)-7-(4-hydroxyphenyl)-|CHEBI:65737|(E/Z)-Demethoxycurcumin|1-(4-hydroxy-3-methoxyphenyl)-7-(4-hydroxyphenyl)hepta-1,6-diene-3,5-dione|UNII-W2F8059T80|4-hydroxycinnamoyl(feruloyl)methane|MFCD03427310|W2F8059T80|(1E,6E)-1-(4-HYDROXY-3-METHOXY-PHENYL)-7-(4-HYDROXYPHENYL)HEPTA-1,6-DI ENE-3,5-DIONE|(1E,6E)-1-(4-hydroxy-3-methoxyphenyl)-7-(4-hydroxyphenyl)-1,6-heptadiene-3,5-dione|CHEMBL105360|INS NO.100(II)|INS-100(II)|DTXSID00873751|DESMETHOXYCURCUMIN [USP-RS]|E-100(II)|NSC687841|(1E,6E)-1-(4-hydroxy-3-methoxyphenyl)-7-(4-hydroxyphenyl)-hepta-1,6-diene-3,5-dione|1,6-Heptadiene-3,5-dione, 1-(4-hydroxy-3-methoxyphenyl)-7-(4-hydroxyphenyl)-, (1E,6E)-|p-Hydroxycinnamoyl-feruloylmethane|DESMETHOXYCURCUMIN (USP-RS)|1-(4-Hydroxy-3-methoxyphenyl)-7-(4-hydroxyphenyl)-1,6-heptadiene-3,5-dione|1-(4-hydroxyphenyl)-7-(4-hydroxy-3-methoxyphenyl)-hepta-1,6-diene-3,5-dione|p-Hydroxycinnamoylferuloylmethane|Curcumin II|Desmethoxycurcumin|Monodemethoxycurcumin|feruloyl-p-coumaroylmethane|Demethoxycurcumin (Standard)|SCHEMBL431246|SCHEMBL2553051|DEMETHOXYCURCUMIN [INCI]|SCHEMBL13521973|SCHEMBL23884878|SCHEMBL23884879|cid_5324476|HY-N0006A|HY-N0006R|HJTVQHVGMGKONQ-LUZURFALSA-N|DTXCID001011975|Demethoxycurcumin, >=98% (HPLC)|BDBM50163744|BDBM50410873|s9280|Demethoxycurcumin, analytical standard|AKOS015903509|CCG-267896|FD20982|FD73796|NSC-687841|(E,E)-1-(4-Hydroxy-3-methoxyphenyl)-7-(4-hydroxyphenyl)-1,6-heptadiene-3,5-dione|1ST40221|AC-34584|BS-48948|DA-52433|LS-14764|CS-0009120|NS00116352|DESMETHOXYCURCUMIN (CONSTITUENT OF TURMERIC)|Q5264607|(1E,6E)-1-(4-Hydroxy-3-methoxy-phenyl)-7-(4-hydroxy-phenyl)-hepta-1,6-diene-3,5-dione|1,6-Heptadiene-3,5-dione, 1-(4-hydroxy-3-methoxyphenyl)-7-(4-hydroxyphenyl)- (VAN)|1,6-Heptadiene-3,5-dione, 1-(4-hydroxy-3-methoxyphenyl)-7-(4-hydroxyphenyl)-(VAN)|1-(4-Hydroxy-3-methoxyphenyl)-7-(4-hydroxyphenyl)-1,6-heptadiene-3,5-dione, 9CI|5-hydroxy-7-(4-hydroxy-3-methoxyphenyl)-1-(4-hydroxyphenyl)hepta-1,4,6-trien-3-one|(1E,4Z,6E)-5-Hydroxy-1-(4-hydroxy-3-methoxy-phenyl)-7-(4-hydroxy-phenyl)-hepta-1,4,6-trien-3-one|(1E,6E)-1-(4-HYDROXY-3-METHOXY-PHENYL)-7-(4-HYDROXYPHENYL)HEPTA-1,6-DIENE-3,5-DIONE|(1E,6E)-1-(4-Hydroxy-3-methoxyphenyl)-7-(4-hydroxyphenyl)-1,6-heptadiene-3,5-dione|(1E,6E)-1-(4-Hydroxyphenyl)-7-(4-hydroxy-3-methox  yphenyl)-1,6-heptadiene-3,5-dione|607-465-4|663-429-8|91884-87-6",1.0,cmaup_ingredients;fooddb_chem_all;hmdb_chem_all;imppat_phytochem;npass_chem_all;pubchem,COccc/C=C/C=O)CC=O)/C=C/cccccc6))O))))))))))))ccc6O,0.0,2.0,"Isolated from Curcuma zedoaria (zedoary), Curcuma longa (turmeric), Curcuma xanthorrhiza (Java turmeric). Demethoxycurcumin is found in many foods, some of which are beverages, herbs and spices, turmeric, and root vegetables.",True,,Soluble,338.115,0.0,c/C=C/C(C)=O|cO|cOC,True,True,True,25.0,5.0,2.0,4:a3c7de2d-eea1-4c9a-bf12-e82557131610:125508,"InChI=1S/C20H18O5/c1-25-20-12-15(6-11-19(20)24)5-10-18(23)13-17(22)9-4-14-2-7-16(21)8-3-14/h2-12,21,24H,13H2,1H3/b9-4+,10-5+",HJTVQHVGMGKONQ-LUZURFALSA-N,False,0.0,"(1E,6E)-1-(4-hydroxy-3-methoxyphenyl)-7-(4-hydroxyphenyl)hepta-1,6-diene-3,5-dione",Organic compounds,Phytochemical,Phytochemical,True,2.923,-3.611,502.0,C20H18O5,Aromatic homomonocyclic compounds,338.4,338.115,2.0,Demethoxycurcumin,False,Shikimates and Phenylpropanoids,Linear diarylheptanoids,Diarylheptanoids,,False,7.0,CC(CCC1CCCCC1)CC(C)CCC1CCCCC1,O=C(C=Cc1ccccc1)CC(=O)C=Cc1ccccc1,OC(CCC1CCCCC1)CC(O)CCC1CCCCC1,Moderately soluble,COC1=C(C=CC(=C1)/C=C/C(=O)CC(=O)/C=C/C2=CC=C(C=C2)O)O,Solid,Linear diarylheptanoids,"Desmethoxycurcumin|Hydroxycinnamic acid or derivatives|Cinnamic acid or derivatives|Methoxyphenol|Methoxybenzene|Styrene|Phenol ether|Anisole|1,3-diketone|Phenol|Alkyl aryl ether|Benzenoid|1,3-dicarbonyl compound|Monocyclic benzene moiety|Alpha,beta-unsaturated ketone|Enone|Acryloyl-group|Ketone|Ether|Hydrocarbon derivative|Organooxygen compound|Carbonyl group|Aromatic homomonocyclic compound",Phenylpropanoids and polyketides,"(1e,6e)-1-(4-Hydroxy-3-methoxyphenyl)-7-(4-hydroxyphenyl)-1,6-heptadiene-3,5-dione|(1e,6e)-1-(4-Hydroxy-3-methoxyphenyl)-7-(4-hydroxyphenyl)-hepta-1,6-diene-3,5-dione|1-(4-Hydroxy-3-methoxyphenyl)-7-(4-hydroxyphenyl)-1,6-heptadiene-3,5-dione, 9CI|4-hydroxycinnamoyl(feroyl)methane|4-Hydroxycinnamoyl(feruloyl)methane|Bhcfm|CurcuminII|Demethoxy-curcumin|Demethoxycurcumin|Feruloyl-p-hydroxycinnnamoylmethane|Monodemethoxycurcumin|p-Hydroxycinnamoylferuloylmethane|(1E,6E)-1-(4-Hydroxy-3-methoxyphenyl)-7-(4-hydroxyphenyl)-1,6-heptadiene-3,5-dione|(1E,6E)-1-(4-Hydroxy-3-methoxyphenyl)-7-(4-hydroxyphenyl)-hepta-1,6-diene-3,5-dione|4-Hydroxycinnamoyl(feroyl)methane|BHCFM|Curcumin II|1-(4-Hydroxy-3-methoxyphenyl)-7-(4-hydroxyphenyl)-1,6-heptadiene-3,5-dione, 9ci|P-Hydroxycinnamoylferuloylmethane|demethoxycurcumin, desmethoxycurcumin, feruloyl-p-coumaroylmethane, monodemethoxy-curcumin, monodemethoxycurcumin",,Curcuminoids,83.8,0.0,2.0,P0DTD1|n.a.,True,3.3
-6.732566400000001,0.2941176470588235,0.0,0.0,0.0,True,71456030,,,,,,Didemethoxybisabolocurcumin Ether,"Didemethoxybisabolocurcumin Ether|(6S)-6-((1R,2R,5S)-5-hydroxy-2-(4-((1E,3Z,6E)-3-hydroxy-7-(4-hydroxyphenyl)-5-oxohepta-1,3,6-trienyl)phenoxy)-4-methylcyclohex-3-en-1-yl)-2-methylhept-2-en-4-one|(6S)-6-[(1R,2R,5S)-5-hydroxy-2-[4-[(1E,3Z,6E)-3-hydroxy-7-(4-hydroxyphenyl)-5-oxohepta-1,3,6-trienyl]phenoxy]-4-methylcyclohex-3-en-1-yl]-2-methylhept-2-en-4-one|CHEMBL2207404",1.0,cmaup_ingredients;pubchem,,4.0,3.0,,,,,542.267,0.0,,,,,40.0,6.0,3.0,4:a3c7de2d-eea1-4c9a-bf12-e82557131610:133982,"InChI=1S/C34H38O6/c1-22(2)17-30(38)18-23(3)32-21-33(39)24(4)19-34(32)40-31-15-9-26(10-16-31)8-14-29(37)20-28(36)13-7-25-5-11-27(35)12-6-25/h5-17,19-20,23,32-35,37,39H,18,21H2,1-4H3/b13-7+,14-8+,29-20-/t23-,32+,33-,34-/m0/s1",HUGHWNMFBYLCIP-KHJKUTEWSA-N,False,0.0,"(6S)-6-[(1R,2R,5S)-5-hydroxy-2-[4-[(1E,3Z,6E)-3-hydroxy-7-(4-hydroxyphenyl)-5-oxohepta-1,3,6-trienyl]phenoxy]-4-methylcyclohex-3-en-1-yl]-2-methylhept-2-en-4-one",,Phytochemical,Phytochemical,,4.326,-4.971,997.0,C34H38O6,,542.7,542.267,3.0,Didemethoxybisabolocurcumin Ether,False,,,,,,11.0,,,,,CC1=C[C@@H]([C@H](C[C@@H]1O)[C@@H](C)CC(=O)C=C(C)C)OC2=CC=C(C=C2)/C=C/C(=C/C(=O)/C=C/C3=CC=C(C=C3)O)/O,,,,,,,,104.0,4.0,3.0,,,6.4
-4.369628696551724,0.217391304347826,1.0,0.0,0.0,True,9952605,,,,,,Dimethoxycurcumin,"dimethoxycurcumin|160096-59-3|dimethoxy Curcumin|Di-O-Methylcurcumin|TETRAMETHOXYCURCUMIN|1,6-Heptadiene-3,5-dione, 1,7-bis(3,4-dimethoxyphenyl)-, (1E,6E)-|(1E,6E)-1,7-bis(3,4-dimethoxyphenyl)hepta-1,6-diene-3,5-dione|1,7-bis(3,4-dimethoxyphenyl)-1,6-heptadiene-3,5-dione|1,7-Bis-(3,4-dimethoxy-phenyl)-hepta-1,6-diene-3,5-dione|Veratryl curcuminoid|Dimethoxycurcumin(DiMC)|VERATRYLCURCUMINOID|Dimethoxycurcumin(DiMC)?|CHC 004,Di-O-methylcurcumin|CHEMBL261295|SCHEMBL2622436|HMJSBVCDPKODEX-NXZHAISVSA-N|DTXSID101316356|HMS3650D11|BCP17149|EX-A4222|BDBM50067038|BDBM50285604|AKOS032953608|HY-100977|CS-0020657|SR-01000946328|SR-01000946328-1|BRD-K30331124-001-01-7|BRD-K30331124-001-02-5|BRD-K30331124-001-03-3|Q27276138|(1E,4Z,6E)-1,7-Bis-(3,4-dimethoxy-phenyl)-5-hydroxy-hepta-1,4,6-trien-3-one",1.0,cmaup_ingredients;npass_chem_all;pubchem,,0.0,2.0,,,,,396.157,0.0,,,,,29.0,6.0,0.0,4:a3c7de2d-eea1-4c9a-bf12-e82557131610:142211,"InChI=1S/C23H24O6/c1-26-20-11-7-16(13-22(20)28-3)5-9-18(24)15-19(25)10-6-17-8-12-21(27-2)23(14-17)29-4/h5-14H,15H2,1-4H3/b9-5+,10-6+",HMJSBVCDPKODEX-NXZHAISVSA-N,False,0.0,"(1E,6E)-1,7-bis(3,4-dimethoxyphenyl)hepta-1,6-diene-3,5-dione",,Phytochemical,Phytochemical,,2.861,-5.19,534.0,C23H24O6,,396.4,396.157,2.0,Dimethoxycurcumin,False,,,,,,10.0,,,,,COC1=C(C=C(C=C1)/C=C/C(=O)CC(=O)/C=C/C2=CC(=C(C=C2)OC)OC)OC,,,,,,NPT152,,71.1,0.0,2.0,Q16236,,3.9
-4.927028696551725,0.1739130434782608,1.0,0.0,0.0,True,6477182,,,,,,Dimethylcurcumin,"Dimethylcurcumin|ASC-J9|52328-98-0|917813-54-8|(1E,4Z,6E)-1,7-bis(3,4-dimethoxyphenyl)-5-hydroxyhepta-1,4,6-trien-3-one|ASCJ-9|GO-Y-025|Go-Y025|1,7-Bis-(3,4-dimethoxyphenyl)-5-hydroxy-hepta-1,4,6-trien-3-one|1,7-Bis-(3,4-dimethoxy-phenyl)-5-hydroxy-hepta-1,4,6-trien-3-one|D60XLY608D|CHC-004|1,4,6-Heptatrien-3-one, 1,7-bis(3,4-dimethoxyphenyl)-5-hydroxy-, (Z,E,E)-|1,4,6-Heptatrien-3-one, 1,7-bis(3,4-dimethoxyphenyl)-5-hydroxy-, (1E,4Z,6E)--|1,7-Bis(3,4-dimethoxyphenyl)-5-hydroxyhepta-1,4,6-trien-3-one|(1E,4Z,6E)-1,7-bis(3,4-dimethoxyphenyl)-5-hydroxy-1,4,6-heptatrien-3-one|115851-85-9|(1E,4E,6E)-1,7-Bis(3,4-dimethoxyphenyl)-5-hydroxy-1,4,6-heptatrien-3-one|ASC-J9|GO-Y025|CHC 004|Di-O-methylcurcumin|UNII-D60XLY608D|MFCD12912341|MFCD22123809|Dimethylcurcumin|ASC-J9|Dimethylcurcumin (ASC-J9)|SCHEMBL3487103|DTXSID10200352|EX-A927|ZMGUKFHHNQMKJI-CIOHCNBKSA-N|GLXC-04729|NSC734923|s6630|AKOS015891371|AKOS025311328|CS-0533|DB06133|NSC-734923|AC-31058|AS-82881|DA-52565|DS-14720|FD145228|HY-15194|ASC-J9,CAS:52328-98-0|GO-Y025|Dimethylcurcumin|ASC J9|GO Y025|1, 4-dimethoxyphenyl)-1, 6-heptadiene-3,5-dione|1,7-Bis-(3,4-dimethoxyphenyl)-5-hydroxyhepta-1,4,6-trien-3-one|(1E,4Z,6E)-1,7-bis(3,4-dimethoxyphenyl)-5-hydroxy-hepta-1,4,6-trien-3-one|922-365-3",1.0,cmaup_ingredients;npass_chem_all;pubchem,,0.0,3.0,,,,,396.157,0.0,,,,,29.0,6.0,1.0,4:a3c7de2d-eea1-4c9a-bf12-e82557131610:131498,"InChI=1S/C23H24O6/c1-26-20-11-7-16(13-22(20)28-3)5-9-18(24)15-19(25)10-6-17-8-12-21(27-2)23(14-17)29-4/h5-15,24H,1-4H3/b9-5+,10-6+,18-15-",ZMGUKFHHNQMKJI-CIOHCNBKSA-N,False,0.0,"(1E,4Z,6E)-1,7-bis(3,4-dimethoxyphenyl)-5-hydroxyhepta-1,4,6-trien-3-one",,Phytochemical,Phytochemical,,2.861,-5.19,596.0,C23H24O6,,396.4,396.157,2.0,Dimethylcurcumin,False,,,,,,9.0,,,,,COC1=C(C=C(C=C1)/C=C/C(=C/C(=O)/C=C/C2=CC(=C(C=C2)OC)OC)/O)OC,,,,,,,,74.2,0.0,3.0,P10275|Q7ZJM1|P56817|P05067|n.a.|P0DTD1|Q969S8,,4.6
-3.531373488888889,0.3809523809523809,1.0,0.0,0.0,False,5318039,Diarylheptanoids,Diarylheptanoids,Organic compounds,Linear diarylheptanoids,Phenylpropanoids and polyketides,Hexahydrocurcumin,"Hexahydrocurcumin|36062-05-2|5-hydroxy-1,7-bis(4-hydroxy-3-methoxyphenyl)heptan-3-one|Curcumin, hexahydro-|3-Heptanone, 5-hydroxy-1,7-bis(4-hydroxy-3-methoxyphenyl)-|RNL5XJ2BA7|C17826|(RS)-5-Hydroxy-1,7-bis(4-hydroxy-3-methoxyphenyl)-3-heptanone|5-hydroxy-1,7-bis(4-hydroxy-3-methoxyphenyl)-3-heptanone|UNII-RNL5XJ2BA7|CHEBI:81358|DTXSID00415731|3-Heptanone, 5-hydroxy-1,7-bis(4-hydroxy-3-methoxyphenyl)-|5-Hydroxy-1,7-bis(4-hydroxy-3-methoxyphenyl)-3-heptanone|Hexahydrocurcumin|Hexahydrocurcumin (Standard)|SCHEMBL290121|CHEMBL479650|MEGxp0_001211|HY-N0929R|DTXCID30366580|HY-N0929|Hexahydrocurcumin, analytical standard|CS-4377|MS-26053|XH178625|E80659|Q27155296|1,7-Bis(4-hydroxy-3-methoxyphenyl)-5-heptanol-3-one|5-hydroxy-1,7-bis(4-hydroxy-3-methoxylphenyl)-3-heptanone|5-hydroxy-1,7-bis(4-hydroxy-3-methoxy-phenyl)heptan-3-one|924-435-9",1.0,cmaup_ingredients;fooddb_chem_all;hmdb_chem_all;imppat_phytochem;npass_chem_all;pubchem,COcccCCCCC=O)CCcccccc6)OC)))O)))))))))O))))ccc6O,0.0,0.0,"Hexahydrocurcumin is a member of the class of compounds known as curcuminoids. Curcuminoids are aromatic compounds containing a curcumin moiety, which is composed of two aryl buten-2-one (feruloyl) chromophores joined by a methylene group. Hexahydrocurcumin is practically insoluble (in water) and a very weakly acidic compound (based on its pKa). Hexahydrocurcumin can be found in ginger, which makes hexahydrocurcumin a potential biomarker for the consumption of this food product.",True,,Soluble,374.173,0.0,CC(C)=O|CO|cO|cOC,True,True,True,27.0,6.0,3.0,4:a3c7de2d-eea1-4c9a-bf12-e82557131610:119886,"InChI=1S/C21H26O6/c1-26-20-11-14(5-9-18(20)24)3-7-16(22)13-17(23)8-4-15-6-10-19(25)21(12-15)27-2/h5-6,9-12,16,22,24-25H,3-4,7-8,13H2,1-2H3",RSAHICAPUYTWHW-UHFFFAOYSA-N,False,0.0,"5-hydroxy-1,7-bis(4-hydroxy-3-methoxyphenyl)heptan-3-one",Organic compounds,Phytochemical,Phytochemical,True,2.263,-3.236,442.0,C21H26O6,Aromatic homomonocyclic compounds,374.4,374.173,2.0,Hexahydrocurcumin,False,Shikimates and Phenylpropanoids,Linear diarylheptanoids,Diarylheptanoids,,False,10.0,CC(CCCCC1CCCCC1)CCC1CCCCC1,O=C(CCCCc1ccccc1)CCc1ccccc1,OC(CCCCC1CCCCC1)CCC1CCCCC1,Moderately soluble,COC1=C(C=CC(=C1)CCC(CC(=O)CCC2=CC(=C(C=C2)O)OC)O)O,,Linear diarylheptanoids,,Phenylpropanoids and polyketides,"1,7-Bis(4-hydroxy-3-methoxyphenyl)-5-heptanol-3-one|hexahydrocurcumin",,Curcuminoids,96.2,1.0,0.0,P56817,True,2.7
-3.7246580615384617,0.1,1.0,0.0,0.0,True,5469426,,,,,,Monodemethylcurcumin,"Demethyl Curcumin|Monodemethylcurcumin|149732-51-4|O-Demethylcurcumin|Mono-O-Demethylcurcumin|demethylcurcumin|UNII-422O27405E|NSC687844|(1E,6E)-1-(3,4-dihydroxyphenyl)-7-(4-hydroxy-3-methoxyphenyl)hepta-1,6-diene-3,5-dione|422O27405E|1,6-Heptadiene-3,5-dione, 1-(3,4-dihydroxyphenyl)-7-(4-hydroxy-3-methoxyphenyl)-, (1E,6E)-|1,6-Heptadiene-3,5-dione, 1-(3,4-dihydroxyphenyl)-7-(4-hydroxy-3-methoxyphenyl)-, (E,E)-|CHEMBL103410|1-(3,4-dihydroxyphenyl)-7-(4-hydroxy-3-methoxyphenyl)-1,6-heptadiene-3,5-dione|(1E,6E)-1-(3,4-Dihydroxyphenyl)-7-(4-hydroxy-3-methoxyphenyl)-1,6-heptadiene-3,5-dione||MEGxp0_000958|SCHEMBL3673716|ACon1_000860|DTXSID00420209|CHEBI:175540|BDBM50059987|NSC-687844|NCGC00169287-01|AS-85783|DB-230169|NS00116353|Q27258483|(1E,6E)-1-(3,4-dihydroxyphenyl)-7-(4-hydroxy-3-methoxy-phenyl)hepta-1,6-diene-3,5-dione|(1E,6E)-1-(3,4-dihydroxyphenyl)-7-(4-hydroxy-3-methoxyphenyl)hepta-1, 6-diene-3,5-dione|(1E,6E)-1-(3,4-Dihydroxy-phenyl)-7-(4-hydroxy-3-methoxy-phenyl)-hepta-1,6-diene-3,5-dione",1.0,cmaup_ingredients;fooddb_chem_all;npass_chem_all;pubchem,,0.0,2.0,"Constituent of the rhizomes of Curcuma domestica (turmeric). 1-(3,4-Dihydroxyphenyl)-7-(4-hydroxy-3-methoxyphenyl)-1,6-heptadiene-3,5-dione is found in herbs and spices.",,,,354.11,0.0,,,,,26.0,6.0,3.0,4:a3c7de2d-eea1-4c9a-bf12-e82557131610:125509,"InChI=1S/C20H18O6/c1-26-20-11-14(5-9-18(20)24)3-7-16(22)12-15(21)6-2-13-4-8-17(23)19(25)10-13/h2-11,23-25H,12H2,1H3/b6-2+,7-3+",FFRFJIZJLZXEJX-YPCIICBESA-N,True,0.0,"(1E,6E)-1-(3,4-dihydroxyphenyl)-7-(4-hydroxy-3-methoxyphenyl)hepta-1,6-diene-3,5-dione",,Phytochemical,Phytochemical,,2.487,-3.333,540.0,C20H18O6,,354.4,354.11,2.0,Monodemethylcurcumin,False,,,,,,7.0,,,,,COC1=C(C=CC(=C1)/C=C/C(=O)CC(=O)/C=C/C2=CC(=C(C=C2)O)O)O,,,,,"1-(3,4-Dihydroxyphenyl)-7-(4-hydroxy-3-methoxyphenyl)-1,6-heptadiene-3,5-dione",,,104.0,0.0,2.0,Q7ZJM1,,2.9
-3.865172688888889,0.4285714285714285,0.0,0.0,0.0,False,11068834,,,,,,Octahydrocurcumin,"Octahydrocurcumin|36062-07-4|1,7-bis(4-hydroxy-3-methoxyphenyl)heptane-3,5-diol|Hexahydrocurcuminol|Octahydro-curcumin|YS2A8X6SX2|CHEMBL1087517|DTXSID40873750|1,7-Bis(4-hydroxy-3-methoxyphenyl)-3,5-heptanediol|3,5-Heptanediol, 1,7-bis(4-hydroxy-3-methoxyphenyl)-|(3S,5S)-1,7-BIS(4-HYDROXY-3-METHOXYPHENYL)HEPTANE-3,5-DIOL|UNII-YS2A8X6SX2|SCHEMBL645293|MEGxp0_001209|MEGxp0_001210|ACon1_001058|ACon1_001138|DTXCID301011974|HY-N0894|MFCD25371921|AKOS030526791|CS-3740|NCGC00169640-01|NCGC00169640-02|AC-34050|DA-56378|MS-26114|BRD-A35096796-001-01-0|BRD-A35096796-001-02-8|1,7-bis-(4-Hydroxy-3-methoxyphenyl)-heptane-3,5-diol|3,5-dihydroxy-1,7-bis(4-hydroxy-3-methoxyphenyl)heptane|918-345-9",1.0,cmaup_ingredients;fooddb_chem_all;npass_chem_all;pubchem,,0.0,0.0,"1,7-bis-(4-hydroxy-3-methoxyphenyl)-heptane-3,5-diol is a member of the class of compounds known as curcuminoids. Curcuminoids are aromatic compounds containing a curcumin moiety, which is composed of two aryl buten-2-one (feruloyl) chromophores joined by a methylene group. 1,7-bis-(4-hydroxy-3-methoxyphenyl)-heptane-3,5-diol is practically insoluble (in water) and a very weakly acidic compound (based on its pKa). 1,7-bis-(4-hydroxy-3-methoxyphenyl)-heptane-3,5-diol can be found in ginger, which makes 1,7-bis-(4-hydroxy-3-methoxyphenyl)-heptane-3,5-diol a potential biomarker for the consumption of this food product.",,,,376.189,0.0,,,,,27.0,6.0,4.0,4:a3c7de2d-eea1-4c9a-bf12-e82557131610:13946,"InChI=1S/C21H28O6/c1-26-20-11-14(5-9-18(20)24)3-7-16(22)13-17(23)8-4-15-6-10-19(25)21(12-15)27-2/h5-6,9-12,16-17,22-25H,3-4,7-8,13H2,1-2H3",OELMAFBLFOKZJD-UHFFFAOYSA-N,False,0.0,"1,7-bis(4-hydroxy-3-methoxyphenyl)heptane-3,5-diol",,Phytochemical,Phytochemical,,2.562,-3.972,370.0,C21H28O6,,376.4,376.189,2.0,Octahydrocurcumin,False,,,,,,10.0,,,,,COC1=C(C=CC(=C1)CCC(CC(CCC2=CC(=C(C=C2)O)OC)O)O)O,,,,,1-7-BIS-(4-HYDROXY-3-METHOXY-PHENYL)-HEPTANE-3(S)-DIOL,,,99.4,2.0,0.0,Q969S8,,3.2
,0.1428571428571428,1.0,0.0,0.0,True,90471784,,,,,,Sodiumcurcuminate,SODIUMCURCUMINATE|36557-16-1,3.0,cmaup_ingredients;pubchem,,0.0,2.0,,,,,412.09,0.0,,,,,29.0,6.0,0.0,4:a3c7de2d-eea1-4c9a-bf12-e82557131610:139134,"InChI=1S/C21H20O6.2Na/c1-26-20-11-14(5-9-18(20)24)3-7-16(22)13-17(23)8-4-15-6-10-19(25)21(12-15)27-2||/h3-12,24-25H,13H2,1-2H3||/q|2*+1/p-2/b7-3-,8-4+||",MYIQANSQHADCLI-IRGDVNFTSA-L,False,0.0,"disodium|2-methoxy-4-[(1Z,6E)-7-(3-methoxy-4-oxidophenyl)-3,5-dioxohepta-1,6-dienyl]phenolate",,Phytochemical,Phytochemical,,2.82,-3.921,507.0,C21H18Na2O6,,412.3,412.09,2.0,Sodiumcurcuminate,False,,,,,,8.0,,,,,COC1=C(C=CC(=C1)/C=C/C(=O)CC(=O)/C=C\C2=CC(=C(C=C2)[O-])OC)[O-].[Na+].[Na+],,,,,,,,98.7,0.0,2.0,,,
-7.721205827906978,0.3611111111111111,0.0,0.0,0.0,True,71457832,,,,,,Terpecurcumin A,"TERPECURCUMIN A|(1E,4Z,6E)-5-hydroxy-1-(4-hydroxy-3-methoxyphenyl)-7-(4-((1R,4S,6R)-4-hydroxy-3-methyl-6-((2S)-6-methylhept-5-en-2-yl)cyclohex-2-en-1-yl)oxy-3-methoxyphenyl)hepta-1,4,6-trien-3-one|(1E,4Z,6E)-5-hydroxy-1-(4-hydroxy-3-methoxyphenyl)-7-[4-[(1R,4S,6R)-4-hydroxy-3-methyl-6-[(2S)-6-methylhept-5-en-2-yl]cyclohex-2-en-1-yl]oxy-3-methoxyphenyl]hepta-1,4,6-trien-3-one|CHEMBL2207415",1.0,cmaup_ingredients;pubchem,,4.0,3.0,,,,,588.309,0.0,,,,,43.0,7.0,3.0,4:a3c7de2d-eea1-4c9a-bf12-e82557131610:133997,"InChI=1S/C36H44O7/c1-23(2)8-7-9-24(3)30-22-32(40)25(4)18-34(30)43-33-17-13-27(20-36(33)42-6)11-15-29(38)21-28(37)14-10-26-12-16-31(39)35(19-26)41-5/h8,10-21,24,30,32,34,38-40H,7,9,22H2,1-6H3/b14-10+,15-11+,29-21-/t24-,30+,32-,34-/m0/s1",KSKMJXRSPAQZMX-WXJREWSDSA-N,False,0.0,"(1E,4Z,6E)-5-hydroxy-1-(4-hydroxy-3-methoxyphenyl)-7-[4-[(1R,4S,6R)-4-hydroxy-3-methyl-6-[(2S)-6-methylhept-5-en-2-yl]cyclohex-2-en-1-yl]oxy-3-methoxyphenyl]hepta-1,4,6-trien-3-one",,Phytochemical,Phytochemical,,4.705,-5.249,1040.0,C36H44O7,,588.7,588.309,3.0,Terpecurcumin A,False,,,,,,13.0,,,,,CC1=C[C@@H]([C@H](C[C@@H]1O)[C@@H](C)CCC=C(C)C)OC2=C(C=C(C=C2)/C=C/C(=C/C(=O)/C=C/C3=CC(=C(C=C3)O)OC)/O)OC,,,,,,,,105.0,4.0,3.0,,,7.7
-7.721205827906978,0.3611111111111111,0.0,0.0,0.0,True,71459743,,,,,,Terpecurcumin B,"TERPECURCUMIN B|(1E,4Z,6E)-5-hydroxy-1-(4-hydroxy-3-methoxyphenyl)-7-[4-[(1S,4R,5R)-4-hydroxy-2-methyl-5-[(2S)-6-methylhept-5-en-2-yl]cyclohex-2-en-1-yl]oxy-3-methoxyphenyl]hepta-1,4,6-trien-3-one|(1E,4Z,6E)-5-hydroxy-1-(4-hydroxy-3-methoxyphenyl)-7-(4-((1S,4R,5R)-4-hydroxy-2-methyl-5-((2S)-6-methylhept-5-en-2-yl)cyclohex-2-en-1-yl)oxy-3-methoxyphenyl)hepta-1,4,6-trien-3-one|CHEMBL2207414|CHEBI:188860",1.0,cmaup_ingredients;pubchem,,4.0,3.0,,,,,588.309,0.0,,,,,43.0,7.0,3.0,4:a3c7de2d-eea1-4c9a-bf12-e82557131610:134016,"InChI=1S/C36H44O7/c1-23(2)8-7-9-24(3)30-22-34(25(4)18-32(30)40)43-33-17-13-27(20-36(33)42-6)11-15-29(38)21-28(37)14-10-26-12-16-31(39)35(19-26)41-5/h8,10-21,24,30,32,34,38-40H,7,9,22H2,1-6H3/b14-10+,15-11+,29-21-/t24-,30+,32-,34-/m0/s1",WLFPRMQOFUMWBP-WXJREWSDSA-N,False,0.0,"(1E,4Z,6E)-5-hydroxy-1-(4-hydroxy-3-methoxyphenyl)-7-[4-[(1S,4R,5R)-4-hydroxy-2-methyl-5-[(2S)-6-methylhept-5-en-2-yl]cyclohex-2-en-1-yl]oxy-3-methoxyphenyl]hepta-1,4,6-trien-3-one",,Phytochemical,Phytochemical,,4.658,-5.585,1040.0,C36H44O7,,588.7,588.309,3.0,Terpecurcumin B,False,,,,,,13.0,,,,,CC1=C[C@@H]([C@H](C[C@@H]1OC2=C(C=C(C=C2)/C=C/C(=C/C(=O)/C=C/C3=CC(=C(C=C3)O)OC)/O)OC)[C@@H](C)CCC=C(C)C)O,,,,,,,,105.0,4.0,3.0,,,7.7
-7.910205827906978,0.3611111111111111,0.0,0.0,0.0,True,71450688,,,,,,Terpecurcumin C,"TERPECURCUMIN C|(1E,4Z,6E)-5-hydroxy-1-(4-hydroxy-3-methoxyphenyl)-7-(4-((1S,2R,5R)-2-hydroxy-2-methyl-5-((2S)-6-methylhept-5-en-2-yl)cyclohex-3-en-1-yl)oxy-3-methoxyphenyl)hepta-1,4,6-trien-3-one|(1E,4Z,6E)-5-hydroxy-1-(4-hydroxy-3-methoxyphenyl)-7-[4-[(1S,2R,5R)-2-hydroxy-2-methyl-5-[(2S)-6-methylhept-5-en-2-yl]cyclohex-3-en-1-yl]oxy-3-methoxyphenyl]hepta-1,4,6-trien-3-one|CHEMBL2207413",1.0,cmaup_ingredients;pubchem,,4.0,3.0,,,,,588.309,0.0,,,,,43.0,7.0,3.0,4:a3c7de2d-eea1-4c9a-bf12-e82557131610:133932,"InChI=1S/C36H44O7/c1-24(2)8-7-9-25(3)28-18-19-36(4,40)35(22-28)43-32-17-13-27(21-34(32)42-6)11-15-30(38)23-29(37)14-10-26-12-16-31(39)33(20-26)41-5/h8,10-21,23,25,28,35,38-40H,7,9,22H2,1-6H3/b14-10+,15-11+,30-23-/t25-,28+,35-,36+/m0/s1",BLSJJGBHGVBYHF-XYHBIZDZSA-N,False,0.0,"(1E,4Z,6E)-5-hydroxy-1-(4-hydroxy-3-methoxyphenyl)-7-[4-[(1S,2R,5R)-2-hydroxy-2-methyl-5-[(2S)-6-methylhept-5-en-2-yl]cyclohex-3-en-1-yl]oxy-3-methoxyphenyl]hepta-1,4,6-trien-3-one",,Phytochemical,Phytochemical,,4.437,-5.72,1040.0,C36H44O7,,588.7,588.309,3.0,Terpecurcumin C,False,,,,,,13.0,,,,,C[C@@H](CCC=C(C)C)[C@H]1C[C@@H]([C@](C=C1)(C)O)OC2=C(C=C(C=C2)/C=C/C(=C/C(=O)/C=C/C3=CC(=C(C=C3)O)OC)/O)OC,,,,,,,,105.0,4.0,3.0,,,8.0
-7.110206981818185,0.3333333333333333,0.0,0.0,0.0,True,71454270,,,,,,Terpecurcumin D,"TERPECURCUMIN D|(6S)-6-((1R,4R,5S)-4-hydroxy-5-(4-((1E,3Z,6E)-3-hydroxy-7-(4-hydroxy-3-methoxyphenyl)-5-oxohepta-1,3,6-trienyl)-2-methoxyphenoxy)-4-methylcyclohex-2-en-1-yl)-2-methylhept-2-en-4-one|(6S)-6-[(1R,4R,5S)-4-hydroxy-5-[4-[(1E,3Z,6E)-3-hydroxy-7-(4-hydroxy-3-methoxyphenyl)-5-oxohepta-1,3,6-trienyl]-2-methoxyphenoxy]-4-methylcyclohex-2-en-1-yl]-2-methylhept-2-en-4-one|CHEMBL2207412",1.0,cmaup_ingredients;pubchem,,4.0,3.0,,,,,602.288,0.0,,,,,44.0,8.0,3.0,4:a3c7de2d-eea1-4c9a-bf12-e82557131610:133969,"InChI=1S/C36H42O8/c1-23(2)17-30(39)18-24(3)27-15-16-36(4,41)35(21-27)44-32-14-10-26(20-34(32)43-6)8-12-29(38)22-28(37)11-7-25-9-13-31(40)33(19-25)42-5/h7-17,19-20,22,24,27,35,38,40-41H,18,21H2,1-6H3/b11-7+,12-8+,29-22-/t24-,27+,35-,36+/m0/s1",XGDDFXUHYBAVSO-SYUFGHMDSA-N,False,0.0,"(6S)-6-[(1R,4R,5S)-4-hydroxy-5-[4-[(1E,3Z,6E)-3-hydroxy-7-(4-hydroxy-3-methoxyphenyl)-5-oxohepta-1,3,6-trienyl]-2-methoxyphenoxy]-4-methylcyclohex-2-en-1-yl]-2-methylhept-2-en-4-one",,Phytochemical,Phytochemical,,,,1120.0,C36H42O8,,602.7,602.288,,Terpecurcumin D,False,,,,,,13.0,,,,,C[C@@H](CC(=O)C=C(C)C)[C@H]1C[C@@H]([C@](C=C1)(C)O)OC2=C(C=C(C=C2)/C=C/C(=C/C(=O)/C=C/C3=CC(=C(C=C3)O)OC)/O)OC,,,,,,,,123.0,4.0,3.0,,,6.6
-7.910205827906978,0.3611111111111111,0.0,0.0,0.0,True,71459742,,,,,,Terpecurcumin E,TERPECURCUMIN E|CHEMBL2207411,1.0,cmaup_ingredients;pubchem,,4.0,3.0,,,,,588.309,0.0,,,,,43.0,7.0,3.0,4:a3c7de2d-eea1-4c9a-bf12-e82557131610:134015,"InChI=1S/C36H44O7/c1-24(2)8-7-9-25(3)28-18-19-36(4,35(40)22-28)43-32-17-13-27(21-34(32)42-6)11-15-30(38)23-29(37)14-10-26-12-16-31(39)33(20-26)41-5/h8,10-21,23,25,28,35,38-40H,7,9,22H2,1-6H3/b14-10+,15-11+,30-23-/t25-,28+,35-,36+/m0/s1",GDCIFFCZWAMXLE-XYHBIZDZSA-N,False,0.0,"(1E,4Z,6E)-5-hydroxy-1-(4-hydroxy-3-methoxyphenyl)-7-[4-[(1R,4R,6S)-6-hydroxy-1-methyl-4-[(2S)-6-methylhept-5-en-2-yl]cyclohex-2-en-1-yl]oxy-3-methoxyphenyl]hepta-1,4,6-trien-3-one",,Phytochemical,Phytochemical,,4.445,-5.118,1040.0,C36H44O7,,588.7,588.309,3.0,Terpecurcumin E,False,,,,,,13.0,,,,,C[C@@H](CCC=C(C)C)[C@H]1C[C@@H]([C@](C=C1)(C)OC2=C(C=C(C=C2)/C=C/C(=C/C(=O)/C=C/C3=CC(=C(C=C3)O)OC)/O)OC)O,,,,,,,,105.0,4.0,3.0,,,8.0
-7.110206981818185,0.3333333333333333,0.0,0.0,0.0,True,71450687,,,,,,Terpecurcumin F,TERPECURCUMIN F|CHEMBL2207410,1.0,cmaup_ingredients;pubchem,,4.0,3.0,,,,,602.288,0.0,,,,,44.0,8.0,3.0,4:a3c7de2d-eea1-4c9a-bf12-e82557131610:133931,"InChI=1S/C36H42O8/c1-23(2)17-30(39)18-24(3)27-15-16-36(4,35(41)21-27)44-32-14-10-26(20-34(32)43-6)8-12-29(38)22-28(37)11-7-25-9-13-31(40)33(19-25)42-5/h7-17,19-20,22,24,27,35,38,40-41H,18,21H2,1-6H3/b11-7+,12-8+,29-22-/t24-,27+,35-,36+/m0/s1",FTHMLKSJOOGJQB-SYUFGHMDSA-N,False,0.0,"(6S)-6-[(1R,4R,5S)-5-hydroxy-4-[4-[(1E,3Z,6E)-3-hydroxy-7-(4-hydroxy-3-methoxyphenyl)-5-oxohepta-1,3,6-trienyl]-2-methoxyphenoxy]-4-methylcyclohex-2-en-1-yl]-2-methylhept-2-en-4-one",,Phytochemical,Phytochemical,,,,1120.0,C36H42O8,,602.7,602.288,,Terpecurcumin F,False,,,,,,13.0,,,,,C[C@@H](CC(=O)C=C(C)C)[C@H]1C[C@@H]([C@](C=C1)(C)OC2=C(C=C(C=C2)/C=C/C(=C/C(=O)/C=C/C3=CC(=C(C=C3)O)OC)/O)OC)O,,,,,,,,123.0,4.0,3.0,,,6.6
-7.699005827906978,0.3611111111111111,0.0,0.0,0.0,True,71461465,,,,,,Terpecurcumin H,TERPECURCUMIN H|CHEMBL2207408,1.0,cmaup_ingredients;pubchem,,4.0,3.0,,,,,588.309,0.0,,,,,43.0,7.0,4.0,4:a3c7de2d-eea1-4c9a-bf12-e82557131610:134031,"InChI=1S/C36H44O7/c1-22(2)8-7-9-23(3)29-21-33(40)24(4)16-30(29)31-17-26(19-35(43-6)36(31)41)11-14-28(38)20-27(37)13-10-25-12-15-32(39)34(18-25)42-5/h8,10-20,23,29-30,33,38-41H,7,9,21H2,1-6H3/b13-10+,14-11+,28-20-/t23-,29+,30-,33-/m0/s1",CKMRYCCFNVCXEC-UDKFSTSTSA-N,False,0.0,"(1E,4Z,6E)-5-hydroxy-7-[4-hydroxy-3-[(1R,4S,6R)-4-hydroxy-3-methyl-6-[(2S)-6-methylhept-5-en-2-yl]cyclohex-2-en-1-yl]-5-methoxyphenyl]-1-(4-hydroxy-3-methoxyphenyl)hepta-1,4,6-trien-3-one",,Phytochemical,Phytochemical,,4.373,-4.737,1050.0,C36H44O7,,588.7,588.309,3.0,Terpecurcumin H,False,,,,,,12.0,,,,,CC1=C[C@@H]([C@H](C[C@@H]1O)[C@@H](C)CCC=C(C)C)C2=C(C(=CC(=C2)/C=C/C(=C/C(=O)/C=C/C3=CC(=C(C=C3)O)OC)/O)OC)O,,,,,,,,116.0,4.0,3.0,,,7.6
-7.6172066279069774,0.3333333333333333,0.0,0.0,0.0,True,71459741,,,,,,Terpecurcumin I,TERPECURCUMIN I|CHEMBL2207407,1.0,cmaup_ingredients;pubchem,,3.0,3.0,,,,,586.293,0.0,,,,,43.0,7.0,3.0,4:a3c7de2d-eea1-4c9a-bf12-e82557131610:134014,"InChI=1S/C36H42O7/c1-22(2)15-29(39)17-24(4)30-13-7-23(3)16-31(30)32-18-26(20-35(43-6)36(32)41)9-12-28(38)21-27(37)11-8-25-10-14-33(40)34(19-25)42-5/h8-12,14-16,18-21,24,30-31,38,40-41H,7,13,17H2,1-6H3/b11-8+,12-9+,28-21-/t24-,30+,31-/m0/s1",AYLFWCSLEMSJJA-ZXRBFCLPSA-N,False,0.0,"(6S)-6-[(1R,2R)-2-[2-hydroxy-5-[(1E,3Z,6E)-3-hydroxy-7-(4-hydroxy-3-methoxyphenyl)-5-oxohepta-1,3,6-trienyl]-3-methoxyphenyl]-4-methylcyclohex-3-en-1-yl]-2-methylhept-2-en-4-one",,Phytochemical,Phytochemical,,4.359,-5.104,1090.0,C36H42O7,,586.7,586.293,3.0,Terpecurcumin I,False,,,,,,12.0,,,,,CC1=C[C@@H]([C@H](CC1)[C@@H](C)CC(=O)C=C(C)C)C2=C(C(=CC(=C2)/C=C/C(=C/C(=O)/C=C/C3=CC(=C(C=C3)O)OC)/O)OC)O,,,,,,,,113.0,3.0,3.0,,,7.5
-3.588174288888889,0.3333333333333333,1.0,0.0,0.0,True,124072,Diarylheptanoids,,,,,Tetrahydrocurcumin,"Tetrahydrocurcumin|36062-04-1|1,7-bis(4-hydroxy-3-methoxyphenyl)heptane-3,5-dione|Sabiwhite|Tetrahydro Curcumin|Tetrahydrodiferuloylmethane|1,7-Bis(4-hydroxy-3-methoxyphenyl)-3,5-heptanedione|3,5-Heptanedione, 1,7-bis(4-hydroxy-3-methoxyphenyl)-|NSC 687845|CHEBI:67263|UNII-00U0645U03|MFCD04152347|NSC-687845|CHEMBL318743|DTXSID30865801|EC 609-201-3|NSC687845|00U0645U03|Tetrahydrocucumin|Tetrahydrocurcumin (Standard)|SCHEMBL284877|Tetrahydro curcumin - Natural|Tetrahydro curcumin, Synthetic|HY-N0893R|TETRAHYDROCURCUMIN [INCI]|3,5-Heptamedopme. 1,7-bis(hydroxy-3methoxyphenyl)heptane|DTXCID40814168|BP_37|BCP18621|HY-N0893|MSK40223|BDBM50059985|s3917|Tetrahydrocurcumin, >=96% (HPLC)|AKOS015999950|Tetrahydrocurcumin, analytical standard|CCG-268326|CS-3739|FT28087|TETRAHYDRODIFERULOYLMETHANE [INCI]|AC-24240|AS-13957|DA-58439|FT146193|SY047647|NS00003846|EN300-7372534|AP-123/42300632|Q27135730|1,7-bis(4-hydroxy-3-methoxy-phenyl)heptane-3,5-dione|1,7-Bis-(4-hydroxy-3-methoxy-phenyl)-heptane-3,5-dione|TetrahydrocurcuminSabiwhite|Tetrahydro Curcumin|Tetrahydrodiferuloylmethane|1,7-Bis(4-hydroxy-3-methoxyphenyl)-3,5-heptanedione|HZIV 81-2|NSC 687845|Aids110028|Aids-110028|Aids 110028 pound>>Tetrahydrodiferuloylmethane pound>>HZIV 81-2|609-201-3",1.0,cmaup_ingredients;fooddb_chem_all;hmdb_chem_all;npass_chem_all;pubchem,,0.0,0.0,"Tetrahydrocurcumin (THC), one of the major metabolites of curcumin, exhibits many of the same physiologic and pharmacological activities as curcumin and in some systems may exert greater antioxidant activity than curcumin (PMID: 16061427). Tetrahydrocurcumin is found in turmeric.",,,,372.157,0.0,,,,,27.0,6.0,2.0,4:a3c7de2d-eea1-4c9a-bf12-e82557131610:41803,"InChI=1S/C21H24O6/c1-26-20-11-14(5-9-18(20)24)3-7-16(22)13-17(23)8-4-15-6-10-19(25)21(12-15)27-2/h5-6,9-12,24-25H,3-4,7-8,13H2,1-2H3",LBTVHXHERHESKG-UHFFFAOYSA-N,False,0.0,"1,7-bis(4-hydroxy-3-methoxyphenyl)heptane-3,5-dione",Organic compounds,Phytochemical,Phytochemical,,1.878,-2.496,437.0,C21H24O6,Aromatic homomonocyclic compounds,372.4,372.157,2.0,Tetrahydrocurcumin,False,,,,,,10.0,,,,,COC1=C(C=CC(=C1)CCC(=O)CC(=O)CCC2=CC(=C(C=C2)O)OC)O,Solid,Linear diarylheptanoids,"Curcumin|Gingerdione|Methoxyphenol|Methoxybenzene|Phenol ether|Anisole|1,3-diketone|Phenol|Alkyl aryl ether|Benzenoid|1,3-dicarbonyl compound|Monocyclic benzene moiety|Ketone|Ether|Hydrocarbon derivative|Organooxygen compound|Carbonyl group|Aromatic homomonocyclic compound",Phenylpropanoids and polyketides,"1,7-bis(4-hydroxy-3-methoxyphenyl)-3,5-Heptanedione|3,5-Heptanedione, 1,7-bis(4-hydroxy-3-methoxyphenyl)-|1,7-Bis(4-hydroxy-3-methoxyphenyl)-3,5-heptanedione",NPT570,Curcuminoids,93.1,0.0,0.0,Q7ZJM1|O42275|P18054|P09917|Q04206|P40763|Q9H255,,2.8
-3.865172688888889,0.4285714285714285,0.0,0.0,0.0,False,13888133,,,,,,meso-Octahydrocurcumin,meso-Octahydrocurcumin|CHEMBL463199|EX-A9631|153381-09-0,1.0,cmaup_ingredients;npass_chem_all;pubchem,,2.0,0.0,,,,,376.189,0.0,,,,,27.0,6.0,4.0,4:a3c7de2d-eea1-4c9a-bf12-e82557131610:76677,"InChI=1S/C21H28O6/c1-26-20-11-14(5-9-18(20)24)3-7-16(22)13-17(23)8-4-15-6-10-19(25)21(12-15)27-2/h5-6,9-12,16-17,22-25H,3-4,7-8,13H2,1-2H3/t16-,17+",OELMAFBLFOKZJD-CALCHBBNSA-N,False,0.0,"(3R,5S)-1,7-bis(4-hydroxy-3-methoxyphenyl)heptane-3,5-diol",,Phytochemical,Phytochemical,,2.639,-3.988,370.0,C21H28O6,,376.4,376.189,2.0,meso-Octahydrocurcumin,False,,,,,,10.0,,,,,COC1=C(C=CC(=C1)CC[C@H](C[C@H](CCC2=CC(=C(C=C2)O)OC)O)O)O,,,,,,,,99.4,2.0,0.0,,,3.2
-2.4126702,0.5,1.0,0.0,0.0,True,439570,Prenol lipids,,,,,"Carvone, (-)-","(-)-Carvone|6485-40-1|l-Carvone|(R)-(-)-Carvone|L(-)-Carvone|(R)-2-Methyl-5-(prop-1-en-2-yl)cyclohex-2-enone|(R)-Carvone|Levo-carvone|R-(-)-Carvone|(4R)-Carvone|2-Cyclohexen-1-one, 2-methyl-5-(1-methylethenyl)-, (5R)-|Carvone, (-)-|(-)-(R)-Carvone|(-)-p-Mentha-6,8-dien-2-one|l-Carvone (natural)|CHEBI:15400|(5R)-2-methyl-5-(prop-1-en-2-yl)cyclohex-2-en-1-one|(-)-(4R)-carvone|l-p-Mentha-1(6),8-dien-2-one|UNII-5TO7X34D3D|l-1-Methyl-4-isopropenyl-6-cyclohexen-2-one|MFCD00001578|5TO7X34D3D|(R)-(-)-p-Mentha-6,8-dien-2-one|l-6,8(9)-p-Menthadien-2-one|(R)-2-Methyl-5-(1-methylethenyl)-2-cyclohexen-1-one|CARVONE, L-|EINECS 229-352-5|(4R)-(-)-Carvone|p-Mentha-6,8-dien-2-one, (-)-|Carvol|AI3-36200|(R)-5-Isopropenyl-2-methyl-2-cyclohexenone|DTXSID7041413|EC 229-352-5|(R)-5-isopropenyl-2-methylcyclohex-2-en-1-one|(5R)-2-methyl-5-(1-methylethenyl)-2-cyclohexen-1-one|(5R)-2-methyl-5-prop-1-en-2-ylcyclohex-2-en-1-one|(4R)-p-mentha-1(6),8-dien-2-one|FEMA NO. 2249, (-)-|p-Mentha-6,8-dien-2-one, (R)-(-)-|2-Cyclohexen-1-one, 2-methyl-5-(1-methylethenyl)-, (R)-|(R)-2-methyl-5-(prop-1-en-2-yl)cyclohex-2-en-1-one|2-Cyclohexen-1-one, 2-methyl-5-(1-methylethenyl)-, (theta)-|r-carvone|(l)-carvone|07V|(+) Carvone|CARVONE L-FORM|CARVONE [FHFI]|(-)-Carvone (Standard)|bmse000500|Epitope ID:141509|CARVONE L-FORM [MI]|(5R)-5-isopropenyl-2-methyl-cyclohex-2-en-1-one|SCHEMBL230994|(-)-CARVONE [FCC]|CHEMBL2229268|DTXCID5021413|(R)-(-)-Carvone, 98%|L-Carvone, natural, 99%, FG|(-)-Carvone, analytical standard|(R)-p-mentha-6,8-dien-2-one|HY-W017423R|L-Carvone, >=97%, FCC, FG|Tox21_300931|AKOS006343214|CS-W018139|HY-W017423|LMPR0102090007|NCGC00248214-01|NCGC00254833-01|AC-13342|FM142896|CAS-6485-40-1|(R)-CARVONE (CONSTITUENT OF MYRRH)|NS00095818|C01767|D70933|EN300-298834|(R)-(-)- P-MENTHA-6,8-DIEN-2-ONE|(R)-CARVONE (CONSTITUENT OF MYRRH) [DSC]|(-)-Carvone, primary pharmaceutical reference standard|(R)-5-Isopropenyl-2-methyl-2-cyclohexenone, Carvol|Q27089417|2-Methyl-5-(1-methylethenyl)-(R)-2-Cyclohexen-1-one|Z1201618601|(R)-2-METHYL-5-(1- METHYLETHENYL)-2-CYCLOHEXEN-1-ONE|229-352-5",1.0,cmaup_ingredients;fooddb_chem_all;hmdb_chem_all;npass_chem_all;pubchem,,1.0,0.0,"Constituent of spearmint (Mentha crispa) costmary, kuromoji and other oils. Flavouring ingredient    Carvone is a volatile terpenoid. Carvone is found in many essential oils and is very abundant in the seeds of caraway (Carum carvi). Carvone is occasionally found as a component of biological fluids in normal individuals. Caraway was used for medicinal purposes by the ancient Romans, but carvone was probably not isolated as a pure compound until Varrentrapp obtained it in1841. (PMID: 5556886, 2477620, Wikipedia)",,,,150.104,0.0,,,,,11.0,1.0,0.0,4:a3c7de2d-eea1-4c9a-bf12-e82557131610:104707,"InChI=1S/C10H14O/c1-7(2)9-5-4-8(3)10(11)6-9/h4,9H,1,5-6H2,2-3H3/t9-/m1/s1",ULDHMXUKGWMISQ-SECBINFHSA-N,False,0.0,(5R)-2-methyl-5-prop-1-en-2-ylcyclohex-2-en-1-one,Organic compounds,Phytochemical,Phytochemical,,1.278,-1.68,223.0,C10H14O,Aliphatic homomonocyclic compounds,150.22,150.104,1.0,"Carvone, (-)-",False,,,,,,1.0,,,,,CC1=CC[C@H](CC1=O)C(=C)C,Liquid,Monoterpenoids,Menthane monoterpenoid|Monocyclic monoterpenoid|Cyclic ketone|Ketone|Hydrocarbon derivative|Organooxygen compound|Carbonyl group|Aliphatic homomonocyclic compound,Lipids and lipid-like molecules,"(-)-(4R)-Carvone|(-)-(r)-carvone|(-)-carvone|(-)-p-Mentha-6,8-dien-2-one|(4R)-(-)-Carvone|(4R)-Carvone|(5R)-2-Methyl-5-(1-methylethenyl)-2-cyclohexen-1-one|(R)-(-)-Carvone|(R)-(-)-P-Mentha-6,8-dien-2-one|(R)-2-Methyl-5-(1-methylethenyl)-2-cyclohexen-1-one|(R)-5-Isopropenyl-2-methylcyclohex-2-en-1-one|(r)-carvone|2-Cyclohexen-1-one, 2-methyl-5-(1-methylethenyl)-, (R)-|2-Methyl-5-(1-methylethenyl)-(R)-2-cyclohexen-1-one|L-1-Methyl-4-isopropenyl-6-cyclohexen-2-one|L-Carvone|L-P-Mentha-1(6),8-dien-2-one|L(-)-carvone|Levo-carvone|p-Mentha-6,8-dien-2-one, (R)-(-)-|(+)-(4S)-carvone|(+)-(s)-carvone|(+)-carvon|(+)-carvone|(4S)-carvone|(4S)-p-mentha-1(6),8-dien-2-one|(5S)-2-methyl-5-(1-methylethenyl)-2-cyclohexen-1-one|(5S)-2-methyl-5-(1-methylethenyl)cyclohex-2-en-1-one|(5S)-2-methyl-5-(prop-1-en-2-yl)cyclohex-2-en-1-one|(s)-(+)-carvone|(S)-(+)-p-mentha-6,8-dien- 2-one|(S)-(+)-p-mentha-6,8-dien-2-one|(S)-2-methyl-5-(1-methylethenyl)-2-cyclohexen-1-one|(S)-2-methyl-5-(1-methylvinyl)cyclohex-2-en-1-one|(S)-5-Isopropenyl-2-methyl-2-cyclohexenone|(S)-5-isopropenyl-2-methylcyclohex-2-en-1-one|(s)-carvone|(S)-d-p-Mentha-6,8,(9)-dien-2-one|2-Cyclohexen-1-one, 2-methyl-5-(1-methylethenyl)-, (5S)-|2-Cyclohexen-1-one, 2-methyl-5-(1-methylethenyl)-, (S)-|Carvone, (+)-|D-(+)-carvone|d-1-Methyl-4-isopropenyl-6-cyclohexen-2-one|D-carvone|D-p-mentha-6,8,(9)-dien-2-one|D-P-Mentha-6,8(9)-dien-2-one|D(+)-carvone|p-Mentha-6,8-dien-2-one, (S)-(+)-|(-)-(R)-Carvone|L-p-Mentha-1(6),8-dien-2-one|(-)-Carvone|L(-)-Carvone",,Menthane monoterpenoids,17.1,1.0,0.0,P10275,,2.4
-3.9249055636363632,0.2105263157894736,1.0,0.0,0.0,False,49831652,,,,,,"1,7-Bis(4-hydroxyphenyl)hept-6-en-3-one","1251830-57-5|1,7-Bis(4-hydroxyphenyl)hept-6-en-3-one|(6E)-1,7-Bis(4-hydroxyphenyl)-6-hepten-3-one|(E)-1,7-bis(4-hydroxyphenyl)hept-6-en-3-one|CHEBI:70698|(E)-1,7-bis(4-hydroxyphenyl)-6-hepten-3-one|6-Hepten-3-one, 1,7-bis(4-hydroxyphenyl)-, (6E)-|CHEMBL1270155|HY-N0997|AKOS025288815|DA-59536|1?7-Bis(4-hydroxyphenyl)hept-6-en-3-one|CS-0016233|(6E)-1,7-bis(4-hydroxyphenyl)hept-6-en-3-one|Q27139029",1.0,cmaup_ingredients;npass_chem_all;pubchem,,0.0,1.0,,,,,296.141,0.0,,,,,22.0,3.0,2.0,4:a3c7de2d-eea1-4c9a-bf12-e82557131610:115543,"InChI=1S/C19H20O3/c20-17(10-7-16-8-13-19(22)14-9-16)4-2-1-3-15-5-11-18(21)12-6-15/h1,3,5-6,8-9,11-14,21-22H,2,4,7,10H2/b3-1+",PDFRZPRYDQDKCQ-HNQUOIGGSA-N,False,0.0,"(E)-1,7-bis(4-hydroxyphenyl)hept-6-en-3-one",,Phytochemical,Phytochemical,,3.085,-2.948,348.0,C19H20O3,,296.4,296.141,2.0,"1,7-Bis(4-hydroxyphenyl)hept-6-en-3-one",False,,,,,,7.0,,,,,C1=CC(=CC=C1CCC(=O)CC/C=C/C2=CC=C(C=C2)O)O,,,,,,,,57.5,0.0,1.0,O42713|n.a.,,3.7
-3.5089064,0.8666666666666667,1.0,1.0,1.0,True,91457,,Prenol lipids,Organic compounds,Sesquiterpenoids,Lipids and lipid-like molecules,beta-EUDESMOL,"beta-Eudesmol|473-15-4|beta-Selinenol|Eudesm-4(14)-en-11-ol|CHEBI:10417|.beta.-Eudesmol|UNII-6R61524P48|6R61524P48|.beta.-Selinenol|(2R,4aR,8aS)-Decahydro-8-methylene-alpha,alpha,4a-trimethyl-2-naphthylmethanol|b-eudesmol|2-((2R,4aR,8aS)-4a-methyl-8-methylenedecahydronaphthalen-2-yl)propan-2-ol|2-Naphthalenemethanol, decahydro-.alpha.,.alpha.,4a-trimethyl-8-methylene-, (2R,4aR,8aS)-|2-[(2R,4aR,8aS)-4a-methyl-8-methylidene-1,2,3,4,5,6,7,8a-octahydronaphthalen-2-yl]propan-2-ol|2-Naphthalenemethanol, decahydro-8-methylene-alpha,alpha,4a-trimethyl-, (2R-(2-alpha,4a-alpha,8a-beta)-|2-[(2R,4aR,8aS)-4a-methyl-8-methylidenedecahydronaphthalen-2-yl]propan-2-ol|(+)-beta-EUDESMOL|-eudesmol|beta -Eudesmol|2-((2R,4aR,8aS)-4a-methyl-8-methylidenedecahydronaphthalen-2-yl)propan-2-ol|2-Naphthalenemethanol, 1,2.alpha.,3,4,4a,5,6,7,8,8a.alpha.-decahydro-.alpha.,.alpha.,4a.beta.-trimethyl-8-methylene-|C09664|beta-EUDESMOL, (+)-|CHEMBL88244|SCHEMBL310604|(+)-.BETA.-EUDESMOL|beta-Eudesmol, >=90% (GC)|DTXSID60883391|.BETA.-EUDESMOL, (+)-|2-NAPHTHALENEMETHANOL, DECAHYDRO-.ALPHA.,.ALPHA.,4A-TRIMETHYL-8-METHYLENE-, (2R-(2.ALPHA.,4A.ALPHA.,8A.BETA.))-|2-Naphthalenemethanol, decahydro-.alpha.,.alpha.,4a-trimethyl-8-methylene-, [2R-(2.alpha.,4a.alpha.,8a.beta.)]-|HY-N6018|BDBM50529606|AKOS030254844|FE65918|2-Naphthalenemethanol, decahydro-alpha,alpha,4a-trimethyl-8-methylene-, (2R,4aR,8aS)-|DA-71434|MS-23247|CS-0032182|NS00094764|Q27108630|(2R,4aR,8aS)-Decahydro-?,?,4a-trimethyl-8-methylene-2-naphthalenemethanol|2-Naphthalenemethanol, 1,2alpha,3,4,4a,5,6,7,8,8aalpha-decahydro-alpha,alpha,4abeta-trimethyl-8-methylene-|2-NAPHTHALENEMETHANOL, DECAHYDRO-alpha,alpha,4A-TRIMETHYL-8-METHYLENE-, (2R-(2alpha,4Aalpha,8Abeta))-",1.0,cmaup_ingredients;fooddb_chem_all;imppat_phytochem;npass_chem_all;pubchem,C=CCCC[C@][C@H]6C[C@@H]CC6))CO)C)C)))))C,3.0,0.0,"Beta-eudesmol, also known as beta-selinenol, is a member of the class of compounds known as eudesmane, isoeudesmane or cycloeudesmane sesquiterpenoids. Eudesmane, isoeudesmane or cycloeudesmane sesquiterpenoids are sesquiterpenoids with a structure based on the eudesmane skeleton. Beta-eudesmol is practically insoluble (in water) and an extremely weak acidic compound (based on its pKa). Beta-eudesmol is a green and wood tasting compound and can be found in a number of food items such as common walnut, sweet basil, ginkgo nuts, and burdock, which makes beta-eudesmol a potential biomarker for the consumption of these food products.",True,,Soluble,222.198,0.0,C=C(C)C|CO,True,True,True,16.0,1.0,1.0,4:a3c7de2d-eea1-4c9a-bf12-e82557131610:139520,"InChI=1S/C15H26O/c1-11-6-5-8-15(4)9-7-12(10-13(11)15)14(2,3)16/h12-13,16H,1,5-10H2,2-4H3/t12-,13+,15-/m1/s1",BOPIMTNSYWYZOC-VNHYZAJKSA-N,False,0.0,"2-[(2R,4aR,8aS)-4a-methyl-8-methylidene-1,2,3,4,5,6,7,8a-octahydronaphthalen-2-yl]propan-2-ol",,Phytochemical,Phytochemical,True,4.09,-3.551,292.0,C15H26O,,222.37,222.198,2.0,beta-EUDESMOL,False,Terpenoids,Eudesmane sesquiterpenoids,Sesquiterpenoids,,False,1.0,CC1CCCC2CCCCC12,C=C1CCCC2CCCCC12,CC1CCCC2CCCCC12,Soluble,C[C@]12CCCC(=C)[C@@H]1C[C@@H](CC2)C(C)(C)O,,,,,"&beta|-eudesmol|&beta|-eudesmol (&beta|-selinenol)|&beta|-selinenol|beta-Eudesmol|Beta-selinenol|Eudesm-4(14)-en-11-ol|Eudesm-4(14)-en-11-ol (8CI)|b-eudesmol, beta cudesmol, beta eudesmol, beta-eudesmol, eudesm-4(14)-en-11-ol, eudesmol, beta, eudesmol, beta-, eudesmol,β-, pterocarpodiolone-beta-eudesmol, §-eudesmol, β- eudesmol, β-eudesmoi, β-eudesmol, β-eudesmol*",NPT346,,20.2,3.0,0.0,P25409|O75762,True,3.7
,,,,,True,5355856,,Fatty acyls,Organic compounds,Fatty alcohol esters,Lipids and lipid-like molecules,Geranyl butyrate,"Geranyl butyrate|106-29-6|3,7-Dimethylocta-2,6-dien-1-yl butyrate|Geraniol butyrate|Geranyl butanoate|Geranyl n-butyrate|Butanoic acid, (2E)-3,7-dimethyl-2,6-octadienyl ester|FEMA No. 2512|Butyric acid geranyl ester|Geranyl butyrate (natural)|Butanoic acid, 3,7-dimethyl-2,6-octadienyl ester, (E)-|AG 76|BUTYRIC ACID, 3,7-DIMETHYL-2,6-OCTADIENYL ESTER, (E)-|EINECS 203-381-3|69AVH8L7KL|NSC 46146|3,7-Dimethyl-2,6-octadienyl Butyrate|[(2E)-3,7-dimethylocta-2,6-dienyl] butanoate|DTXSID1047152|AI3-15359|2,6-Octadien-1-ol, 3,7-dimethyl-, butyrate, (E)-|(E)-3,7-Dimethyl-2,6-octadienyl butyrate|3,7-Dimethyl-2,6-octadienyl butyrate, (E)-|3,7-Dimethyl-2,6-octadienyl butanoate, (E)-|NSC-46146|NSC-70177|trans-3,7-Dimethyl-2,6-octadien-1-yl butyrate|3,7-Dimethyl-2,6-octadien-1-yl butanoate, trans-|GERANYL BUTYRATE [FCC]|GERANYL BUTYRATE [FHFI]|DTXCID9027152|2173-82-2|Butanoic acid, (2E)-3,7-dimethyl-2,6-octadien-1-yl ester|3,7-dimethyl-2,6-octadien-1-yl butyrate|WE(8:2(2E,6E)(3Me,7Me)/4:0)|3,7-Dimethyl-2,6-octadien-1-yl Butanoate||Butanoic acid,7-dimethyl-2,6-octadienyl ester, (E)-|Butyric acid,7-dimethyl-2,6-octadienyl ester, (E)-|UNII-69AVH8L7KL|MFCD00036538|Geranyl butyrate natural|n-Butyric acid, geranyl ester|SCHEMBL118465|SCHEMBL118466|CHEMBL3187344|CHEBI:196029|Geranyl butyrate, >=95%, FCC|NSC46146|NSC70177|Tox21_301108|LMFA07010616|3,7-Dimethyl-2,6-octadienylButyrate|AKOS015913959|Geranyl butyrate, natural, >=95%, FG|NCGC00248290-01|NCGC00255008-01|AS-64315|CAS-106-29-6|LS-14345|NS00012495|(2E)-3,7-Dimethyl-2,6-octadienyl butyrate #|(2E)-3,7-dimethylocta-2,6-dien-1-yl butanoate|Q10864413|3,7-Dimethylocta-2,6-dien-1-yl butyrate, mixture of isomers|Butanoic acid, 3,7-dimethyl-2,6-octadienyl ester, (E)-(9CI)|203-381-3",1.0,imppat_phytochem;npass_chem_all;pubchem,CCCC=O)OC/C=C/CCC=CC)C)))))C,0.0,1.0,,True,,Soluble,224.178,0.0,C/C=C(/C)C|CC=C(C)C|COC(C)=O,True,True,False,16.0,2.0,0.0,4:a3c7de2d-eea1-4c9a-bf12-e82557131610:123683,"InChI=1S/C14H24O2/c1-5-7-14(15)16-11-10-13(4)9-6-8-12(2)3/h8,10H,5-7,9,11H2,1-4H3/b13-10+",ZSBOMYJPSRFZAL-JLHYYAGUSA-N,False,0.0,"[(2E)-3,7-dimethylocta-2,6-dienyl] butanoate",,Phytochemical,Phytochemical,True,,,258.0,C14H24O2,,224.34,224.178,,Geranyl butyrate,False,"Fatty acids, Terpenoids","Acyclic monoterpenoids, Wax monoesters","Monoterpenoids, Fatty esters",,False,8.0,,,,Soluble,CCCC(=O)OC/C=C(\C)/CCC=C(C)C,,,,,"geranyl butanoate, geranyl butyrate, geranyl butyrate &lt|-n&gt|, geranyl n-butyrate, geranyl-n-butyrate",,,26.3,0.0,1.0,,True,4.3
-4.330308799999999,0.0555555555555555,1.0,0.0,0.0,True,1550890,,Cinnamic acids and derivatives,Organic compounds,Cinnamic acid esters,Phenylpropanoids and polyketides,Cinnamyl cinnamate,"Cinnamyl cinnamate|122-69-0|Styracin|Phenylallyl cinnamate|Cinnamyl alcohol, cinnamate|2-Propenoic acid, 3-phenyl-, 3-phenyl-2-propen-1-yl ester|3-Phenylallyl cinnamate|CINNAMIC ACID, CINNAMYL ESTER|FEMA No. 2298|Cinnamyl beta-phenylacrylate|3-Phenyl-2-propen-1-yl cinnamate|Cinnamyl cinnamate (natural)|(E)-cinnamyl (E)-cinnamate|CCRIS 904|NSC 46161|Cinnamylester kyseliny skoricove|40918-97-6|Cinnamyl cinnamate [MI]|Cinnamic Acid Cinnamyl Ester|Cinnamyl cinnamate [FCC]|Cinnamyl cinnamate [FHFI]|EINECS 204-566-1|Cinnamylester kyseliny skoricove [Czech]|AI3-02445|3-Phenyl-2-propen-1-yl 3-phenylpropenoate|3-Phenyl-2-propenyl 3-phenyl-2-propenoate|UNII-F1438569N2|[(E)-3-phenylprop-2-enyl] (E)-3-phenylprop-2-enoate|3-Phenyl allyl cinnamate|2-Propenoic acid, 3-phenyl-, 3-phenyl-2-propenyl ester|Cinnamyl cinnamate (E,E)-form [MI]|3-Phenyl-2-propen-1-yl 3-phenylacrylate|Cinnamyl .beta.-phenylacrylate|3-Phenyl-2-propen-1-yl 3-phenyl propenoate|F1438569N2|NSC-46161|(2E)-3-phenylprop-2-en-1-yl (2E)-3-phenylprop-2-enoate|2-Propenoic acid, 3-phenyl-, (2E)-3-phenyl-2-propen-1-yl ester, (2E)-|3-Phenyl-2-propenyl 3-phenyl-2-propenoate #|3-phenylprop-2-en-1-yl 3-phenylprop-2-enoate|Cinnamyl beta-phenyl acrylate|MFCD00037826|DTXSID7047647|Cinnamylcinnamate|Cinnamyl cinnamic acid|(2E)-3-Phenyl-2-propenyl (2E)-3-phenyl-2-propenoate|(2E)-3-phenylprop-2-en-1-yl (2Z)-3-phenylprop-2-enoate|(E)-Cinnamyl-(E)-Cinnamate|SCHEMBL112365|CHEMBL1095954|DTXCID5027647|2-Propenoic acid, 3-phenyl-, 3-phenyl-2-propenyl ester|Cinnamic acid, cinnamyl este|CHEBI:186898|CINNAIC ACID CINNAMYL ESTER|AAA12269|HY-N3588|Tox21_302485|BBL027931|STL382164|AKOS001579504|CINNAMYL CINNAMATE (E,E)-FORM|(E,E)-3-Phenylallyl 3-phenylacrylate|NCGC00256814-01|AS-70361|CAS-122-69-0|VS-08626|CS-0023900|NS00012096|D89335|SR-01000395290|SR-01000395290-1|Q27277496|Z19782580|(2E)-3-Phenylprop-2-en-1-yl (2Z)-3-phenylprop-2-enoic acid|204-566-1",1.0,cmaup_ingredients;imppat_phytochem;npass_chem_all;pubchem,O=C/C=C/cccccc6))))))))OC/C=C/cccccc6,0.0,2.0,,True,,Moderately soluble,264.115,0.0,c/C=C/C|c/C=C/C(=O)OC,True,True,True,20.0,2.0,0.0,4:a3c7de2d-eea1-4c9a-bf12-e82557131610:81629,"InChI=1S/C18H16O2/c19-18(14-13-17-10-5-2-6-11-17)20-15-7-12-16-8-3-1-4-9-16/h1-14H,15H2/b12-7+,14-13+",NQBWNECTZUOWID-MZXMXVKLSA-N,False,0.0,[(E)-3-phenylprop-2-enyl] (E)-3-phenylprop-2-enoate,,Phytochemical,Phytochemical,True,4.292,-4.703,331.0,C18H16O2,,264.3,264.115,2.0,Cinnamyl cinnamate,False,Shikimates and Phenylpropanoids,Cinnamic acids and derivatives,Phenylpropanoids (C6-C3),,False,6.0,CC(CCCCC1CCCCC1)CCC1CCCCC1,O=C(C=Cc1ccccc1)OCC=Cc1ccccc1,OC(CCC1CCCCC1)OCCCC1CCCCC1,Moderately soluble,C1=CC=C(C=C1)/C=C/COC(=O)/C=C/C2=CC=CC=C2,,,,,"cinnamyl cinnamate, cinnamyl cinnamate (styracin), cinnamyl-cinnamate",,,26.3,0.0,2.0,,True,4.4
-3.5892134,0.7333333333333333,1.0,0.0,0.0,True,11586487,,Prenol lipids,Organic compounds,Sesquiterpenoids,Lipids and lipid-like molecules,beta-Himachalene,"beta-Himachalene|1461-03-6|Himachalene|.beta.-Himachalene|(R)-beta-himachalene|(+)-.beta.-Himachalene|himachal-1(11),4-diene|F8Y2422O3M|(4aR)-3,5,5,9-tetramethyl-1,2,4a,6,7,8-hexahydrobenzo[7]annulene|(R)-2,4a,5,6,7,8-hexahydro-3,5,5,9-tetramethyl-1H-benzocycloheptene|(R)-3,5,5,9-Tetramethyl-2,4a,5,6,7,8-hexahydro-1H-benzo[7]annulene|(+)-2,4abeta,5,6,7,8-hexahydro-3,5,5,9-tetramethyl-1H-benzocycloheptene|(4aR)-3,5,5,9-tetramethyl-2,4a,5,6,7,8-hexahydro-1H-benzo[7]annulene|1H-Benzocycloheptene, 2,4a.beta.,5,6,7,8-hexahydro-3,5,5,9-tetramethyl-, (+)-|1H-Benzocycloheptene, 2,4a,5,6,7,8-hexahydro-3,5,5,9-tetramethyl-, (R)-|UNII-F8Y2422O3M|CHEBI:49208|LCOSCMLXPAQCLQ-AWEZNQCLSA-N|.BETA.-HIMACHALENE, (+)-|1H-Benzocycloheptene, 2,4abeta,5,6,7,8-hexahydro-3,5,5,9-tetramethyl-, (+)-|Q27121532|1H-BENZOCYCLOHEPTENE, 2,4A,5,6,7,8-HEXAHYDRO-3,5,5,9-TETRAMETHYL-, (4AR)|1H-Benzocycloheptene, 2,4a,5,6,7,8-hexahydro-3,5,5,9-tetramethyl-, (4aR)-|3,5,5,9-Tetramethyl-2,4a,5,6,7,8-hexahydro-1H-benzo[a]cycloheptene-, (R)-",1.0,cmaup_ingredients;imppat_phytochem;npass_chem_all;pubchem,CC=C[C@H]C=CC)CCCC7C)C))))))CC6,1.0,0.0,,True,,Soluble,204.188,0.0,CC(C)=C(C)C|CC(C)=CC,True,False,False,15.0,0.0,0.0,4:a3c7de2d-eea1-4c9a-bf12-e82557131610:23242,"InChI=1S/C15H24/c1-11-7-8-13-12(2)6-5-9-15(3,4)14(13)10-11/h10,14H,5-9H2,1-4H3/t14-/m0/s1",LCOSCMLXPAQCLQ-AWEZNQCLSA-N,False,0.0,"(4aR)-3,5,5,9-tetramethyl-1,2,4a,6,7,8-hexahydrobenzo[7]annulene",,Phytochemical,Phytochemical,True,4.65,-5.887,315.0,C15H24,,204.35,204.188,2.0,beta-Himachalene,False,Terpenoids,Himachalane sesquiterpenoids,Sesquiterpenoids,,False,0.0,C1CCC2CCCCC2CC1,C1=CC2CCCCC=C2CC1,C1CCC2CCCCC2CC1,Soluble,CC1=C[C@H]2C(=C(CCCC2(C)C)C)CC1,,,,,"beta himachalene, beta-himachalene, β-himachalene, β-himachallene",,,0.0,1.0,0.0,,True,3.9
-3.617384341176471,0.0,1.0,0.0,0.0,True,5056,Stilbenes,,,,,"1,3-Benzenediol, 5-[(1Z)-2-(4-hydroxyphenyl)ethenyl]-","375823-41-9|1,3-Benzenediol, 5-[(1Z)-2-(4-hydroxyphenyl)ethenyl]-|(resveratrol)|1,3-Benzenediol, 5-[2-(4-hydroxyphenyl)ethenyl]-|Spectrum_001148|SpecPlus_000391|(Cis-Trans)-Resveratrol|Prestwick0_000508|Prestwick1_000508|Spectrum2_001497|Spectrum3_001821|Spectrum4_001896|MolMap_000045|5-[2-(4-hydroxyphenyl)vinyl]benzene-1,3-diol|Oprea1_727238|KBioGR_000454|KBioGR_002457|KBioSS_000454|KBioSS_001628|DivK1c_006487|SPBio_001513|SPBio_002356|CHEMBL2019155|KBio1_001431|KBio2_000454|KBio2_001628|KBio2_003022|KBio2_004196|KBio2_005590|KBio2_006764|KBio3_000847|KBio3_000848|KBio3_002965|DTXSID10859420|LUKBXSAWLPMMSZ-UHFFFAOYSA-N|Bio2_000397|Bio2_000877|HMS3267J06|HMS3394I09|HMS3426I09|HMS3654D04|HMS3871F03|AKOS025244084|SB17273|SMP1_000257|NCGC00017352-23|NCI60_002840|SY014849|DB-030329|DB-072954|DB-139429|NS00010180|NS00096464|5-[2-(4-Hydroxyphenyl)ethenyl]-1,3-benzenediol|Q60998680",1.0,cmaup_ingredients;hmdb_chem_all;npass_chem_all;pubchem,,0.0,0.0,,,,,228.079,0.0,,,,,17.0,3.0,3.0,4:a3c7de2d-eea1-4c9a-bf12-e82557131610:115709,"InChI=1S/C14H12O3/c15-12-5-3-10(4-6-12)1-2-11-7-13(16)9-14(17)8-11/h1-9,15-17H",LUKBXSAWLPMMSZ-UHFFFAOYSA-N,False,0.0,"5-[2-(4-hydroxyphenyl)ethenyl]benzene-1,3-diol",Organic compounds,Phytochemical,Phytochemical,,2.776,-3.36,246.0,C14H12O3,Aromatic homomonocyclic compounds,228.24,228.079,3.0,"1,3-Benzenediol, 5-[(1Z)-2-(4-hydroxyphenyl)ethenyl]-",False,,,,,,2.0,,,,,C1=CC(=CC=C1C=CC2=CC(=CC(=C2)O)O)O,,,,Phenylpropanoids and polyketides,"3,4',5-Trihydroxystilbene",NPT947|NPT233|NPT948|NPT949|NPT1146|NPT1062|NPT1144|NPT1063|NPT955|NPT3101|NPT954|NPT1143,Stilbenes,60.7,0.0,1.0,P00915|P00918|Q16790|O43570|P07451|P22748|Q9Y2D0|P23280|P43166|Q8N1Q1|Q9ULX7|Q99N23|P35218|n.a.,,3.1
-3.5760226,0.4,1.0,0.0,0.0,False,53387511,,,,,,"(3R,5S)-1-(4-hydroxy-3-methoxyphenyl)-7-(4-hydroxyphenyl)heptane-3,5-diol",CHEMBL1824568,1.0,cmaup_ingredients;npass_chem_all;pubchem,,2.0,0.0,,,,,346.178,0.0,,,,,25.0,5.0,4.0,4:a3c7de2d-eea1-4c9a-bf12-e82557131610:122312,"InChI=1S/C20H26O5/c1-25-20-12-15(6-11-19(20)24)5-10-18(23)13-17(22)9-4-14-2-7-16(21)8-3-14/h2-3,6-8,11-12,17-18,21-24H,4-5,9-10,13H2,1H3/t17-,18+/m0/s1",BFNDWBVORMUOIA-ZWKOTPCHSA-N,False,0.0,"(3R,5S)-1-(4-hydroxy-3-methoxyphenyl)-7-(4-hydroxyphenyl)heptane-3,5-diol",,Phytochemical,Phytochemical,,2.714,-3.602,356.0,C20H26O5,,346.4,346.178,2.0,"(3R,5S)-1-(4-hydroxy-3-methoxyphenyl)-7-(4-hydroxyphenyl)heptane-3,5-diol",False,,,,,,9.0,,,,,COC1=C(C=CC(=C1)CC[C@H](C[C@H](CCC2=CC=C(C=C2)O)O)O)O,,,,,,,,90.2,2.0,0.0,,,2.6
-2.0014886,0.6666666666666666,1.0,0.0,0.0,True,71578080,,,,,,Heyneanones C,"Heyneanones C|CHEMBL2332439|BDBM50429860|(2Z,4R,7S,8R)-4,7,8-trihydroxy-3,7-dimethyl-10-propan-2-ylidenecyclodec-2-en-1-one",1.0,cmaup_ingredients;npass_chem_all;pubchem,,3.0,1.0,,,,,268.167,0.0,,,,,19.0,4.0,3.0,4:a3c7de2d-eea1-4c9a-bf12-e82557131610:134187,"InChI=1S/C15H24O4/c1-9(2)11-8-14(18)15(4,19)6-5-12(16)10(3)7-13(11)17/h7,12,14,16,18-19H,5-6,8H2,1-4H3/b10-7-/t12-,14-,15+/m1/s1",AGMVUQMPIYDZOG-HOHRPOLTSA-N,False,0.0,"(2Z,4R,7S,8R)-4,7,8-trihydroxy-3,7-dimethyl-10-propan-2-ylidenecyclodec-2-en-1-one",,Phytochemical,Phytochemical,,1.621,-3.09,418.0,C15H24O4,,268.35,268.167,3.0,Heyneanones C,False,,,,,,0.0,,,,,C/C/1=C/C(=O)C(=C(C)C)C[C@H]([C@@](CC[C@H]1O)(C)O)O,,,,,,NPT1210|NPT178,,77.8,3.0,1.0,P17706|P18031,,0.8
,,,,,False,16913,Prenol lipids,Prenol lipids,Organic compounds,Monoterpenoids,Lipids and lipid-like molecules,2-Methylisoborneol,"2-METHYLISOBORNEOL|1,2,7,7-Tetramethylbicyclo[2.2.1]heptan-2-ol|2-Bornanol, 2-methyl-|CCRIS 6593|68330-43-8|Bicyclo(2.2.1)heptan-2-ol, 1,2,7,7-tetramethyl-, exo-|3,4,7,7-tetramethylbicyclo[2.2.1]heptan-3-ol|(-)-2-Methyl Isoborneol|Bicyclo[2.2.1]heptan-2-ol, 1,2,7,7-tetramethyl-, (1R-exo)-|18680-50-7|D43XMP4DNW|1,2,7,7-tetramethylbicyclo(2.2.1)heptan-2-ol|3,4,7,7-tetramethylbicyclo(2.2.1)heptan-3-ol|CHEBI:61987|DTXSID90940148|2-Methylborneol|1,2,7,7-Tetramethyl-exo-bicycloheptan-2-ol|starbld0001530|UNII-D43XMP4DNW|SCHEMBL50282|LFYXNXGVLGKVCJ-UHFFFAOYSA-N|DTXCID001513414|2-Norbornanol, 1,2,7,7-tetramethyl-|1,2,7,7-Tetramethylbicyclo[2.2.1]heptan-2-ol #|Q1082826|(1R,2R)-1,2,7,7-Tetramethylbicyclo[2.2.1]heptan-2-ol",1.0,fooddb_chem_all;hmdb_chem_all;imppat_phytochem;pubchem,CCCCCC5C)C))CC6C)O,0.0,0.0,"Found in polluted water, causes objectionable odour of water supplies. Implicated in off-flavour of freshwater fish and shellfish",True,,Soluble,168.151,0.0,CO,True,True,True,12.0,1.0,1.0,4:a3c7de2d-eea1-4c9a-bf12-e82557131610:101297,"InChI=1S/C11H20O/c1-9(2)8-5-6-10(9,3)11(4,12)7-8/h8,12H,5-7H2,1-4H3",LFYXNXGVLGKVCJ-UHFFFAOYSA-N,False,0.0,"1,2,7,7-tetramethylbicyclo[2.2.1]heptan-2-ol",Organic compounds,Phytochemical,Phytochemical,True,,,221.0,C11H20O,Aliphatic homopolycyclic compounds,168.28,168.151,,2-Methylisoborneol,False,Terpenoids,Camphane monoterpenoids,Monoterpenoids,,False,0.0,C1CC2CCC1C2,C1CC2CCC1C2,C1CC2CCC1C2,Soluble,CC1(C2CCC1(C(C2)(C)O)C)C,Solid,Monoterpenoids,,Lipids and lipid-like molecules,"2-Methylisoborneol|2-bornanol, 2-methyl isoborneol",,Bicyclic monoterpenoids,20.2,3.0,0.0,P22309,True,2.7
-4.258704763636364,0.2631578947368421,0.0,0.0,1.0,True,44560893,,,,,,"(-)-(3S)-1-(3,4-dihydroxyphenyl)-7-phenyl-(6E)-6-hepten-3-ol","CHEBI:70692|(-)-(3S)-1-(3,4-dihydroxyphenyl)-7-phenyl-(6E)-6-hepten-3-ol|CHEMBL459648|DTXSID40873811|1062082-82-9|Q27139023|(3s)-1-(3,4-dihydroxyphenyl)-7-phenyl-(6e)-6-hepten-3-ol|4-[(3S,6E)-3-Hydroxy-7-phenyl-6-hepten-1-yl]-1,2-benzenediol|4-[(3S,6E)-3-hydroxy-7-phenylhept-6-en-1-yl]benzene-1,2-diol",1.0,cmaup_ingredients;npass_chem_all;pubchem,,1.0,1.0,,,,,298.157,0.0,,,,,22.0,3.0,3.0,4:a3c7de2d-eea1-4c9a-bf12-e82557131610:111501,"InChI=1S/C19H22O3/c20-17(9-5-4-8-15-6-2-1-3-7-15)12-10-16-11-13-18(21)19(22)14-16/h1-4,6-8,11,13-14,17,20-22H,5,9-10,12H2/b8-4+/t17-/m0/s1",OELWYQGRQUQQPD-AUNFYEFLSA-N,True,0.0,"4-[(E,3S)-3-hydroxy-7-phenylhept-6-enyl]benzene-1,2-diol",,Phytochemical,Phytochemical,,3.346,-3.483,323.0,C19H22O3,,298.4,298.157,2.0,"(-)-(3S)-1-(3,4-dihydroxyphenyl)-7-phenyl-(6E)-6-hepten-3-ol",False,,,,,,7.0,,,,,C1=CC=C(C=C1)/C=C/CC[C@@H](CCC2=CC(=C(C=C2)O)O)O,,,,,,,,60.7,1.0,1.0,,,4.2
-3.2884064,0.8666666666666667,1.0,1.0,1.0,True,6430754,,Prenol lipids,Organic compounds,Sesquiterpenoids,Lipids and lipid-like molecules,10-epi-gamma-Eudesmol,"10-epi-gamma-Eudesmol|epi-Eudesmol|15051-81-7|10-epi-eudesm-4-en-11-ol|2-[(2R,4aS)-4a,8-dimethyl-2,3,4,5,6,7-hexahydro-1H-naphthalen-2-yl]propan-2-ol|CHEBI:62514|(2R-trans)-1,2,3,4,4a,5,6,7-Octahydro-alpha,alpha,4a,8-tetramethyl-2-naphthalenemethanol|2-((2R,4AS)-4a,8-dimethyl-1,2,3,4,4a,5,6,7-octahydronaphthalen-2-yl)propan-2-ol|2-[(2R,4aS)-4a,8-dimethyl-1,2,3,4,4a,5,6,7-octahydronaphthalen-2-yl]propan-2-ol|2-Naphthalenemethanol, 1,2,3,4,4a,5,6,7-octahydro-alpha,alpha,4a,8-tetramethyl-, (2R-trans)-|10alpha-Eudesm-4-en-11-ol|2-((2R,4aS)-4a,8-dimethyl-2,3,4,5,6,7-hexahydro-1H-naphthalen-2-yl)propan-2-ol|10-epi-eudesm-4-en-11-ol|2-((2R,4aS)-4a,8-dimethyl-1,2,3,4,4a,5,6,7-octahydronaphthalen-2-yl)propan-2-ol|10-epi-eudesm-4-en-11-ol|2-[(2R,4aS)-4a,8-dimethyl-1,2,3,4,4a,5,6,7-octahydronaphthalen-2-yl]propan-2-ol|10-Epi-g-eudesmol|10-epi-|A-eudesmol|10-Epi-I3-eudesmol|epi-10- .gamma.-Eudesmol|10-Eudesm-4-en-11-ol|10a-Eudesm-4-en-11-ol|SCHEMBL310948|WMOPMQRJLLIEJV-DOMZBBRYSA-N|(-)-10-epi- .gamma.-eudesmol|AKOS032948531|FS-10402|CS-0024292|C19893|Q27131975|(-)-10-epi--Eudesmol|10-epi--Eudesmol|epi-Eudesmol|866-515-5",1.0,cmaup_ingredients;fooddb_chem_all;imppat_phytochem;npass_chem_all;pubchem,CC=CC[C@@H]CC[C@@]6CCC%10)))C))))CO)C)C,2.0,0.0,Flavouring compound [Flavornet],True,,Soluble,222.198,0.0,CC(C)=C(C)C|CO,True,True,False,16.0,1.0,1.0,4:a3c7de2d-eea1-4c9a-bf12-e82557131610:130482,"InChI=1S/C15H26O/c1-11-6-5-8-15(4)9-7-12(10-13(11)15)14(2,3)16/h12,16H,5-10H2,1-4H3/t12-,15+/m1/s1",WMOPMQRJLLIEJV-DOMZBBRYSA-N,False,0.0,"2-[(2R,4aS)-4a,8-dimethyl-2,3,4,5,6,7-hexahydro-1H-naphthalen-2-yl]propan-2-ol",,Phytochemical,Phytochemical,True,3.462,-2.476,313.0,C15H26O,,222.37,222.198,2.0,10-epi-gamma-Eudesmol,False,Terpenoids,Eudesmane sesquiterpenoids,Sesquiterpenoids,,False,1.0,C1CCC2CCCCC2C1,C1=C2CCCCC2CCC1,C1CCC2CCCCC2C1,Soluble,CC1=C2C[C@@H](CC[C@@]2(CCC1)C)C(C)(C)O,,,,,"(-)10-epi-γ-eudesmol, 10,epi-γ -eudesmol, 10-epi- γ -eudesmol, 10-epi-g-eudesmol, 10-epi-gamma-eudesmol, 10-epi-yeudesrnolt, 10-epi-γ -eudesmol, 10-epi-γ-eudesmol, 1o-epi-γ- eudesmd, epi-10gamma-eudesmol,(-)-, eudesmol (10-epi-gamma-), eudesmol, 10-epi-γ-",,,20.2,2.0,0.0,,True,3.4
-4.8800428,1.0,1.0,0.0,0.0,True,12389,Saturated hydrocarbons,Saturated hydrocarbons,Organic compounds,Alkanes,Hydrocarbons,Tetradecane,"Tetradecane|629-59-4|N-TETRADECANE|Tetradecane, N-|CCRIS 715|Tetradekan|HSDB 5728|EINECS 211-096-0|MFCD00008986|NSC 72440|BRN 1733859|DTXSID1027267|UNII-03LY784Y58|CHEBI:41253|AI3-04240|NSC-72440|03LY784Y58|DTXCID707267|EC 211-096-0|4-01-00-00520 (Beilstein Handbook Reference)|Tridecane, methyl-|Tetradecane, analytical standard|CH3-(CH2)12-CH3|CH3-[CH2]12-CH3|Tetradecane olefine|EINECS 292-448-0|Tetradecane, 99%|n-Tetradecane 10 microg/mL in Hexane|Tetradecane, >=99%|N-TETRADECANE [HSDB]|Tetradecane_GurudeebanSatyavani|CHEMBL135488|MSK3509|DTXSID101022622|NSC72440|Tox21_303277|LMFA11000586|STL280540|AKOS004910010|1ST3509|FT34597|HY-W094846|NCGC00257151-01|AS-56340|CAS-629-59-4|MSK3509-1000|SY010359|DB-054348|CS-0146758|NS00010784|T0079|Tetradecane, olefine free, >=99.0% (GC)|1ST3509-1000|G68413|n-Tetradecane Solution in Hexane, 1000?g/mL|n-Tetradecane Solution in Hexane, 1000mug/mL|Q150808|C72FCDE9-545A-4C7D-9907-1DFACCF43A82|Tetradecane, certified reference material, TraceCERT(R)|211-096-0",1.0,cmaup_ingredients;fooddb_chem_all;hmdb_chem_all;imppat_phytochem;npass_chem_all;pubchem,CCCCCCCCCCCCCC,0.0,0.0,"TETRADECANE, also known as N-tetradecane or ch3-[ch2]12-ch3, is a member of the class of compounds known as alkanes. Alkanes are acyclic branched or unbranched hydrocarbons having the general formula CnH2n+2 , and therefore consisting entirely of hydrogen atoms and saturated carbon atoms. Thus, tetradecane is considered to be a hydrocarbon lipid molecule. TETRADECANE is a mild, alkane, and waxy tasting compound and can be found in a number of food items such as sweet bay, summer savory, green bell pepper, and lemon balm, which makes tetradecane a potential biomarker for the consumption of these food products. Tetradecane can be found primarily in feces and saliva.",True,,Moderately soluble,198.235,0.0,,False,False,False,14.0,0.0,0.0,4:a3c7de2d-eea1-4c9a-bf12-e82557131610:41562,"InChI=1S/C14H30/c1-3-5-7-9-11-13-14-12-10-8-6-4-2/h3-14H2,1-2H3",BGHCVCJVXZWKCC-UHFFFAOYSA-N,False,0.0,tetradecane,Organic compounds,Phytochemical,Phytochemical,True,4.548,-6.923,74.0,C14H30,Aliphatic acyclic compounds,198.39,198.235,0.0,Tetradecane,True,Fatty acids,Hydrocarbons,Fatty acyls,,False,11.0,,,,Moderately soluble,CCCCCCCCCCCCCC,liquid,Alkanes,,Hydrocarbons,"Alkanes, C14-16|Alkanes, C14-30|n-TETRADECANE, 99%|Paraffinic hydrocarbons (C14-C30)|Tetradecane|Tetradekan|CH3-[CH2]12-CH3|N-Tetradecane|n-tetradecane, tetra decane, tetradecane, tetradecane, n",,Alkanes,0.0,0.0,0.0,,False,7.2
-2.332779037209306,0.4444444444444444,0.0,0.0,0.0,True,5280805,Flavonoids,Flavonoids,Organic compounds,Flavonoid glycosides,Phenylpropanoids and polyketides,Rutin,"RUTIN|153-18-4|rutoside|Phytomelin|Birutan|Quercetin 3-rutinoside|Sophorin|Myrticolorin|Eldrin|Globulariacitrin|Ilixanthin|Osyritrin|Paliuroside|Tanrutin|Globularicitrin|Rutabion|3-Rutinosyl quercetin|Bioflavonoid|Violaquercitrin|Yunxianggan|Rutosido|Rutozyd|Melin|Rutine|3-Rhamnoglucosylquercetin|Birutan Forte|Oxyritin|Rutosidum|Rutinum|Rutinic acid|Quercetin-3-rutinoside|Quercetin 3-O-rutinoside|Novarrutina|Violaquercetrin|Rutinion acid|Quercitin 3-rutinoside|Venoruton|Quercetol 3-rhamnoglucoside|C.I. 75730|Birutin|Quercetin rhamnoglucosine|3,3',4',5,7-Pentahydroxyflavone-3-rutinoside|quercetin-3-O-rutinoside|Quercetin-3beta-rutinoside|USAF CF-5|Quercetin 3-rhamnoglucoside|2-(3,4-dihydroxyphenyl)-5,7-dihydroxy-3-(((2S,3R,4S,5S,6R)-3,4,5-trihydroxy-6-((((2R,3R,4R,5R,6S)-3,4,5-trihydroxy-6-methyltetrahydro-2H-pyran-2-yl)oxy)methyl)tetrahydro-2H-pyran-2-yl)oxy)-4H-chromen-4-one|UNII-5G06TVY3R7|Rutosid|Rutoside [INN]|5G06TVY3R7|CCRIS 7564|DTXSID3022326|CHEBI:28527|Quercetin 3-O-beta-D-rutinoside|Rutosidum [INN-Latin]|NSC 9220|NSC-9220|Rutosido [INN-Spanish]|EINECS 205-814-1|BRN 0075455|3-Rhamnoglucoside of 3,3',4',5,7-pentahydroxyflavone|AI3-19098|CHEMBL226335|DTXCID802326|4H-1-Benzopyran-4-one,3-[[6-O-(6-deoxy-a-L-mannopyranosyl)-b-D-glucopyranosyl]oxy]-2-(3,4-dihydroxyphenyl)-5,7-dihydroxy-|5-18-05-00519 (Beilstein Handbook Reference)|Rutoside (INN)|2-(3,4-dihydroxyphenyl)-5,7-dihydroxy-3-[(2S,3R,4S,5S,6R)-3,4,5-trihydroxy-6-[[(2R,3R,4R,5R,6S)-3,4,5-trihydroxy-6-methyloxan-2-yl]oxymethyl]oxan-2-yl]oxychromen-4-one|2-(3,4-DIHYDROXYPHENYL)-5,7-DIHYDROXY-4-OXO-4H-CHROMEN-3-YL 6-O-(6-DEOXY-ALPHA-L-MANNOPYRANOSYL)-BETA-D-GLUCOPYRANOSIDE|3-[[6-O-(6-Deoxy-alpha-l-mannopyranosyl)-beta-d-glucopyranosyl]oxy]-2-(3,4-dihydroxyphenyl)-5,7-dihydroxy-4H-1-benzopyran-4-one|NCGC00160628-01|Rutosidum (INN-Latin)|Rutosido (INN-Spanish)|Flavone, 3,3',4',5,7-pentahydroxy-, 3-(O-rhamnosylglucoside)|RUTIN (USP-RS)|RUTIN [USP-RS]|Rutinoside, 2-(3,4-dihydroxyphenyl)-5,7-dihydroxy-4-oxo-4H-1-benzopyran-3-yl|RUT|NSC9220|3-RHAMNOGLUCOSIDE OF 5,7,3',4'-TETRAHYDROXYFLAVONOL|2-(3,4-dihydroxyphenyl)-5,7-dihydroxy-3-[(2S,3R,4S,5S,6R)-3,4,5-trihydroxy-6-[[(2R,3R,4R,5R,6S)-3,4,5-trihydroxy-6-methyl-tetrahydropyran-2-yl]oxymethyl]tetrahydropyran-2-yl]oxy-chromen-4-one|2-(3,4-dihydroxyphenyl)-5,7-dihydroxy-3-{[(2S,3R,4S,5S,6R)-3,4,5-trihydroxy-6-({[(2R,3R,4R,5R,6S)-3,4,5-trihydroxy-6-methyloxan-2-yl]oxy}methyl)oxan-2-yl]oxy}-4H-chromen-4-one|3-((6-O-(6-Deoxy-alpha-L-mannopyranosyl)-beta-D-glucopyranosyl)oxy)-2-(3,4-dihydroxyphenyl)-5,7-dihydroxy-4H-1-benzopyran-4-one|CAS-153-18-4|SMR000112560|Rutin [JAN:NF]|MFCD00006830|Neoisorutin|Not Applicable|Rutinoside, quercetin-3, beta-|hydroxyethylrutoside|Rutin (Rutoside)|Rutin (Standard)|2-(3,4-dihydroxyphenyl)-5,7-dihydroxy-4-oxo-4H-chromen-3-yl 6-O-(6-deoxy-alpha-L-mannopyranosyl)-beta-D-mannopyranoside|Rutin,(S)|Rutin1541|3,3',4',5,7-Pentahydroxyflavone 3-rutinoside|RUTIN [VANDF]|207671-50-9|RUTIN [DSC]|RUTIN [MI]|Rutoside [INN:JAN:NF]|RUTOSIDE [WHO-DD]|beta-Quercetin-3-rutinoside|BIDD:PXR0020|SCHEMBL23243|4H-1-Benzopyran-4-one, 3-((6-O-(6-deoxy-alpha-L-mannopyranosyl)-beta-D-glucopyranosyl)oxy)-2-(3,4-dihydroxyphenyl)-5,7-dihydroxy-|MLS000759398|MLS001424098|BIDD:ER0377|DivK1c_000644|MEGxp0_000068|Rutin from Sophora japonica L.|Rutoside|Quercetin-3-rutinoside|ACon1_000075|cid_5280805|HMS502A06|HY-N0148R|KBio1_000644|C05CA01|NINDS_000644|3,3',4',5,7-PENTAHYDROXYFLAVONE-3-RHAMNOGLUCOSIDE|HMS2051B06|3'4'5,7-tetOH-Flavone-3-rut|HY-N0148|Quercetin 3-O-beta-delta-rutinoside|Tox21_111945|Tox21_202602|BDBM50217942|Glucopyranoside, quercetin-3 6-O-alpha-L-rhamnopyranosyl-, beta-D|Quercetin, 3-(6-O-alpha-L-rhamnopyranosyl-beta-D-glucopyranoside)|s2350|3,3',4',5,5',7-Hexahydroxyflavone (6-O-alpha-L-rhamnosyl-beta-D-glucoside)|AKOS015895432|Glucopyranoside, quercetin-3 6-O-(6-deoxy-alpha-L-mannopyranosyl)-, beta-D-|Quercetin, 3-(6-0-(6-deoxy-alpha-L-mannopyranosyl)-beta-D-glucopyranoside)|Tox21_111945_1|CCG-100999|CS-5573|DB01698|DS-9708|NC00249|OR29292|IDI1_000644|NCGC00160628-02|NCGC00160628-03|NCGC00160628-12|NCGC00260150-01|4H-1-Benzopyran-4-one, 3-[[6-O-(6-deoxy-.alpha.-L-mannopyranosyl)-.beta.-D-glucopyranosyl]oxy]-2-(3,4-dihydroxyphenyl)-5,7-dihydroxy-|methyltetrahydro-2H-pyran-2-yloxy)methyl)|2-(3,4-dihydroxyphenyl)-5,7-dihydroxy-3|NS00005273|R0035|C05625|D08499|AB00374708-09|tetrahydro-2H-pyran-2-yloxy)-4H-chromen-4-one|EN300-18388402|Q407857|SR-01000759399|-((2S,3R,4S,5S,6R)-3,4,5-trihydroxy-6-|SR-01000759399-5|A8241DA0-6EC6-48BA-BD10-3F7BD61D42CE|BRD-K20482099-001-01-1|BRD-K20482099-001-09-4|BRD-K20482099-001-11-0|quercetin 3-O-[alpha-L-rhamnosyl-(1->6)-beta-D-glucoside]|QUERCETIN 3-O-.ALPHA.-L-RHAMNOPYRANOSYL-.BETA.-D-GLUCOPYRANOSIDE|RUTIN (QUERCETIN-3-O-RUTINOSIDE) (CONSTITUENT OF GINKGO) [DSC]|2-(3,4-dihydroxyphenyl)-4,5-dihydroxy-3-(3,4,5-trihydroxy-6-((3,4,5-trihydroxy-6-methyl-tetrahydropyran-2-yl)oxymethyl)tetrahydropyran-2-yl)oxy-chromen-7-one|2-(3,4-dihydroxyphenyl)-5,7-dihydroxy-3-((2S,3R,4S,5S,6R)-3,4,5-trihydroxy-6-(((2R,3R,4R,5R,6S)-3,4,5-trihydroxy-6-methyltetrahydro-2H-pyran-2-yloxy)methyl)tetrahydro-2H-pyran-2-yloxy)-4H-chromen-4-one|2-(3,4-DIHYDROXYPHENYL)-5,7-DIHYDROXY-4H-CHROMEN-4-ONE-3-YL 6-O-.ALPHA.-L-RHAMNOPYRANOSYL-.BETA.-D-GLUCOSIDE|205-814-1|4H-1-Benzopyran-4-one, 3-[[6-O-(6-deoxy-.alpha.-L-mannopyranosyl)-.beta.-D-glucopyranosyl]-oxy]-2-(3,4-dihydroxyphenyl)-5,7-dihydroxy-",1.0,cmaup_ingredients;fooddb_chem_all;hmdb_chem_all;imppat_phytochem;npass_chem_all;pubchem,OcccO)ccc6)occc6=O))O[C@@H]O[C@H]CO[C@@H]O[C@@H]C)[C@@H][C@H][C@H]6O))O))O)))))))[C@H][C@@H][C@H]6O))O))O)))))))cccccc6)O))O,10.0,0.0,"First isolated from Ruta graveolens (rue). Bioflavanoid. Quercetin 3-rutinoside is found in many foods, some of which are tea, bilberry, common oregano, and lemon grass.",False,,Soluble,610.153,0.0,CO|CO[C@@H](C)OC|c=O|cO|cO[C@@H](C)OC|coc,False,False,False,43.0,16.0,10.0,4:a3c7de2d-eea1-4c9a-bf12-e82557131610:116979,"InChI=1S/C27H30O16/c1-8-17(32)20(35)22(37)26(40-8)39-7-15-18(33)21(36)23(38)27(42-15)43-25-19(34)16-13(31)5-10(28)6-14(16)41-24(25)9-2-3-11(29)12(30)4-9/h2-6,8,15,17-18,20-23,26-33,35-38H,7H2,1H3/t8-,15+,17-,18+,20+,21-,22+,23+,26+,27-/m0/s1",IKGXIBQEEMLURG-NVPNHPEKSA-N,True,0.0,"2-(3,4-dihydroxyphenyl)-5,7-dihydroxy-3-[(2S,3R,4S,5S,6R)-3,4,5-trihydroxy-6-[[(2R,3R,4R,5R,6S)-3,4,5-trihydroxy-6-methyloxan-2-yl]oxymethyl]oxan-2-yl]oxychromen-4-one",Organic compounds,Phytochemical,Phytochemical,False,-0.21,-3.742,1020.0,C27H30O16,Aromatic heteropolycyclic compounds,610.5,610.153,5.0,Rutin,False,Shikimates and Phenylpropanoids,Flavonols,Flavonoids,,True,6.0,CC1C2CCCCC2CC(C2CCCCC2)C1CC1CCCC(CCC2CCCCC2)C1,O=c1c(OC2CCCC(COC3CCCCO3)O2)c(-c2ccccc2)oc2ccccc12,OC1C2CCCCC2OC(C2CCCCC2)C1OC1CCCC(COC2CCCCO2)O1,Soluble,C[C@H]1[C@@H]([C@H]([C@H]([C@@H](O1)OC[C@@H]2[C@H]([C@@H]([C@H]([C@@H](O2)OC3=C(OC4=CC(=CC(=C4C3=O)O)O)C5=CC(=C(C=C5)O)O)O)O)O)O)O)O,Solid,Flavonoid glycosides,"Flavonoid-3-o-glycoside|Hydroxyflavonoid|Flavone|7-hydroxyflavonoid|5-hydroxyflavonoid|4'-hydroxyflavonoid|3'-hydroxyflavonoid|O-glycosyl compound|Glycosyl compound|Disaccharide|Chromone|1-benzopyran|Benzopyran|Resorcinol|1,2-diphenol|Pyranone|Phenol|Benzenoid|Pyran|Oxane|Saccharide|Monocyclic benzene moiety|Heteroaromatic compound|Vinylogous acid|Secondary alcohol|Polyol|1,2-diol|Oxacycle|Organoheterocyclic compound|Ether|Acetal|Hydrocarbon derivative|Organooxygen compound|Alcohol|Aromatic heteropolycyclic compound",Phenylpropanoids and polyketides,"3-[[6-O-(6-Deoxy-a-L-mannopyranosyl)-b-D-glucopyranosyl]oxy]-2-(3,4-dihydroxyphenyl)-5,7-dihydroxy-4H-1-benzopyran-4-one|3-[[6-O-(6-Deoxy-alpha-L-mannopyranosyl)-beta-D-glucopyranosyl]oxy]-2-(3,4-dihydroxyphenyl)-5,7-dihydroxy-4H-1-benzopyran-4-one|3-[[6-O-(6-Deoxy-α-L-mannopyranosyl)-β-D-glucopyranosyl]oxy]-2-(3,4-dihydroxyphenyl)-5,7-dihydroxy-4H-1-benzopyran-4-one|3-Rhamnoglucoside OF 3,3',4',5,7-pentahydroxyflavone|3-Rhamnoglucosylquercetin|3-Rutinosyl quercetin|3,3',4',5,7-Pentahydroxyflavone-3-rutinoside|beta-Quercetin-3-rutinoside|Bioflavonoid|Birutan|Birutan forte|Birutin|Eldrin|Globulariacitrin|Globularicitrin|Hydroxyethylrutoside|Ilixanthin|Melin|Myrticolorin|Neoisorutin|Osyritin|Osyritrin|Oxyritin|Paliuroside|Phytomelin|Quercetin 3-b-D-rutinoside|Quercetin 3-O-[beta-L-rhamnosyl-(1->6)-beta-D-glucoside]|Quercetin 3-O-beta-D-rutinoside|Quercetin 3-O-beta-delta-rutinoside|Quercetin 3-O-rutinoside|Quercetin 3-rhamnoglucoside|Quercetin 3-rutinoside|Quercetin rhamnoglucosine|Quercetin-3-rutinoside|Quercetin-3beta-rutinoside|Quercetol 3-rhamnoglucoside|Quercitin 3-rutinoside|RUT|Rutabion|Rutin|Rutin trihydrate|Rutine|Rutinic acid|Rutinion|Rutinion acid|Rutinum|Rutosid|Rutoside|Rutoside, BAN, INN|Rutosido|Rutosidum|Rutozyd|Sophorin|Sophorin?|Tanrutin|Venoruton|Violaquercitrin|Vitamin P?|3-Rhamnosyl-glucosyl quercetin|Quercetin 3 rutinoside|Quercetin, 3-rhamnosyl-glucosyl|Vitamin P|3,3',4',5,7-Pentahydroxyflavone 3-O-rutinoside|3,3’,4’,5,7-Pentahydroxyflavone 3-O-rutinoside|3,3',4',5,7-Pentahydroxyflavone 3-rutinoside|3,3’,4’,5,7-Pentahydroxyflavone 3-rutinoside|3-O-Rutinosylquercetin|3-Rutinosylquercetin|5,7,3',4'-Tetrahydroxyflavonol-3-O-rutinoside|5,7,3’,4’-Tetrahydroxyflavonol-3-O-rutinoside|Ilixathin|Myrticalorin|Myticolorin|Quercetin 3-(6-O-alpha-L-rhamnopyranosyl-beta-D-glucopyranoside)|Quercetin 3-(6-O-α-L-rhamnopyranosyl-β-D-glucopyranoside)|Quercetin 6-O-alpha-L-rhamnosyl-beta-D-glucoside|Quercetin 6-O-α-L-rhamnosyl-β-D-glucoside|Quercetin-3-O-[alpha-L-rhamnopyranosyl-(1->6)-beta-D-glucopyranoside]|Quercetin-3-O-[α-L-rhamnopyranosyl-(1→6)-β-D-glucopyranoside]|Quercetin 3-O-alpha-L-rhamnopyranosyl-(1->6)-beta-D-glucopyranoside|Quercetin 3-O-α-L-rhamnopyranosyl-(1→6)-β-D-glucopyranoside|Quercetin 3-O-alpha-L-rhamnopyranosyl-beta-D-glucopyranoside|Quercetin 3-O-α-L-rhamnopyranosyl-β-D-glucopyranoside|Quercetin 3-O-alpha-rhamnopyranosyl(1''->6')-beta-D-glucopyranoside|Quercetin 3-O-α-rhamnopyranosyl(1''→6')-β-D-glucopyranoside|Quercetin 3-O-α-rhamnopyranosyl(1’’→6’)-β-D-glucopyranoside|Quercetin 3-O-alpha-rhamnopyranosyl(1->6)-beta-glucopyranoside|Quercetin 3-O-α-rhamnopyranosyl(1→6)-β-glucopyranoside|Quercetin 3-O-alpha-rhamnopyranosyl-(1'''->6'')-beta-glucopyranoside|Quercetin 3-O-α-rhamnopyranosyl-(1'''→6'')-β-glucopyranoside|Quercetin 3-O-α-rhamnopyranosyl-(1’’’→6’’)-β-glucopyranoside|Quercetin 3-O-beta-D-(6''-O-alpha-L-rhamnopyranosyl)glucopyranoside|Quercetin 3-O-β-D-(6''-O-α-L-rhamnopyranosyl)glucopyranoside|Quercetin 3-O-β-D-(6’’-O-α-L-rhamnopyranosyl)glucopyranoside|Quercetin 3-O-β-D-rutinoside|Quercetin 3-O-beta-rutinoside|Quercetin 3-O-β-rutinoside|Quercetin 3-beta-rutinoside|Quercetin 3-β-rutinoside|Quercetin-3-O-[alpha-L-rhamnopyranosyl-(1→6)-beta-D-glucopyranoside]|Quercetin 3-O-alpha-L-rhamnopyranosyl-(1→6)-beta-D-glucopyranoside|Quercetin 3-O-alpha-rhamnopyranosyl(1''→6')-beta-D-glucopyranoside|Quercetin 3-O-alpha-rhamnopyranosyl(1→6)-beta-glucopyranoside|Quercetin 3-O-alpha-rhamnopyranosyl-(1'''→6'')-beta-glucopyranoside|Quercetin rutinoside|Rutozid|Violaquercetrin|quercetin 3-o-galactoside(rutin), quercetin 3-rutinoside, quercetin-3-0-beta-d-rutinoside, quercetin-3-o-rutinoside, quercetin-3-o-rutinoside (rutin), quercetin-3-rutinoside, quercetin-3-rutinoside (rutin), rutin, rutin (quercetin-3-o-rutinoside), rutoside",NPT967|NPT1592|NPT439|NPT224|NPT222|NPT48|NPT51|NPT282|NPT59|NPT60|NPT204|NPT862|NPT107,Flavonoid-3-O-glycosides,266.0,10.0,0.0,P42330|P08684|P11712|P10635|P10632|O42713|n.a.|P35354|P25099|P47989|P07943|P48147|P27487|B4URF0|P06276|P22303|P10481|O42275|P03468|P18825|P08913|B2RXH2|P10636|Q962Y6|O97447|P28482|P06746|P10253|O15648|Q9NR56|Q96KQ7|Q9UBT6|P03372|Q9UNQ0|P33527|P11064|P81908|P35030|P02769|Q05117|P27695|P34913|P03469|Q9GZQ4|P00338|Q4QEW7|P05364|P00766|O60341|A0A024AXB9|P0DTD1|P09467|P99999|Q16236,False,-1.3
,,,,,False,14106048,,Prenol lipids,Organic compounds,Monoterpenoids,Lipids and lipid-like molecules,3-Hydroxy-p-menth-1-en-6-one,3-hydroxy-p-menth-1-en-6-one|61570-82-9|5-hydroxy-p-menth-6-en-2-one|4-Hydroxy-5-isopropyl-2-methylcyclohex-2-en-1-one|4-hydroxy-2-methyl-5-propan-2-ylcyclohex-2-en-1-one|starbld0042113|Compound NP-024318|SCHEMBL6359603|ZFUJCNJIGDBFEP-UHFFFAOYSA-N|LCA57082|AKOS040737204|Q67879633,1.0,imppat_phytochem;pubchem,CCCCC=O)C=CC6O)))C)))))C,0.0,0.0,,True,,Very soluble,168.115,0.0,CC=C(C)C(C)=O|CO,True,True,True,12.0,2.0,1.0,4:a3c7de2d-eea1-4c9a-bf12-e82557131610:77605,"InChI=1S/C10H16O2/c1-6(2)8-5-9(11)7(3)4-10(8)12/h4,6,8,10,12H,5H2,1-3H3",ZFUJCNJIGDBFEP-UHFFFAOYSA-N,False,0.0,4-hydroxy-2-methyl-5-propan-2-ylcyclohex-2-en-1-one,,Phytochemical,Phytochemical,True,,,216.0,C10H16O2,,168.23,168.115,,3-Hydroxy-p-menth-1-en-6-one,False,Terpenoids,Menthane monoterpenoids,Monoterpenoids,,False,1.0,CC1CCCCC1,O=C1C=CCCC1,OC1CCCCC1,Soluble,CC1=CC(C(CC1=O)C(C)C)O,,,,,5-hydroxy-p-menth-6-en-2-one,,,37.3,2.0,0.0,,True,1.4
-4.050022057142858,0.3809523809523809,1.0,1.0,1.0,False,5320994,,Aporphines,Organic compounds,,Alkaloids and derivatives,"Methyl (6aR)-4,5,6a,7-tetrahydro-11-hydroxy-1,2,10-trimethoxy-6H-dibenzo[de,g]quinoline-6-carboxylate","DTXSID201112828|344928-15-0|Methyl (6aR)-4,5,6a,7-tetrahydro-11-hydroxy-1,2,10-trimethoxy-6H-dibenzo[de,g]quinoline-6-carboxylate",1.0,cmaup_ingredients;imppat_phytochem;npass_chem_all;pubchem,COC=O)NCCcc[C@H]6Ccccccc6-c%10ccc%14)OC)))OC)))))O))OC,1.0,0.0,,True,,Moderately soluble,385.153,0.0,COC(=O)N(C)C|cO|cOC,True,True,True,28.0,6.0,1.0,4:a3c7de2d-eea1-4c9a-bf12-e82557131610:121348,"InChI=1S/C21H23NO6/c1-25-14-6-5-11-9-13-16-12(7-8-22(13)21(24)28-4)10-15(26-2)20(27-3)18(16)17(11)19(14)23/h5-6,10,13,23H,7-9H2,1-4H3/t13-/m1/s1",JWSAYTXQWHOMHU-CYBMUJFWSA-N,False,0.0,"methyl (6aR)-11-hydroxy-1,2,10-trimethoxy-5,6,6a,7-tetrahydro-4H-dibenzo[de,g]quinoline-6-carboxylate",,Phytochemical,Phytochemical,True,2.997,-4.054,573.0,C21H23NO6,,385.4,385.153,2.0,"Methyl (6aR)-4,5,6a,7-tetrahydro-11-hydroxy-1,2,10-trimethoxy-6H-dibenzo[de,g]quinoline-6-carboxylate",False,Alkaloids,"Aporphine alkaloids, Isoquinoline alkaloids",Tyrosine alkaloids,,False,4.0,C1CCC2C(C1)CC1CCCC3CCCC2C31,c1ccc2c(c1)CC1NCCc3cccc-2c31,C1CCC2C(C1)CC1NCCC3CCCC2C31,Moderately soluble,COC1=C(C2=C(C[C@@H]3C4=C2C(=C(C=C4CCN3C(=O)OC)OC)OC)C=C1)O,,,,,romucosine h,,,77.5,1.0,0.0,,True,2.9
-8.691926,0.6,1.0,0.0,0.0,True,638072,Prenol lipids,Prenol lipids,Organic compounds,Triterpenoids,Lipids and lipid-like molecules,Squalene,"squalene|111-02-4|Spinacene|trans-Squalene|Supraene|All-trans-Squalene|2,6,10,15,19,23-Hexamethyltetracosa-2,6,10,14,18,22-hexaene|(E,E,E,E)-Squalene|7683-64-9|Spinacen|(E)-Squalene|Nikko Squalane EX|(6E,10E,14E,18E)-2,6,10,15,19,23-hexamethyltetracosa-2,6,10,14,18,22-hexaene|Super Squalene|2,6,10,15,19,23-Hexamethyl-2,6,10,14,18,22-tetracosahexaene|2,6,10,14,18,22-Tetracosahexaene, 2,6,10,15,19,23-hexamethyl-|MF59|Squalen|UNII-7QWM220FJH|11051-27-7|EINECS 203-826-1|7QWM220FJH|(All-E)-2,6,10,15,19,23-hexamethyl-2,6,10,14,18,22-tetracosahexaene|(E/Z)-Squalene|CHEBI:15440|2,6,10,14,18,22-Tetracosahexaene, 2,6,10,15,19,23-hexamethyl-, (all-E)-|MFCD00008912|MF59 COMPONENT SQUALENE|DTXSID0026044|HSDB 8242|EC 203-826-1|Squalene 100 microg/mL in Hexane|NCGC00181323-01|MONTANIDE ISA 720 COMPONENT SQUALENE|2,6,10,15,19,23-Hexamethyl-2,6,10,14,18,22-tetracosahexaene, (all-E)-|2,6,10,14,18,22-Tetracosahexaene, 2,6,10,15,19,23-hexamethyl-, (2E,6E,10E,14E,18E)-|2,6,10,14,18,22-tetracosahexaene, 2,6,10,15,19,23-hexamethyl-, (6E,10E,14E,18E)-|DTXCID406044|SQUALENE (EP MONOGRAPH)|SQUALENE [EP MONOGRAPH]|CAS-111-02-4|DTXSID4064767|CCRIS 711|trans-Spinacene|Super Squalene|trans-Squalene|AddaVax|NCGC00181163-01|Squalene (Standard)|Squalene, all-trans-|starbld0009755|SQUALENE [MI]|SQUALENE [WHO-DD]|SQUALENE [GREEN BOOK]|Squalene, Spinacene, Supraene|CHEMBL458402|GTPL3054|QSPL 049|DTXCID8047921|HY-N1214A|HY-N1214R|HY-N1214|MSK40141|NSC93748|Tox21_112789|Tox21_113239|NSC-93748|s4862|AKOS015917344|CCG-268779|DB11460|FS05206|1ST40141|AS-56045|BS-49251|DA-67738|CS-0016601|CS-0201515|H0097|NS00009386|C00751|E80634|Q407560|SR-01000944749|SR-01000944749-1|3704365A-1DAB-4AAA-A0D0-CAE7A96723AC|2,6,10,15,19,23-Hexamethyl-2,6,10,14,18,22-tetra cosahexaene|(2E,6E,10E,14E,18E)-2,6,10,15,19,23-Hexamethyl-2,6,10,14,18,22-tetracosahexaene|2,6,10,14,18,22-Tetracosahexene, 2,6,10,15,19,23-hexamethyl-,(all-E)-|2,6,10,15,19,23-Hexamethyltetracosa-(2E,6E,10E,14E,18E,22E)-2,6,10,14,18,22-hexaene|203-826-1|InChI=1/C30H50/c1-25(2)15-11-19-29(7)23-13-21-27(5)17-9-10-18-28(6)22-14-24-30(8)20-12-16-26(3)4/h15-18,23-24H,9-14,19-22H2,1-8H3/b27-17+,28-18+,29-23+,30-24",1.0,cmaup_ingredients;hmdb_chem_all;imppat_phytochem;npass_chem_all;pubchem,C/C=CCC/C=C/CC/C=C/CCC=CC)C)))))C)))))C))))))/CC/C=C/CCC=CC)C)))))C,0.0,4.0,,False,,Soluble,410.391,0.0,C/C=C(/C)C|CC=C(C)C,False,True,False,30.0,0.0,0.0,4:a3c7de2d-eea1-4c9a-bf12-e82557131610:129890,"InChI=1S/C30H50/c1-25(2)15-11-19-29(7)23-13-21-27(5)17-9-10-18-28(6)22-14-24-30(8)20-12-16-26(3)4/h15-18,23-24H,9-14,19-22H2,1-8H3/b27-17+,28-18+,29-23+,30-24+",YYGNTYWPHWGJRM-AAJYLUCBSA-N,False,0.0,"(6E,10E,14E,18E)-2,6,10,15,19,23-hexamethyltetracosa-2,6,10,14,18,22-hexaene",Organic compounds,Phytochemical,Phytochemical,True,6.955,-6.915,578.0,C30H50,Aliphatic acyclic compounds,410.7,410.391,0.0,Squalene,False,Terpenoids,Acyclic triterpenoids,Triterpenoids,,False,15.0,,,,Moderately soluble,CC(=CCC/C(=C/CC/C(=C/CC/C=C(/CC/C=C(/CCC=C(C)C)\C)\C)/C)/C)C,Liquid,Triterpenoids,,Lipids and lipid-like molecules,"(all-e)-2,6,10,15,19,23-Hexamethyl-2,6,10,14,18,22-tetracosahexaene|Spinacene|Supraene|(e,e,e,e)-Squalene|all-trans-Squalene|trans-Squalene|Squalene|2610151923-hexamethyl-2610141822-tetracosahexaene, squalene, squalene⁄, trans-squalene",NPT1038,Triterpenoids,0.0,0.0,4.0,Q14534|P37268|O15269|Q5HYI4|Q9UDX4|Q9UDX3|P52020|n.a.|Q03164,False,11.6
-2.7858756,0.6,1.0,0.0,0.0,False,442484,Prenol lipids,Prenol lipids,Organic compounds,Monoterpenoids,Lipids and lipid-like molecules,(+)-beta-Phellandrene,"(+)-beta-Phellandrene|D-beta-Phellandrene|6153-16-8|beta-Phellandrene, (+)-|UNII-7554ZL3VUX|p-Mentha-1(7),2-diene, (+)-|7554ZL3VUX|beta-phellandrene d-form [MI]|Cyclohexene, 3-methylene-6-(1-methylethyl)-, (+)-|Cyclohexene, 3-methylene-6-(1-methylethyl)-, (6S)-|(+)-p-mentha-1(7),2-diene|(4S)-p-mentha-1(7),2-diene|(S)-3-isopropyl-6-methylenecyclohexene|(6S)-3-methylidene-6-(propan-2-yl)cyclohex-1-ene|d-I(2)-Phellandrene|(6S)-3-methylidene-6-propan-2-ylcyclohexene|CHEBI:53|D-.BETA.-PHELLANDRENE|(+)-.BETA.-PHELLANDRENE|DTXSID501316722|.BETA.-PHELLANDRENE, (+)-|LMPR0102090022|.BETA.-PHELLANDRENE D-FORM [MI]|C09877|(r)-3-methylene-6-(1-methylethyl)-cyclohexene|Q27105214",1.0,cmaup_ingredients;fooddb_chem_all;hmdb_chem_all;imppat_phytochem;npass_chem_all;pubchem,CC[C@@H]CCC=C)C=C6))))))C,1.0,0.0,Phellandrene is the name for a pair of organic compounds that have a similar molecular structure and similar chemical properties. alpha-Phellandrene and beta-phellandrene are cyclic monoterpenes and are double-bond isomers. The phellandrenes are used in fragrances because of their pleasing aromas. (-)-beta-Phellandrene is found in pine nut.,True,,Soluble,136.125,0.0,C=C(C)C=CC,False,False,True,10.0,0.0,0.0,4:a3c7de2d-eea1-4c9a-bf12-e82557131610:107248,"InChI=1S/C10H16/c1-8(2)10-6-4-9(3)5-7-10/h4,6,8,10H,3,5,7H2,1-2H3/t10-/m0/s1",LFJQCDVYDGGFCH-JTQLQIEISA-N,False,0.0,(6S)-3-methylidene-6-propan-2-ylcyclohexene,Organic compounds,Phytochemical,Phytochemical,True,3.579,-3.892,151.0,C10H16,Aliphatic homomonocyclic compounds,136.23,136.125,1.0,(+)-beta-Phellandrene,False,Terpenoids,Monocyclic monoterpenoids,Monoterpenoids,,False,1.0,CC1CCCCC1,C=C1C=CCCC1,CC1CCCCC1,Soluble,CC(C)[C@@H]1CCC(=C)C=C1,Liquid,Monoterpenoids,,Lipids and lipid-like molecules,"(-)-3-Methylene-6-(1-methylethyl)cyclohexene|(-)-b-Phellandrene|(-)-beta-Phellandrene|(-)-p-Mentha-1(7),2-diene|(-)-β-phellandrene|(3R)-3-Isopropyl-6-methylenecyclohexene|(4R)-p-Mentha-1(7),2-diene|(6R)-3-Methylidene-6-(propan-2-yl)cyclohex-1-ene|(R)-3-Isopropyl-6-methylenecyclohexene|(R)-p-Mentha-1(7),2-diene|b-Phellandrene L-form|beta-Phellandrene L-form|L-beta-Phellandrene|β-phellandrene L-form|(+)-b-Phellandrene|(+)-beta-Phellandrene|(+)-p-Mentha-1(7),2-diene|(+)-β-phellandrene|(4S)-p-Mentha-1(7),2-diene|(6S)-3-Methylidene-6-(propan-2-yl)cyclohex-1-ene|(S)-3-Isopropyl-6-methylenecyclohexene|(S)-p-Mentha-1(7),2-diene|D-beta-Phellandrene|(+)-Β-phellandrene|(-)-P-Mentha-1(7),2-diene|(4R)-P-Mentha-1(7),2-diene|(-)-Β-phellandrene|(+)-beta-phellandrene, 1(7),2-p-menthediene, beta phellandrene, beta-phellandrene, beta-phellandrene*, d-beta-phellandrene, β-phellandrene",,Menthane monoterpenoids,0.0,1.0,0.0,,True,3.4
-3.136898,0.5833333333333334,1.0,1.0,1.0,True,8294,Prenol lipids,Prenol lipids,Organic compounds,Monoterpenoids,Lipids and lipid-like molecules,Linalyl acetate,"LINALYL ACETATE|115-95-7|Linalool acetate|Bergamiol|Bergamol|3,7-dimethylocta-1,6-dien-3-yl acetate|Lynalyl acetate|Linalol acetate|Licareol acetate|Acetic acid linalool ester|3,7-Dimethyl-1,6-octadien-3-yl acetate|1,6-Octadien-3-ol, 3,7-dimethyl-, acetate|3,7-Dimethyl-1,6-octadien-3-ol acetate|1,6-Octadien-3-ol, 3,7-dimethyl-, 3-acetate|Ex bois de rose (synthetic)|FEMA No. 2636|Linalyl acetate (natural)|NSC 2138|HSDB 644|Phanteine|Dehydrolinalool, acetate|EINECS 204-116-4|EINECS 254-806-4|UNII-5K47SSQ51G|MFCD00008907|5K47SSQ51G|3,7-Dimethyl-1,6-ctadien-3-ol acetate|DTXSID7026946|AI3-00941|NSC-2138|(1)-1,5-Dimethyl-1-vinylhex-4-enyl acetate|LINALOOL ACETATE, DL-|DTXCID006946|CHEBI:78333|EC 204-116-4|LINALYL ACETATE, (+/-)-|LINALOYL ACETATE, (+/-)-|1,5-Dimethyl-1-vinyl-4-hexenyl acetate|1,5-dimethyl-1-vinylhex-4-en-1-yl acetate|LINALYL ACETATE (USP-RS)|LINALYL ACETATE [USP-RS]|Aetic Acid Linalool Ester|CAS-115-95-7|LINALYL ACETATE SYNTHETIC|(+-)-Linalyl acetate|Acetic acid-linalyl ester|CHEBI:6469|linaloyl acetate|rac-3,7-dimethylocta-1,6-dien-3-yl acetate|(+-)-3,7-dimethylocta-1,6-dien-3-yl acetate|(-)-S-Linalyl acetate|(+/-)-linalyl acetate|(1,5-dimethyl-1-vinyl-hex-4-enyl) acetate|Linalyl acetate (Standard)|3,6-octadien-3-ol acetate|3,6-octadien-3-yl acetate|SCHEMBL58028|(.+/-.)-Linalyl acetate|LINALYL ACETATE [MI]|Linalyl acetate Ex Petitgrain|LINALYL ACETATE [FCC]|Linalyl acetate Synthetic FCC|UNII: 5K47SSQ51G|1, 3,7-dimethyl-, acetate|LINALYL ACETATE [FHFI]|LINALYL ACETATE [HSDB]|CHEMBL502773|WLN: 1Y&U3Y1U1OV1|FEMA 2636|HY-N6948R|NSC2138|Linalyl acetate, natural, >=80%|HY-N6948|Linalyl acetate, analytical standard|Tox21_201306|Tox21_303134|AKOS015901735|Linalyl acetate, >=97%, FCC, FG|CS-W010587|3,7-dimethyl-1,6octadien-3-yl acetate|NCGC00164001-01|NCGC00164001-02|NCGC00257047-01|NCGC00258858-01|1,5-Dimethyl-1-vinylhex-4-enyl acetate|AC-20000|BS-49383|FL156882|L0049|NS00010320|Salvia desoleana Atzei & Picci essential oil.|3,7-Dimethyl-acetate(3R)-1,6-Octadien-3-ol|E80781|1,6-Octadien-3-ol, 3, 7-dimethyl-, acetate|3,7-Dimethyl-1,6-octadien-3-yl acetate, 97%|EN300-7444436|3,7-Dimethyl-3-acetate(3R)-1,6-Octadien-3-ol|Q188314|Flavor and Extract Manufacturers' Association No. 2636|Z1255415454|Acetic acid-linalyl ester 1000 microg/mL in Acetonitrile|204-116-4",1.0,cmaup_ingredients;fooddb_chem_all;hmdb_chem_all;imppat_phytochem;npass_chem_all;pubchem,C=CCOC=O)C)))CCC=CC)C)))))C,0.0,0.0,"Isolated from numerous plants and essential oils, e.g. clary sage, lavender, lemon etc. Flavouring ingredient  Linalyl acetate is a naturally-occurring phytochemical found in many flowers and spice plants. It is one of the principal components of the essential oils of bergamot and lavender. Chemically, it is the acetate ester of linalool, and the two often occur in conjunction.",True,,Soluble,196.146,0.0,C=CC|CC=C(C)C|COC(C)=O,True,True,True,14.0,2.0,0.0,4:a3c7de2d-eea1-4c9a-bf12-e82557131610:137772,"InChI=1S/C12H20O2/c1-6-12(5,14-11(4)13)9-7-8-10(2)3/h6,8H,1,7,9H2,2-5H3",UWKAYLJWKGQEPM-UHFFFAOYSA-N,False,0.0,"3,7-dimethylocta-1,6-dien-3-yl acetate",Organic compounds,Phytochemical,Phytochemical,True,2.792,-2.927,237.0,C12H20O2,Aliphatic acyclic compounds,196.29,196.146,0.0,Linalyl acetate,False,Terpenoids,Acyclic monoterpenoids,Monoterpenoids,,False,6.0,,,,Soluble,CC(=CCCC(C)(C=C)OC(=O)C)C,Solid,Monoterpenoids,Acyclic monoterpenoid|Acetate salt|Carboxylic acid ester|Ether|Carboxylic acid derivative|Hydrocarbon derivative|Organooxygen compound|Carbonyl group|Aliphatic acyclic compound,Lipids and lipid-like molecules,"(-)-S-Linalyl acetate|(+)-1,5-Dimethyl-1-vinylhex-4-enyl acetate|(1)-1,5-Dimethyl-1-vinylhex-4-enyl acetate|(r)-linalyl acetate|1,5-Dimethyl-1-vinyl-4-hexenyl acetate|1,5-dimethyl-1-vinylhex-4-en-1-yl acetate|1,6-Octadien-3-ol, 3, 7-dimethyl-, acetate|1,6-Octadien-3-ol, 3,7-dimethyl-, 3-acetate|1,6-Octadien-3-ol, 3,7-dimethyl-, 3-acetate, (3R)-|1,6-Octadien-3-ol, 3,7-dimethyl-, acetate|1,6-Octadien-3-ol, 3,7-dimethyl-, acetate, (3R)-|3,7-Dimethyl-1,6-ctadien-3-ol acetate|3,7-Dimethyl-1,6-octadien-3-ol acetate|3,7-Dimethyl-1,6-octadien-3-yl acetate|3,7-Dimethyl-3-acetate(3R)-1,6-octadien-3-ol|3,7-Dimethyl-acetate(3R)-1,6-octadien-3-ol|Acetic acid linalool ester|Aetic acid linalool ester|Bergamiol|Bergamol|Bergamot mint oil|Dehydrolinalool, acetate|Ex bois de rose (synthetic)|FEMA 2636|Licareol acetate|Linalol acetate|Linalool acetate|Linalyl acetate|Linalyl acetate synthetic|Lynalyl acetate|Phanteine|Linalyl acetic acid|(R)-Linalyl acetate|1,5-Dimethyl-1-vinylhex-4-en-1-yl acetate|Linalyl acetate, (+-)-isomer|Linalyl acetate, (R)-isomer|Linalyl acetate, (S)-isomer|3,7-Dimethylocta-1,6-dien-3-yl acetic acid|(-)-linalyl-acetate, linaloo acetate, linalool acetate, linalool and its acetate, linalyl acetate, linalyl acetate*, linalyl acétate, linalyl-acetate, linalylacetate, linayl acetate, liýnalyl acetate",,Acyclic monoterpenoids,26.3,1.0,0.0,P04150|n.a.|P19838,True,3.3
-2.7671018,0.6666666666666666,1.0,0.0,0.0,True,189061,,Prenol lipids,Organic compounds,Sesquiterpenoids,Lipids and lipid-like molecules,Procurcumenol,"Procurcumenol|21698-40-8|(1S,3aR,8aS)-1-hydroxy-1,4-dimethyl-7-propan-2-ylidene-3,3a,8,8a-tetrahydro-2H-azulen-6-one|(3S,3aS,8aR)-3-hydroxy-3,8-dimethyl-5-propan-2-ylidene-2,3a,4,8a-tetrahydro-1H-azulen-6-one|CHEMBL2332430|C46YDH55ZN|SCHEMBL3297651|RHBOHEXDGUVIIY-WHOFXGATSA-|DTXSID80944312|CHEBI:168250|BDBM50429858|AKOS040760648|FS-7871|DA-77077|Guaia-7(11),9-dien-8-one, 4-hydroxy-|HY-124474|CS-0086608|3-Hydroxy-3,8-dimethyl-5-(propan-2-ylidene)-2,3,3a,4,5,8a-hexahydroazulen-6(1H)-one|(1R)-2,3,3aalpha,7,8,8aalpha-Hexahydro-1alpha-hydroxy-1,4-dimethyl-7-(1-methylethylidene)azulen-6(1H)-one|(1S,3AR,8AS)-1-HYDROXY-1,4-DIMETHYL-7-(PROPAN-2-YLIDENE)-3,3A,8,8A-TETRAHYDRO-2H-AZULEN-6-ONE|(1S,3aR,8aS)-2,3,3a,7,8,8a-Hexahydro-1-hydroxy-1,4-dimethyl-7-(1-methylethylidene)-6(1H)-azulenone|(3S,3aS,8aR)-3-hydroxy-3,8-dimethyl-5-(propan-2-ylidene)-1,2,3,3a,4,5,6,8a-octahydroazulen-6-one|6(1H)-Azulenone, 2,3,3a,7,8,8a-hexahydro-1-hydroxy-1,4-dimethyl-7-(1-methylethylidene)-, (1S,3aR,8aS)-|InChI=1/C15H22O2/c1-9(2)12-8-13-11(5-6-15(13,4)17)10(3)7-14(12)16/h7,11,13,17H,5-6,8H2,1-4H3/t11-,13-,15-/m0/s1",1.0,cmaup_ingredients;imppat_phytochem;npass_chem_all;pubchem,CC=CC=O)C=CC)C))C[C@H][C@H]7CC[C@]5C)O,3.0,0.0,,True,,Soluble,234.162,0.0,CC(C)=CC(=O)C(C)=C(C)C|CO,True,True,True,17.0,2.0,1.0,4:a3c7de2d-eea1-4c9a-bf12-e82557131610:103664,"InChI=1S/C15H22O2/c1-9(2)12-8-13-11(5-6-15(13,4)17)10(3)7-14(12)16/h7,11,13,17H,5-6,8H2,1-4H3/t11-,13-,15-/m0/s1",RHBOHEXDGUVIIY-WHOFXGATSA-N,False,0.0,"(3S,3aS,8aR)-3-hydroxy-3,8-dimethyl-5-propan-2-ylidene-2,3a,4,8a-tetrahydro-1H-azulen-6-one",,Phytochemical,Phytochemical,True,2.185,-3.219,413.0,C15H22O2,,234.33,234.162,2.0,Procurcumenol,False,Terpenoids,Guaiane sesquiterpenoids,Sesquiterpenoids,,False,0.0,CC1CCC2CCCC2CC1C,C=C1CC2CCCC2C=CC1=O,CC1CC2CCCC2CCC1O,Soluble,CC1=CC(=O)C(=C(C)C)C[C@H]2[C@H]1CC[C@]2(C)O,,,,,procurcumenol,NPT1210|NPT178,,37.3,3.0,0.0,P17706|P18031,True,2.3
,,,,,True,5365992,,Fatty acyls,Organic compounds,Fatty alcohol esters,Lipids and lipid-like molecules,Geranyl hexanoate,"Geranyl caproate|Geranyl hexanoate|10032-02-7|[(2E)-3,7-dimethylocta-2,6-dienyl] hexanoate|Neryl caproate|FEMA No. 2515|Hexanoic acid, (2E)-3,7-dimethyl-2,6-octadien-1-yl ester|Geranyl hexanoate (natural)|Hexanoic acid, 3,7-dimethyl-2,6-octadienyl ester, (E)-|EINECS 233-102-0|7YL4OO10LS|Hexanoic acid, (2E)-3,7-dimethyl-2,6-octadienyl ester|2,6-OCTADIEN-1-OL, 3,7-DIMETHYL-, HEXANOATE, (E)-|(E)-3,7-Dimethylocta-2,6-dien-1-yl n-hexanoate|AI3-36014|GERANIOL CAPROATE|GERANIOL HEXANOATE|EINECS 269-718-1|3,7-Dimethyl-2,6-octadienyl hexanoate, (E)-|Hexanoic acid, 3,7-dimethylocta-2,6-dien-1-yl ester, (E)-|3,7-Dimethyl-2,6-octadien-1-yl hexanoate, trans-|(E)-3,7-Dimethyl-2,6-octadienyl hexanoate|GERANYL HEXANOATE [FHFI]|DTXSID20881398|Hexanoic acid, (2Z)-3,7-dimethyl-2,6-octadienyl ester|WE(8:2(2E,6E)(3Me,7Me)/6:0)|Geranyl n-hexanoate|Hexanoic acid, (2Z)-3,7-dimethyl-2,6-octadien-1-yl ester|((2E)-3,7-dimethylocta-2,6-dienyl) hexanoate|UNII-7YL4OO10LS|68310-59-8|(2E)-3,7-Dimethyl-2,6-octadienyl hexanoate|SCHEMBL874133|SCHEMBL874134|DTXCID00909549|CHEBI:196061|LMFA07010618|NS00012499|(E)-3,7-Dimethylocta-2,6-dien-1-yl hexanoate|Q27269023|233-102-0",1.0,imppat_phytochem;pubchem,CCCCCC=O)OC/C=C/CCC=CC)C)))))C,0.0,1.0,,True,,Moderately soluble,252.209,0.0,C/C=C(/C)C|CC=C(C)C|COC(C)=O,True,True,False,18.0,2.0,0.0,4:a3c7de2d-eea1-4c9a-bf12-e82557131610:124139,"InChI=1S/C16H28O2/c1-5-6-7-11-16(17)18-13-12-15(4)10-8-9-14(2)3/h9,12H,5-8,10-11,13H2,1-4H3/b15-12+",ARVSCQUZFFSNKF-NTCAYCPXSA-N,False,0.0,"[(2E)-3,7-dimethylocta-2,6-dienyl] hexanoate",,Phytochemical,Phytochemical,True,,,283.0,C16H28O2,,252.39,252.209,,Geranyl hexanoate,False,Fatty acids,Wax monoesters,Fatty esters,,False,10.0,,,,Moderately soluble,CCCCCC(=O)OC/C=C(\C)/CCC=C(C)C,,,,,"geranyl caproate, geranyl hexanoate, geranylhexanoate",,,26.3,0.0,1.0,,True,5.4
