ID,INCHIKEY,INCHI,SMILES,SDF,CID,FORMULA,MW,EXACT_MW,LOGP,TPSA,ATOM,HBA,HBD,ROTB,AROM,ALERTS,DL,OB
1,ATLJNLYIJOCWJE-CWMZOUAVSA-N,"1S/C24H32O4/c1-22-9-7-16(25)11-15(22)4-5-18-17(22)8-10-23(2)19(12-20-24(18,23)28-20)14-3-6-21(26)27-13-14/h3,6,13,15-20,25H,4-5,7-12H2,1-2H3/t15-,16+,17+,18-,19-,20-,22+,23-,24-/m1/s1",C[C@]12CC[C@H]3[C@@H](CC[C@@H]4C[C@@H](O)CC[C@]34C)[C@]11O[C@@H]1C[C@@H]2c1ccc(=O)oc1,"1.cdx
  Mrv1902 06152610592D          

 33 38  0  0  0  0            999 V2000
    4.1723   -6.2336    0.0000 C   0  0  0  0  0  0  0  0  0  0  0  0
    4.1723   -7.0586    0.0000 C   0  0  1  0  0  0  0  0  0  0  0  0
    4.8867   -7.4711    0.0000 C   0  0  0  0  0  0  0  0  0  0  0  0
    5.6012   -7.0586    0.0000 C   0  0  2  0  0  0  0  0  0  0  0  0
    5.6012   -6.2336    0.0000 C   0  0  2  0  0  0  0  0  0  0  0  0
    4.8867   -5.8211    0.0000 C   0  0  0  0  0  0  0  0  0  0  0  0
    6.3157   -7.4711    0.0000 C   0  0  0  0  0  0  0  0  0  0  0  0
    7.0301   -7.0586    0.0000 C   0  0  0  0  0  0  0  0  0  0  0  0
    7.0301   -6.2336    0.0000 C   0  0  2  0  0  0  0  0  0  0  0  0
    6.3157   -5.8211    0.0000 C   0  0  2  0  0  0  0  0  0  0  0  0
    7.7446   -5.8211    0.0000 C   0  0  2  0  0  0  0  0  0  0  0  0
    7.7446   -4.9961    0.0000 C   0  0  2  0  0  0  0  0  0  0  0  0
    7.0301   -4.5836    0.0000 C   0  0  2  0  0  0  0  0  0  0  0  0
    6.3157   -4.9961    0.0000 C   0  0  0  0  0  0  0  0  0  0  0  0
    8.5292   -6.0761    0.0000 C   0  0  1  0  0  0  0  0  0  0  0  0
    9.0142   -5.4086    0.0000 C   0  0  2  0  0  0  0  0  0  0  0  0
    8.5292   -4.7412    0.0000 C   0  0  2  0  0  0  0  0  0  0  0  0
    8.7842   -3.9566    0.0000 C   0  0  0  0  0  0  0  0  0  0  0  0
    9.5911   -3.7851    0.0000 C   0  0  0  0  0  0  0  0  0  0  0  0
    8.2321   -3.3435    0.0000 C   0  0  0  0  0  0  0  0  0  0  0  0
    9.8461   -3.0004    0.0000 C   0  0  0  0  0  0  0  0  0  0  0  0
    8.4871   -2.5589    0.0000 O   0  0  0  0  0  0  0  0  0  0  0  0
    9.2940   -2.3873    0.0000 C   0  0  0  0  0  0  0  0  0  0  0  0
    9.5490   -1.6027    0.0000 O   0  0  0  0  0  0  0  0  0  0  0  0
    3.4578   -7.4711    0.0000 O   0  0  0  0  0  0  0  0  0  0  0  0
    5.6012   -5.4086    0.0000 C   0  0  0  0  0  0  0  0  0  0  0  0
    5.6012   -7.8836    0.0000 H   0  0  0  0  0  0  0  0  0  0  0  0
    7.0301   -3.7586    0.0000 H   0  0  0  0  0  0  0  0  0  0  0  0
    7.8308   -4.1757    0.0000 C   0  0  0  0  0  0  0  0  0  0  0  0
    9.8392   -5.4086    0.0000 H   0  0  0  0  0  0  0  0  0  0  0  0
    7.8308   -6.6416    0.0000 O   0  0  0  0  0  0  0  0  0  0  0  0
    6.3157   -6.6461    0.0000 H   0  0  0  0  0  0  0  0  0  0  0  0
    7.0301   -5.4086    0.0000 H   0  0  0  0  0  0  0  0  0  0  0  0
  1  2  1  0  0  0  0
  2  3  1  0  0  0  0
  3  4  1  0  0  0  0
  4  5  1  0  0  0  0
  5  6  1  0  0  0  0
  6  1  1  0  0  0  0
  4  7  1  0  0  0  0
  7  8  1  0  0  0  0
  8  9  1  0  0  0  0
  9 10  1  0  0  0  0
 10  5  1  0  0  0  0
  9 11  1  0  0  0  0
 11 12  1  0  0  0  0
 12 13  1  0  0  0  0
 13 14  1  0  0  0  0
 14 10  1  0  0  0  0
 11 15  1  0  0  0  0
 15 16  1  0  0  0  0
 16 17  1  0  0  0  0
 17 12  1  0  0  0  0
 17 18  1  1  0  0  0
 18 19  1  0  0  0  0
 18 20  2  0  0  0  0
 19 21  2  0  0  0  0
 20 22  1  0  0  0  0
 21 23  1  0  0  0  0
 22 23  1  0  0  0  0
 23 24  2  0  0  0  0
  2 25  1  1  0  0  0
  5 26  1  1  0  0  0
  4 27  1  1  0  0  0
 13 28  1  1  0  0  0
 12 29  1  1  0  0  0
 16 30  1  1  0  0  0
 11 31  1  1  0  0  0
 15 31  1  1  0  0  0
 10 32  1  6  0  0  0
  9 33  1  1  0  0  0
M  END
>  <cdx:fragmentId>
206

$$$$
",6917974,C24H32O4,384.516,384.23005951,3.364,59.06,60,3,1,1,1,1,0.7555204446818593,Y
2,ATLJNLYIJOCWJE-GBXHWQOESA-N,"1S/C24H32O4/c1-22-9-7-16(25)11-15(22)4-5-18-17(22)8-10-23(2)19(12-20-24(18,23)28-20)14-3-6-21(26)27-13-14/h3,6,13,15-20,25H,4-5,7-12H2,1-2H3/t15-,16-,17+,18-,19-,20-,22+,23-,24-/m1/s1",C[C@]12CC[C@H]3[C@@H](CC[C@@H]4C[C@H](O)CC[C@]34C)[C@]11O[C@@H]1C[C@@H]2c1ccc(=O)oc1,"2.cdx
  Mrv1902 06152610572D          

 33 38  0  0  0  0            999 V2000
    4.1723   -6.2336    0.0000 C   0  0  0  0  0  0  0  0  0  0  0  0
    4.1723   -7.0586    0.0000 C   0  0  2  0  0  0  0  0  0  0  0  0
    4.8867   -7.4711    0.0000 C   0  0  0  0  0  0  0  0  0  0  0  0
    5.6012   -7.0586    0.0000 C   0  0  2  0  0  0  0  0  0  0  0  0
    5.6012   -6.2336    0.0000 C   0  0  2  0  0  0  0  0  0  0  0  0
    4.8867   -5.8211    0.0000 C   0  0  0  0  0  0  0  0  0  0  0  0
    6.3157   -7.4711    0.0000 C   0  0  0  0  0  0  0  0  0  0  0  0
    7.0301   -7.0586    0.0000 C   0  0  0  0  0  0  0  0  0  0  0  0
    7.0301   -6.2336    0.0000 C   0  0  2  0  0  0  0  0  0  0  0  0
    6.3157   -5.8211    0.0000 C   0  0  2  0  0  0  0  0  0  0  0  0
    7.7446   -5.8211    0.0000 C   0  0  2  0  0  0  0  0  0  0  0  0
    7.7446   -4.9961    0.0000 C   0  0  2  0  0  0  0  0  0  0  0  0
    7.0301   -4.5836    0.0000 C   0  0  2  0  0  0  0  0  0  0  0  0
    6.3157   -4.9961    0.0000 C   0  0  0  0  0  0  0  0  0  0  0  0
    8.5292   -6.0761    0.0000 C   0  0  1  0  0  0  0  0  0  0  0  0
    9.0142   -5.4086    0.0000 C   0  0  2  0  0  0  0  0  0  0  0  0
    8.5292   -4.7412    0.0000 C   0  0  2  0  0  0  0  0  0  0  0  0
    8.7842   -3.9566    0.0000 C   0  0  0  0  0  0  0  0  0  0  0  0
    9.5911   -3.7851    0.0000 C   0  0  0  0  0  0  0  0  0  0  0  0
    8.2321   -3.3435    0.0000 C   0  0  0  0  0  0  0  0  0  0  0  0
    9.8461   -3.0004    0.0000 C   0  0  0  0  0  0  0  0  0  0  0  0
    8.4871   -2.5589    0.0000 O   0  0  0  0  0  0  0  0  0  0  0  0
    9.2940   -2.3873    0.0000 C   0  0  0  0  0  0  0  0  0  0  0  0
    9.5490   -1.6027    0.0000 O   0  0  0  0  0  0  0  0  0  0  0  0
    3.4578   -7.4711    0.0000 O   0  0  0  0  0  0  0  0  0  0  0  0
    5.6012   -5.4086    0.0000 C   0  0  0  0  0  0  0  0  0  0  0  0
    5.6012   -7.8836    0.0000 H   0  0  0  0  0  0  0  0  0  0  0  0
    7.0301   -3.7586    0.0000 H   0  0  0  0  0  0  0  0  0  0  0  0
    7.8308   -4.1757    0.0000 C   0  0  0  0  0  0  0  0  0  0  0  0
    9.8392   -5.4086    0.0000 H   0  0  0  0  0  0  0  0  0  0  0  0
    7.8308   -6.6416    0.0000 O   0  0  0  0  0  0  0  0  0  0  0  0
    6.3157   -6.6461    0.0000 H   0  0  0  0  0  0  0  0  0  0  0  0
    7.0301   -5.4086    0.0000 H   0  0  0  0  0  0  0  0  0  0  0  0
  1  2  1  0  0  0  0
  2  3  1  0  0  0  0
  3  4  1  0  0  0  0
  4  5  1  0  0  0  0
  5  6  1  0  0  0  0
  6  1  1  0  0  0  0
  4  7  1  0  0  0  0
  7  8  1  0  0  0  0
  8  9  1  0  0  0  0
  9 10  1  0  0  0  0
 10  5  1  0  0  0  0
  9 11  1  0  0  0  0
 11 12  1  0  0  0  0
 12 13  1  0  0  0  0
 13 14  1  0  0  0  0
 14 10  1  0  0  0  0
 11 15  1  0  0  0  0
 15 16  1  0  0  0  0
 16 17  1  0  0  0  0
 17 12  1  0  0  0  0
 17 18  1  1  0  0  0
 18 19  1  0  0  0  0
 18 20  2  0  0  0  0
 19 21  2  0  0  0  0
 20 22  1  0  0  0  0
 21 23  1  0  0  0  0
 22 23  1  0  0  0  0
 23 24  2  0  0  0  0
  2 25  1  6  0  0  0
  5 26  1  1  0  0  0
  4 27  1  1  0  0  0
 13 28  1  1  0  0  0
 12 29  1  1  0  0  0
 16 30  1  1  0  0  0
 11 31  1  1  0  0  0
 15 31  1  1  0  0  0
 10 32  1  6  0  0  0
  9 33  1  1  0  0  0
M  END
>  <cdx:fragmentId>
206

$$$$
",70684536,C24H32O4,384.516,384.23005951,3.364,59.06,60,3,1,1,1,1,0.7555204446818593,Y
3,LFLJTMIVTFTLOA-RLKKFORUSA-N,"1S/C24H30O5/c1-22-8-7-17-18(4-3-15-10-16(26)6-9-23(15,17)13-25)24(22)20(29-24)11-19(22)14-2-5-21(27)28-12-14/h2,5,12-13,15-20,26H,3-4,6-11H2,1H3/t15-,16+,17+,18-,19-,20-,22-,23-,24-/m1/s1",C[C@]12CC[C@H]3[C@@H](CC[C@@H]4C[C@@H](O)CC[C@]34C=O)[C@]11O[C@@H]1C[C@@H]2c1ccc(=O)oc1,"3.cdx
  Mrv1902 06152610582D          

 34 39  0  0  0  0            999 V2000
    4.1723   -6.2336    0.0000 C   0  0  0  0  0  0  0  0  0  0  0  0
    4.1723   -7.0586    0.0000 C   0  0  1  0  0  0  0  0  0  0  0  0
    4.8867   -7.4711    0.0000 C   0  0  0  0  0  0  0  0  0  0  0  0
    5.6012   -7.0586    0.0000 C   0  0  2  0  0  0  0  0  0  0  0  0
    5.6012   -6.2336    0.0000 C   0  0  2  0  0  0  0  0  0  0  0  0
    4.8867   -5.8211    0.0000 C   0  0  0  0  0  0  0  0  0  0  0  0
    6.3157   -7.4711    0.0000 C   0  0  0  0  0  0  0  0  0  0  0  0
    7.0301   -7.0586    0.0000 C   0  0  0  0  0  0  0  0  0  0  0  0
    7.0301   -6.2336    0.0000 C   0  0  2  0  0  0  0  0  0  0  0  0
    6.3157   -5.8211    0.0000 C   0  0  2  0  0  0  0  0  0  0  0  0
    7.7446   -5.8211    0.0000 C   0  0  2  0  0  0  0  0  0  0  0  0
    7.7446   -4.9961    0.0000 C   0  0  2  0  0  0  0  0  0  0  0  0
    7.0301   -4.5836    0.0000 C   0  0  2  0  0  0  0  0  0  0  0  0
    6.3157   -4.9961    0.0000 C   0  0  0  0  0  0  0  0  0  0  0  0
    8.5292   -6.0761    0.0000 C   0  0  1  0  0  0  0  0  0  0  0  0
    9.0142   -5.4086    0.0000 C   0  0  2  0  0  0  0  0  0  0  0  0
    8.5292   -4.7412    0.0000 C   0  0  2  0  0  0  0  0  0  0  0  0
    8.7842   -3.9566    0.0000 C   0  0  0  0  0  0  0  0  0  0  0  0
    9.5911   -3.7851    0.0000 C   0  0  0  0  0  0  0  0  0  0  0  0
    8.2321   -3.3435    0.0000 C   0  0  0  0  0  0  0  0  0  0  0  0
    9.8461   -3.0004    0.0000 C   0  0  0  0  0  0  0  0  0  0  0  0
    8.4871   -2.5589    0.0000 O   0  0  0  0  0  0  0  0  0  0  0  0
    9.2940   -2.3873    0.0000 C   0  0  0  0  0  0  0  0  0  0  0  0
    9.5490   -1.6027    0.0000 O   0  0  0  0  0  0  0  0  0  0  0  0
    3.4578   -7.4711    0.0000 O   0  0  0  0  0  0  0  0  0  0  0  0
    5.6012   -5.4086    0.0000 C   0  0  0  0  0  0  0  0  0  0  0  0
    5.6012   -7.8836    0.0000 H   0  0  0  0  0  0  0  0  0  0  0  0
    7.0301   -3.7586    0.0000 H   0  0  0  0  0  0  0  0  0  0  0  0
    7.8308   -4.1757    0.0000 C   0  0  0  0  0  0  0  0  0  0  0  0
    9.8392   -5.4086    0.0000 H   0  0  0  0  0  0  0  0  0  0  0  0
    7.8308   -6.6416    0.0000 O   0  0  0  0  0  0  0  0  0  0  0  0
    4.8867   -4.9961    0.0000 O   0  0  0  0  0  0  0  0  0  0  0  0
    6.3157   -6.6461    0.0000 H   0  0  0  0  0  0  0  0  0  0  0  0
    7.0301   -5.4086    0.0000 H   0  0  0  0  0  0  0  0  0  0  0  0
  1  2  1  0  0  0  0
  2  3  1  0  0  0  0
  3  4  1  0  0  0  0
  4  5  1  0  0  0  0
  5  6  1  0  0  0  0
  6  1  1  0  0  0  0
  4  7  1  0  0  0  0
  7  8  1  0  0  0  0
  8  9  1  0  0  0  0
  9 10  1  0  0  0  0
 10  5  1  0  0  0  0
  9 11  1  0  0  0  0
 11 12  1  0  0  0  0
 12 13  1  0  0  0  0
 13 14  1  0  0  0  0
 14 10  1  0  0  0  0
 11 15  1  0  0  0  0
 15 16  1  0  0  0  0
 16 17  1  0  0  0  0
 17 12  1  0  0  0  0
 17 18  1  1  0  0  0
 18 19  1  0  0  0  0
 18 20  2  0  0  0  0
 19 21  2  0  0  0  0
 20 22  1  0  0  0  0
 21 23  1  0  0  0  0
 22 23  1  0  0  0  0
 23 24  2  0  0  0  0
  2 25  1  1  0  0  0
  5 26  1  1  0  0  0
  4 27  1  1  0  0  0
 13 28  1  1  0  0  0
 12 29  1  1  0  0  0
 16 30  1  1  0  0  0
 11 31  1  1  0  0  0
 15 31  1  1  0  0  0
 26 32  2  0  0  0  0
 10 33  1  6  0  0  0
  9 34  1  1  0  0  0
M  END
>  <cdx:fragmentId>
206

$$$$
",12314890,C24H30O5,398.499,398.209324066,2.397,76.13,59,4,1,2,1,2,0.613116581893074,Y
4,IXZHDDUFQVXHIL-UOAIQHMYSA-N,"1S/C24H32O5/c1-22-9-7-15(25)11-14(22)4-5-17-16(22)8-10-23(2)19(13-3-6-18(26)28-12-13)20(27)21-24(17,23)29-21/h3,6,12,14-17,19-21,25,27H,4-5,7-11H2,1-2H3/t14-,15+,16+,17-,19+,20-,21-,22+,23-,24-/m1/s1",C[C@]12CC[C@H]3[C@@H](CC[C@@H]4C[C@@H](O)CC[C@]34C)[C@]11O[C@@H]1[C@H](O)[C@@H]2c1ccc(=O)oc1,"4.cdx
  Mrv1902 06152611002D          

 33 38  0  0  0  0            999 V2000
    4.1723   -6.2336    0.0000 C   0  0  0  0  0  0  0  0  0  0  0  0
    4.1723   -7.0586    0.0000 C   0  0  1  0  0  0  0  0  0  0  0  0
    4.8867   -7.4711    0.0000 C   0  0  0  0  0  0  0  0  0  0  0  0
    5.6012   -7.0586    0.0000 C   0  0  2  0  0  0  0  0  0  0  0  0
    5.6012   -6.2336    0.0000 C   0  0  2  0  0  0  0  0  0  0  0  0
    4.8867   -5.8211    0.0000 C   0  0  0  0  0  0  0  0  0  0  0  0
    6.3157   -7.4711    0.0000 C   0  0  0  0  0  0  0  0  0  0  0  0
    7.0301   -7.0586    0.0000 C   0  0  0  0  0  0  0  0  0  0  0  0
    7.0301   -6.2336    0.0000 C   0  0  2  0  0  0  0  0  0  0  0  0
    6.3157   -5.8211    0.0000 C   0  0  2  0  0  0  0  0  0  0  0  0
    7.7446   -5.8211    0.0000 C   0  0  2  0  0  0  0  0  0  0  0  0
    7.7446   -4.9961    0.0000 C   0  0  2  0  0  0  0  0  0  0  0  0
    7.0301   -4.5836    0.0000 C   0  0  2  0  0  0  0  0  0  0  0  0
    6.3157   -4.9961    0.0000 C   0  0  0  0  0  0  0  0  0  0  0  0
    8.5292   -6.0761    0.0000 C   0  0  1  0  0  0  0  0  0  0  0  0
    9.0142   -5.4086    0.0000 C   0  0  1  0  0  0  0  0  0  0  0  0
    8.5292   -4.7412    0.0000 C   0  0  2  0  0  0  0  0  0  0  0  0
    8.7842   -3.9566    0.0000 C   0  0  0  0  0  0  0  0  0  0  0  0
    9.5911   -3.7851    0.0000 C   0  0  0  0  0  0  0  0  0  0  0  0
    8.2321   -3.3435    0.0000 C   0  0  0  0  0  0  0  0  0  0  0  0
    9.8461   -3.0004    0.0000 C   0  0  0  0  0  0  0  0  0  0  0  0
    8.4871   -2.5589    0.0000 O   0  0  0  0  0  0  0  0  0  0  0  0
    9.2940   -2.3873    0.0000 C   0  0  0  0  0  0  0  0  0  0  0  0
    9.5490   -1.6027    0.0000 O   0  0  0  0  0  0  0  0  0  0  0  0
    3.4578   -7.4711    0.0000 O   0  0  0  0  0  0  0  0  0  0  0  0
    5.6012   -5.4086    0.0000 C   0  0  0  0  0  0  0  0  0  0  0  0
    5.6012   -7.8836    0.0000 H   0  0  0  0  0  0  0  0  0  0  0  0
    7.0301   -3.7586    0.0000 H   0  0  0  0  0  0  0  0  0  0  0  0
    7.8308   -4.1757    0.0000 C   0  0  0  0  0  0  0  0  0  0  0  0
    9.8392   -5.4086    0.0000 O   0  0  0  0  0  0  0  0  0  0  0  0
    7.8308   -6.6416    0.0000 O   0  0  0  0  0  0  0  0  0  0  0  0
    6.3157   -6.6461    0.0000 H   0  0  0  0  0  0  0  0  0  0  0  0
    7.0301   -5.4086    0.0000 H   0  0  0  0  0  0  0  0  0  0  0  0
  1  2  1  0  0  0  0
  2  3  1  0  0  0  0
  3  4  1  0  0  0  0
  4  5  1  0  0  0  0
  5  6  1  0  0  0  0
  6  1  1  0  0  0  0
  4  7  1  0  0  0  0
  7  8  1  0  0  0  0
  8  9  1  0  0  0  0
  9 10  1  0  0  0  0
 10  5  1  0  0  0  0
  9 11  1  0  0  0  0
 11 12  1  0  0  0  0
 12 13  1  0  0  0  0
 13 14  1  0  0  0  0
 14 10  1  0  0  0  0
 11 15  1  0  0  0  0
 15 16  1  0  0  0  0
 16 17  1  0  0  0  0
 17 12  1  0  0  0  0
 17 18  1  1  0  0  0
 18 19  1  0  0  0  0
 18 20  2  0  0  0  0
 19 21  2  0  0  0  0
 20 22  1  0  0  0  0
 21 23  1  0  0  0  0
 22 23  1  0  0  0  0
 23 24  2  0  0  0  0
  2 25  1  1  0  0  0
  5 26  1  1  0  0  0
  4 27  1  1  0  0  0
 13 28  1  1  0  0  0
 12 29  1  1  0  0  0
 16 30  1  1  0  0  0
 11 31  1  1  0  0  0
 15 31  1  1  0  0  0
 10 32  1  6  0  0  0
  9 33  1  1  0  0  0
M  END
>  <cdx:fragmentId>
206

$$$$
",11877495,C24H32O5,400.515,400.22497413,2.367,79.29,61,4,2,1,1,1,0.7096271792847345,Y
5,JMNQTHQLNRILMH-OBBGIPBRSA-N,"1S/C24H32O5/c1-21-8-5-15(25)12-23(21,27)10-7-17-16(21)6-9-22(2)18(11-19-24(17,22)29-19)14-3-4-20(26)28-13-14/h3-4,13,15-19,25,27H,5-12H2,1-2H3/t15-,16-,17+,18+,19+,21+,22+,23-,24+/m0/s1",C[C@]12CC[C@H]3[C@@H](CC[C@]4(O)C[C@@H](O)CC[C@]34C)[C@]11O[C@@H]1C[C@@H]2c1ccc(=O)oc1,"5.cdx
  Mrv1902 06152611012D          

 33 38  0  0  0  0            999 V2000
    4.1723   -6.2336    0.0000 C   0  0  0  0  0  0  0  0  0  0  0  0
    4.1723   -7.0586    0.0000 C   0  0  1  0  0  0  0  0  0  0  0  0
    4.8867   -7.4711    0.0000 C   0  0  0  0  0  0  0  0  0  0  0  0
    5.6012   -7.0586    0.0000 C   0  0  2  0  0  0  0  0  0  0  0  0
    5.6012   -6.2336    0.0000 C   0  0  2  0  0  0  0  0  0  0  0  0
    4.8867   -5.8211    0.0000 C   0  0  0  0  0  0  0  0  0  0  0  0
    6.3157   -7.4711    0.0000 C   0  0  0  0  0  0  0  0  0  0  0  0
    7.0301   -7.0586    0.0000 C   0  0  0  0  0  0  0  0  0  0  0  0
    7.0301   -6.2336    0.0000 C   0  0  2  0  0  0  0  0  0  0  0  0
    6.3157   -5.8211    0.0000 C   0  0  2  0  0  0  0  0  0  0  0  0
    7.7446   -5.8211    0.0000 C   0  0  2  0  0  0  0  0  0  0  0  0
    7.7446   -4.9961    0.0000 C   0  0  2  0  0  0  0  0  0  0  0  0
    7.0301   -4.5836    0.0000 C   0  0  2  0  0  0  0  0  0  0  0  0
    6.3157   -4.9961    0.0000 C   0  0  0  0  0  0  0  0  0  0  0  0
    8.5292   -6.0761    0.0000 C   0  0  1  0  0  0  0  0  0  0  0  0
    9.0142   -5.4086    0.0000 C   0  0  2  0  0  0  0  0  0  0  0  0
    8.5292   -4.7412    0.0000 C   0  0  2  0  0  0  0  0  0  0  0  0
    8.7842   -3.9566    0.0000 C   0  0  0  0  0  0  0  0  0  0  0  0
    9.5911   -3.7851    0.0000 C   0  0  0  0  0  0  0  0  0  0  0  0
    8.2321   -3.3435    0.0000 C   0  0  0  0  0  0  0  0  0  0  0  0
    9.8461   -3.0004    0.0000 C   0  0  0  0  0  0  0  0  0  0  0  0
    8.4871   -2.5589    0.0000 O   0  0  0  0  0  0  0  0  0  0  0  0
    9.2940   -2.3873    0.0000 C   0  0  0  0  0  0  0  0  0  0  0  0
    9.5490   -1.6027    0.0000 O   0  0  0  0  0  0  0  0  0  0  0  0
    3.4578   -7.4711    0.0000 O   0  0  0  0  0  0  0  0  0  0  0  0
    5.6012   -5.4086    0.0000 C   0  0  0  0  0  0  0  0  0  0  0  0
    5.6012   -7.8836    0.0000 O   0  0  0  0  0  0  0  0  0  0  0  0
    7.0301   -3.7586    0.0000 H   0  0  0  0  0  0  0  0  0  0  0  0
    7.8308   -4.1757    0.0000 C   0  0  0  0  0  0  0  0  0  0  0  0
    9.8392   -5.4086    0.0000 H   0  0  0  0  0  0  0  0  0  0  0  0
    7.8308   -6.6416    0.0000 O   0  0  0  0  0  0  0  0  0  0  0  0
    6.3157   -6.6461    0.0000 H   0  0  0  0  0  0  0  0  0  0  0  0
    7.0301   -5.4086    0.0000 H   0  0  0  0  0  0  0  0  0  0  0  0
  1  2  1  0  0  0  0
  2  3  1  0  0  0  0
  3  4  1  0  0  0  0
  4  5  1  0  0  0  0
  5  6  1  0  0  0  0
  6  1  1  0  0  0  0
  4  7  1  0  0  0  0
  7  8  1  0  0  0  0
  8  9  1  0  0  0  0
  9 10  1  0  0  0  0
 10  5  1  0  0  0  0
  9 11  1  0  0  0  0
 11 12  1  0  0  0  0
 12 13  1  0  0  0  0
 13 14  1  0  0  0  0
 14 10  1  0  0  0  0
 11 15  1  0  0  0  0
 15 16  1  0  0  0  0
 16 17  1  0  0  0  0
 17 12  1  0  0  0  0
 17 18  1  1  0  0  0
 18 19  1  0  0  0  0
 18 20  2  0  0  0  0
 19 21  2  0  0  0  0
 20 22  1  0  0  0  0
 21 23  1  0  0  0  0
 22 23  1  0  0  0  0
 23 24  2  0  0  0  0
  2 25  1  1  0  0  0
  5 26  1  1  0  0  0
  4 27  1  1  0  0  0
 13 28  1  1  0  0  0
 12 29  1  1  0  0  0
 16 30  1  1  0  0  0
 11 31  1  1  0  0  0
 15 31  1  1  0  0  0
 10 32  1  6  0  0  0
  9 33  1  1  0  0  0
M  END
>  <cdx:fragmentId>
206

$$$$
",11969465,C24H32O5,400.515,400.22497413,2.131,79.29,61,4,2,1,1,1,0.7081290334419167,Y
6,TYFUTHRVUVOENP-JDDPQDQSSA-N,"1S/C24H30O6/c1-21-7-5-16-17(6-9-23(28)11-15(26)4-8-22(16,23)13-25)24(21)19(30-24)10-18(21)14-2-3-20(27)29-12-14/h2-3,12-13,15-19,26,28H,4-11H2,1H3/t15-,16-,17+,18+,19+,21+,22-,23-,24+/m0/s1",C[C@]12CC[C@H]3[C@@H](CC[C@]4(O)C[C@@H](O)CC[C@]34C=O)[C@]11O[C@@H]1C[C@@H]2c1ccc(=O)oc1,"6.cdx
  Mrv1902 06152611022D          

 34 39  0  0  0  0            999 V2000
    4.1723   -6.2336    0.0000 C   0  0  0  0  0  0  0  0  0  0  0  0
    4.1723   -7.0586    0.0000 C   0  0  1  0  0  0  0  0  0  0  0  0
    4.8867   -7.4711    0.0000 C   0  0  0  0  0  0  0  0  0  0  0  0
    5.6012   -7.0586    0.0000 C   0  0  2  0  0  0  0  0  0  0  0  0
    5.6012   -6.2336    0.0000 C   0  0  2  0  0  0  0  0  0  0  0  0
    4.8867   -5.8211    0.0000 C   0  0  0  0  0  0  0  0  0  0  0  0
    6.3157   -7.4711    0.0000 C   0  0  0  0  0  0  0  0  0  0  0  0
    7.0301   -7.0586    0.0000 C   0  0  0  0  0  0  0  0  0  0  0  0
    7.0301   -6.2336    0.0000 C   0  0  2  0  0  0  0  0  0  0  0  0
    6.3157   -5.8211    0.0000 C   0  0  2  0  0  0  0  0  0  0  0  0
    7.7446   -5.8211    0.0000 C   0  0  2  0  0  0  0  0  0  0  0  0
    7.7446   -4.9961    0.0000 C   0  0  2  0  0  0  0  0  0  0  0  0
    7.0301   -4.5836    0.0000 C   0  0  2  0  0  0  0  0  0  0  0  0
    6.3157   -4.9961    0.0000 C   0  0  0  0  0  0  0  0  0  0  0  0
    8.5292   -6.0761    0.0000 C   0  0  1  0  0  0  0  0  0  0  0  0
    9.0142   -5.4086    0.0000 C   0  0  2  0  0  0  0  0  0  0  0  0
    8.5292   -4.7412    0.0000 C   0  0  2  0  0  0  0  0  0  0  0  0
    8.7842   -3.9566    0.0000 C   0  0  0  0  0  0  0  0  0  0  0  0
    9.5911   -3.7851    0.0000 C   0  0  0  0  0  0  0  0  0  0  0  0
    8.2321   -3.3435    0.0000 C   0  0  0  0  0  0  0  0  0  0  0  0
    9.8461   -3.0004    0.0000 C   0  0  0  0  0  0  0  0  0  0  0  0
    8.4871   -2.5589    0.0000 O   0  0  0  0  0  0  0  0  0  0  0  0
    9.2940   -2.3873    0.0000 C   0  0  0  0  0  0  0  0  0  0  0  0
    9.5490   -1.6027    0.0000 O   0  0  0  0  0  0  0  0  0  0  0  0
    3.4578   -7.4711    0.0000 O   0  0  0  0  0  0  0  0  0  0  0  0
    5.6012   -5.4086    0.0000 C   0  0  0  0  0  0  0  0  0  0  0  0
    5.6012   -7.8836    0.0000 O   0  0  0  0  0  0  0  0  0  0  0  0
    7.0301   -3.7586    0.0000 H   0  0  0  0  0  0  0  0  0  0  0  0
    7.8308   -4.1757    0.0000 C   0  0  0  0  0  0  0  0  0  0  0  0
    9.8392   -5.4086    0.0000 H   0  0  0  0  0  0  0  0  0  0  0  0
    7.8308   -6.6416    0.0000 O   0  0  0  0  0  0  0  0  0  0  0  0
    4.8867   -4.9961    0.0000 O   0  0  0  0  0  0  0  0  0  0  0  0
    6.3157   -6.6461    0.0000 H   0  0  0  0  0  0  0  0  0  0  0  0
    7.0301   -5.4086    0.0000 H   0  0  0  0  0  0  0  0  0  0  0  0
  1  2  1  0  0  0  0
  2  3  1  0  0  0  0
  3  4  1  0  0  0  0
  4  5  1  0  0  0  0
  5  6  1  0  0  0  0
  6  1  1  0  0  0  0
  4  7  1  0  0  0  0
  7  8  1  0  0  0  0
  8  9  1  0  0  0  0
  9 10  1  0  0  0  0
 10  5  1  0  0  0  0
  9 11  1  0  0  0  0
 11 12  1  0  0  0  0
 12 13  1  0  0  0  0
 13 14  1  0  0  0  0
 14 10  1  0  0  0  0
 11 15  1  0  0  0  0
 15 16  1  0  0  0  0
 16 17  1  0  0  0  0
 17 12  1  0  0  0  0
 17 18  1  1  0  0  0
 18 19  1  0  0  0  0
 18 20  2  0  0  0  0
 19 21  2  0  0  0  0
 20 22  1  0  0  0  0
 21 23  1  0  0  0  0
 22 23  1  0  0  0  0
 23 24  2  0  0  0  0
  2 25  1  1  0  0  0
  5 26  1  1  0  0  0
  4 27  1  1  0  0  0
 13 28  1  1  0  0  0
 12 29  1  1  0  0  0
 16 30  1  1  0  0  0
 11 31  1  1  0  0  0
 15 31  1  1  0  0  0
 26 32  2  0  0  0  0
 10 33  1  6  0  0  0
  9 34  1  1  0  0  0
M  END
>  <cdx:fragmentId>
206

$$$$
",101286213,C24H30O6,414.498,414.204238686,1.165,96.36,60,5,2,2,1,2,0.559387339637695,Y
7,FRYICJTUIXEEGK-NNWVIVGYSA-N,"1S/C24H32O6/c1-21-8-5-14(25)11-23(21,28)10-7-16-15(21)6-9-22(2)18(13-3-4-17(26)29-12-13)19(27)20-24(16,22)30-20/h3-4,12,14-16,18-20,25,27-28H,5-11H2,1-2H3/t14-,15-,16+,18-,19+,20+,21+,22+,23-,24+/m0/s1",C[C@]12CC[C@H]3[C@@H](CC[C@]4(O)C[C@@H](O)CC[C@]34C)[C@]11O[C@@H]1[C@H](O)[C@@H]2c1ccc(=O)oc1,"7.cdx
  Mrv1902 06152611012D          

 33 38  0  0  0  0            999 V2000
    4.1723   -6.2336    0.0000 C   0  0  0  0  0  0  0  0  0  0  0  0
    4.1723   -7.0586    0.0000 C   0  0  1  0  0  0  0  0  0  0  0  0
    4.8867   -7.4711    0.0000 C   0  0  0  0  0  0  0  0  0  0  0  0
    5.6012   -7.0586    0.0000 C   0  0  2  0  0  0  0  0  0  0  0  0
    5.6012   -6.2336    0.0000 C   0  0  2  0  0  0  0  0  0  0  0  0
    4.8867   -5.8211    0.0000 C   0  0  0  0  0  0  0  0  0  0  0  0
    6.3157   -7.4711    0.0000 C   0  0  0  0  0  0  0  0  0  0  0  0
    7.0301   -7.0586    0.0000 C   0  0  0  0  0  0  0  0  0  0  0  0
    7.0301   -6.2336    0.0000 C   0  0  2  0  0  0  0  0  0  0  0  0
    6.3157   -5.8211    0.0000 C   0  0  2  0  0  0  0  0  0  0  0  0
    7.7446   -5.8211    0.0000 C   0  0  2  0  0  0  0  0  0  0  0  0
    7.7446   -4.9961    0.0000 C   0  0  2  0  0  0  0  0  0  0  0  0
    7.0301   -4.5836    0.0000 C   0  0  2  0  0  0  0  0  0  0  0  0
    6.3157   -4.9961    0.0000 C   0  0  0  0  0  0  0  0  0  0  0  0
    8.5292   -6.0761    0.0000 C   0  0  1  0  0  0  0  0  0  0  0  0
    9.0142   -5.4086    0.0000 C   0  0  1  0  0  0  0  0  0  0  0  0
    8.5292   -4.7412    0.0000 C   0  0  2  0  0  0  0  0  0  0  0  0
    8.7842   -3.9566    0.0000 C   0  0  0  0  0  0  0  0  0  0  0  0
    9.5911   -3.7851    0.0000 C   0  0  0  0  0  0  0  0  0  0  0  0
    8.2321   -3.3435    0.0000 C   0  0  0  0  0  0  0  0  0  0  0  0
    9.8461   -3.0004    0.0000 C   0  0  0  0  0  0  0  0  0  0  0  0
    8.4871   -2.5589    0.0000 O   0  0  0  0  0  0  0  0  0  0  0  0
    9.2940   -2.3873    0.0000 C   0  0  0  0  0  0  0  0  0  0  0  0
    9.5490   -1.6027    0.0000 O   0  0  0  0  0  0  0  0  0  0  0  0
    3.4578   -7.4711    0.0000 O   0  0  0  0  0  0  0  0  0  0  0  0
    5.6012   -5.4086    0.0000 C   0  0  0  0  0  0  0  0  0  0  0  0
    5.6012   -7.8836    0.0000 O   0  0  0  0  0  0  0  0  0  0  0  0
    7.0301   -3.7586    0.0000 H   0  0  0  0  0  0  0  0  0  0  0  0
    7.8308   -4.1757    0.0000 C   0  0  0  0  0  0  0  0  0  0  0  0
    9.8392   -5.4086    0.0000 O   0  0  0  0  0  0  0  0  0  0  0  0
    7.8308   -6.6416    0.0000 O   0  0  0  0  0  0  0  0  0  0  0  0
    6.3157   -6.6461    0.0000 H   0  0  0  0  0  0  0  0  0  0  0  0
    7.0301   -5.4086    0.0000 H   0  0  0  0  0  0  0  0  0  0  0  0
  1  2  1  0  0  0  0
  2  3  1  0  0  0  0
  3  4  1  0  0  0  0
  4  5  1  0  0  0  0
  5  6  1  0  0  0  0
  6  1  1  0  0  0  0
  4  7  1  0  0  0  0
  7  8  1  0  0  0  0
  8  9  1  0  0  0  0
  9 10  1  0  0  0  0
 10  5  1  0  0  0  0
  9 11  1  0  0  0  0
 11 12  1  0  0  0  0
 12 13  1  0  0  0  0
 13 14  1  0  0  0  0
 14 10  1  0  0  0  0
 11 15  1  0  0  0  0
 15 16  1  0  0  0  0
 16 17  1  0  0  0  0
 17 12  1  0  0  0  0
 17 18  1  1  0  0  0
 18 19  1  0  0  0  0
 18 20  2  0  0  0  0
 19 21  2  0  0  0  0
 20 22  1  0  0  0  0
 21 23  1  0  0  0  0
 22 23  1  0  0  0  0
 23 24  2  0  0  0  0
  2 25  1  1  0  0  0
  5 26  1  1  0  0  0
  4 27  1  1  0  0  0
 13 28  1  1  0  0  0
 12 29  1  1  0  0  0
 16 30  1  1  0  0  0
 11 31  1  1  0  0  0
 15 31  1  1  0  0  0
 10 32  1  6  0  0  0
  9 33  1  1  0  0  0
M  END
>  <cdx:fragmentId>
206

$$$$
",15513544,C24H32O6,416.514,416.21988875,1.135,99.52,62,5,3,1,1,1,0.5964022922080419,Y
8,DKXGJUGMTLSEAZ-BBTRCNIKSA-N,"1S/C24H32O5/c1-22-8-7-15(25)9-14(22)4-5-16-21(22)18(26)11-23(2)17(10-19-24(16,23)29-19)13-3-6-20(27)28-12-13/h3,6,12,14-19,21,25-26H,4-5,7-11H2,1-2H3/t14-,15+,16-,17-,18?,19-,21-,22+,23-,24-/m1/s1",C[C@]12CC(O)[C@H]3[C@@H](CC[C@@H]4C[C@@H](O)CC[C@]34C)[C@]11O[C@@H]1C[C@@H]2c1ccc(=O)oc1,"8.cdx
  Mrv1902 06152610532D          

 34 39  0  0  0  0            999 V2000
    4.1723   -6.2336    0.0000 C   0  0  0  0  0  0  0  0  0  0  0  0
    4.1723   -7.0586    0.0000 C   0  0  1  0  0  0  0  0  0  0  0  0
    4.8867   -7.4711    0.0000 C   0  0  0  0  0  0  0  0  0  0  0  0
    5.6012   -7.0586    0.0000 C   0  0  2  0  0  0  0  0  0  0  0  0
    5.6012   -6.2336    0.0000 C   0  0  2  0  0  0  0  0  0  0  0  0
    4.8867   -5.8211    0.0000 C   0  0  0  0  0  0  0  0  0  0  0  0
    6.3157   -7.4711    0.0000 C   0  0  0  0  0  0  0  0  0  0  0  0
    7.0301   -7.0586    0.0000 C   0  0  0  0  0  0  0  0  0  0  0  0
    7.0301   -6.2336    0.0000 C   0  0  2  0  0  0  0  0  0  0  0  0
    6.3157   -5.8211    0.0000 C   0  0  2  0  0  0  0  0  0  0  0  0
    7.7446   -5.8211    0.0000 C   0  0  2  0  0  0  0  0  0  0  0  0
    7.7446   -4.9961    0.0000 C   0  0  2  0  0  0  0  0  0  0  0  0
    7.0301   -4.5836    0.0000 C   0  0  2  0  0  0  0  0  0  0  0  0
    6.3157   -4.9961    0.0000 C   0  0  0  0  0  0  0  0  0  0  0  0
    8.5292   -6.0761    0.0000 C   0  0  1  0  0  0  0  0  0  0  0  0
    9.0142   -5.4086    0.0000 C   0  0  2  0  0  0  0  0  0  0  0  0
    8.5292   -4.7412    0.0000 C   0  0  2  0  0  0  0  0  0  0  0  0
    8.7842   -3.9566    0.0000 C   0  0  0  0  0  0  0  0  0  0  0  0
    9.5911   -3.7851    0.0000 C   0  0  0  0  0  0  0  0  0  0  0  0
    8.2321   -3.3435    0.0000 C   0  0  0  0  0  0  0  0  0  0  0  0
    9.8461   -3.0004    0.0000 C   0  0  0  0  0  0  0  0  0  0  0  0
    8.4871   -2.5589    0.0000 O   0  0  0  0  0  0  0  0  0  0  0  0
    9.2940   -2.3873    0.0000 C   0  0  0  0  0  0  0  0  0  0  0  0
    9.5490   -1.6027    0.0000 O   0  0  0  0  0  0  0  0  0  0  0  0
    3.4578   -7.4711    0.0000 O   0  0  0  0  0  0  0  0  0  0  0  0
    5.6012   -5.4086    0.0000 C   0  0  0  0  0  0  0  0  0  0  0  0
    5.6012   -7.8836    0.0000 H   0  0  0  0  0  0  0  0  0  0  0  0
    7.0301   -3.7586    0.0000 H   0  0  0  0  0  0  0  0  0  0  0  0
    7.8308   -4.1757    0.0000 C   0  0  0  0  0  0  0  0  0  0  0  0
    9.8392   -5.4086    0.0000 H   0  0  0  0  0  0  0  0  0  0  0  0
    7.8308   -6.6416    0.0000 O   0  0  0  0  0  0  0  0  0  0  0  0
    5.6012   -4.5836    0.0000 O   0  0  0  0  0  0  0  0  0  0  0  0
    6.3157   -6.6461    0.0000 H   0  0  0  0  0  0  0  0  0  0  0  0
    7.0301   -5.4086    0.0000 H   0  0  0  0  0  0  0  0  0  0  0  0
  1  2  1  0  0  0  0
  2  3  1  0  0  0  0
  3  4  1  0  0  0  0
  4  5  1  0  0  0  0
  5  6  1  0  0  0  0
  6  1  1  0  0  0  0
  4  7  1  0  0  0  0
  7  8  1  0  0  0  0
  8  9  1  0  0  0  0
  9 10  1  0  0  0  0
 10  5  1  0  0  0  0
  9 11  1  0  0  0  0
 11 12  1  0  0  0  0
 12 13  1  0  0  0  0
 13 14  1  0  0  0  0
 14 10  1  0  0  0  0
 11 15  1  0  0  0  0
 15 16  1  0  0  0  0
 16 17  1  0  0  0  0
 17 12  1  0  0  0  0
 17 18  1  1  0  0  0
 18 19  1  0  0  0  0
 18 20  2  0  0  0  0
 19 21  2  0  0  0  0
 20 22  1  0  0  0  0
 21 23  1  0  0  0  0
 22 23  1  0  0  0  0
 23 24  2  0  0  0  0
  2 25  1  1  0  0  0
  5 26  1  1  0  0  0
  4 27  1  1  0  0  0
 13 28  1  1  0  0  0
 12 29  1  1  0  0  0
 16 30  1  1  0  0  0
 11 31  1  1  0  0  0
 15 31  1  1  0  0  0
 14 32  1  0  0  0  0
 10 33  1  6  0  0  0
  9 34  1  1  0  0  0
M  END
>  <cdx:fragmentId>
206

$$$$
",177807635,C24H32O5,400.515,400.22497413,2.055,79.29,61,4,2,1,1,1,0.7075061451360573,Y
9,DUDKFSOZKFNNCE-FEHGIAQLSA-N,"1S/C24H32O5/c1-22-8-7-15(25)9-14(22)4-5-16-18(22)10-19(26)23(2)17(11-20-24(16,23)29-20)13-3-6-21(27)28-12-13/h3,6,12,14-20,25-26H,4-5,7-11H2,1-2H3/t14-,15+,16-,17-,18+,19-,20-,22+,23+,24-/m1/s1",C[C@@]12[C@H](C[C@H]3O[C@@]13[C@@H]1CC[C@@H]3C[C@@H](O)CC[C@]3(C)[C@H]1C[C@H]2O)c1ccc(=O)oc1,"9.cdx
  Mrv1902 06152610542D          

 33 38  0  0  0  0            999 V2000
    4.1723   -6.2336    0.0000 C   0  0  0  0  0  0  0  0  0  0  0  0
    4.1723   -7.0586    0.0000 C   0  0  1  0  0  0  0  0  0  0  0  0
    4.8867   -7.4711    0.0000 C   0  0  0  0  0  0  0  0  0  0  0  0
    5.6012   -7.0586    0.0000 C   0  0  2  0  0  0  0  0  0  0  0  0
    5.6012   -6.2336    0.0000 C   0  0  2  0  0  0  0  0  0  0  0  0
    4.8867   -5.8211    0.0000 C   0  0  0  0  0  0  0  0  0  0  0  0
    6.3157   -7.4711    0.0000 C   0  0  0  0  0  0  0  0  0  0  0  0
    7.0301   -7.0586    0.0000 C   0  0  0  0  0  0  0  0  0  0  0  0
    7.0301   -6.2336    0.0000 C   0  0  2  0  0  0  0  0  0  0  0  0
    6.3157   -5.8211    0.0000 C   0  0  2  0  0  0  0  0  0  0  0  0
    7.7446   -5.8211    0.0000 C   0  0  2  0  0  0  0  0  0  0  0  0
    7.7446   -4.9961    0.0000 C   0  0  2  0  0  0  0  0  0  0  0  0
    7.0301   -4.5836    0.0000 C   0  0  1  0  0  0  0  0  0  0  0  0
    6.3157   -4.9961    0.0000 C   0  0  0  0  0  0  0  0  0  0  0  0
    8.5292   -6.0761    0.0000 C   0  0  1  0  0  0  0  0  0  0  0  0
    9.0142   -5.4086    0.0000 C   0  0  2  0  0  0  0  0  0  0  0  0
    8.5292   -4.7412    0.0000 C   0  0  2  0  0  0  0  0  0  0  0  0
    8.7842   -3.9566    0.0000 C   0  0  0  0  0  0  0  0  0  0  0  0
    9.5911   -3.7851    0.0000 C   0  0  0  0  0  0  0  0  0  0  0  0
    8.2321   -3.3435    0.0000 C   0  0  0  0  0  0  0  0  0  0  0  0
    9.8461   -3.0004    0.0000 C   0  0  0  0  0  0  0  0  0  0  0  0
    8.4871   -2.5589    0.0000 O   0  0  0  0  0  0  0  0  0  0  0  0
    9.2940   -2.3873    0.0000 C   0  0  0  0  0  0  0  0  0  0  0  0
    9.5490   -1.6027    0.0000 O   0  0  0  0  0  0  0  0  0  0  0  0
    3.4578   -7.4711    0.0000 O   0  0  0  0  0  0  0  0  0  0  0  0
    5.6012   -5.4086    0.0000 C   0  0  0  0  0  0  0  0  0  0  0  0
    5.6012   -7.8836    0.0000 H   0  0  0  0  0  0  0  0  0  0  0  0
    7.0301   -3.7586    0.0000 O   0  0  0  0  0  0  0  0  0  0  0  0
    7.8308   -4.1757    0.0000 C   0  0  0  0  0  0  0  0  0  0  0  0
    9.8392   -5.4086    0.0000 H   0  0  0  0  0  0  0  0  0  0  0  0
    7.8308   -6.6416    0.0000 O   0  0  0  0  0  0  0  0  0  0  0  0
    6.3157   -6.6461    0.0000 H   0  0  0  0  0  0  0  0  0  0  0  0
    7.0301   -5.4086    0.0000 H   0  0  0  0  0  0  0  0  0  0  0  0
  1  2  1  0  0  0  0
  2  3  1  0  0  0  0
  3  4  1  0  0  0  0
  4  5  1  0  0  0  0
  5  6  1  0  0  0  0
  6  1  1  0  0  0  0
  4  7  1  0  0  0  0
  7  8  1  0  0  0  0
  8  9  1  0  0  0  0
  9 10  1  0  0  0  0
 10  5  1  0  0  0  0
  9 11  1  0  0  0  0
 11 12  1  0  0  0  0
 12 13  1  0  0  0  0
 13 14  1  0  0  0  0
 14 10  1  0  0  0  0
 11 15  1  0  0  0  0
 15 16  1  0  0  0  0
 16 17  1  0  0  0  0
 17 12  1  0  0  0  0
 17 18  1  1  0  0  0
 18 19  1  0  0  0  0
 18 20  2  0  0  0  0
 19 21  2  0  0  0  0
 20 22  1  0  0  0  0
 21 23  1  0  0  0  0
 22 23  1  0  0  0  0
 23 24  2  0  0  0  0
  2 25  1  1  0  0  0
  5 26  1  1  0  0  0
  4 27  1  1  0  0  0
 13 28  1  1  0  0  0
 12 29  1  1  0  0  0
 16 30  1  1  0  0  0
 11 31  1  1  0  0  0
 15 31  1  1  0  0  0
 10 32  1  6  0  0  0
  9 33  1  1  0  0  0
M  END
>  <cdx:fragmentId>
206

$$$$
",15513541,C24H32O5,400.515,400.22497413,2.133,79.29,61,4,2,1,1,1,0.7081444704911635,Y
10,JNBBHUNHDKWCIR-DFJCLZAPSA-N,"1S/C24H30O6/c1-22-8-7-16-17(4-3-14-10-15(26)6-9-23(14,16)12-25)24(22)21(30-24)20(28)19(22)13-2-5-18(27)29-11-13/h2,5,11-12,14-17,19-21,26,28H,3-4,6-10H2,1H3/t14-,15+,16+,17-,19+,20-,21-,22-,23-,24-/m1/s1",C[C@]12CC[C@H]3[C@@H](CC[C@@H]4C[C@@H](O)CC[C@]34C=O)[C@]11O[C@@H]1[C@H](O)[C@@H]2c1ccc(=O)oc1,"10.cdx
  Mrv1902 06152610492D          

 34 39  0  0  0  0            999 V2000
    4.1723   -6.2336    0.0000 C   0  0  0  0  0  0  0  0  0  0  0  0
    4.1723   -7.0586    0.0000 C   0  0  1  0  0  0  0  0  0  0  0  0
    4.8867   -7.4711    0.0000 C   0  0  0  0  0  0  0  0  0  0  0  0
    5.6012   -7.0586    0.0000 C   0  0  2  0  0  0  0  0  0  0  0  0
    5.6012   -6.2336    0.0000 C   0  0  2  0  0  0  0  0  0  0  0  0
    4.8867   -5.8211    0.0000 C   0  0  0  0  0  0  0  0  0  0  0  0
    6.3157   -7.4711    0.0000 C   0  0  0  0  0  0  0  0  0  0  0  0
    7.0301   -7.0586    0.0000 C   0  0  0  0  0  0  0  0  0  0  0  0
    7.0301   -6.2336    0.0000 C   0  0  2  0  0  0  0  0  0  0  0  0
    6.3157   -5.8211    0.0000 C   0  0  2  0  0  0  0  0  0  0  0  0
    7.7446   -5.8211    0.0000 C   0  0  2  0  0  0  0  0  0  0  0  0
    7.7446   -4.9961    0.0000 C   0  0  2  0  0  0  0  0  0  0  0  0
    7.0301   -4.5836    0.0000 C   0  0  2  0  0  0  0  0  0  0  0  0
    6.3157   -4.9961    0.0000 C   0  0  0  0  0  0  0  0  0  0  0  0
    8.5292   -6.0761    0.0000 C   0  0  1  0  0  0  0  0  0  0  0  0
    9.0142   -5.4086    0.0000 C   0  0  1  0  0  0  0  0  0  0  0  0
    8.5292   -4.7412    0.0000 C   0  0  2  0  0  0  0  0  0  0  0  0
    8.7842   -3.9566    0.0000 C   0  0  0  0  0  0  0  0  0  0  0  0
    9.5911   -3.7851    0.0000 C   0  0  0  0  0  0  0  0  0  0  0  0
    8.2321   -3.3435    0.0000 C   0  0  0  0  0  0  0  0  0  0  0  0
    9.8461   -3.0004    0.0000 C   0  0  0  0  0  0  0  0  0  0  0  0
    8.4871   -2.5589    0.0000 O   0  0  0  0  0  0  0  0  0  0  0  0
    9.2940   -2.3873    0.0000 C   0  0  0  0  0  0  0  0  0  0  0  0
    9.5490   -1.6027    0.0000 O   0  0  0  0  0  0  0  0  0  0  0  0
    3.4578   -7.4711    0.0000 O   0  0  0  0  0  0  0  0  0  0  0  0
    5.6012   -5.4086    0.0000 C   0  0  0  0  0  0  0  0  0  0  0  0
    5.6012   -7.8836    0.0000 H   0  0  0  0  0  0  0  0  0  0  0  0
    7.0301   -3.7586    0.0000 H   0  0  0  0  0  0  0  0  0  0  0  0
    7.8308   -4.1757    0.0000 C   0  0  0  0  0  0  0  0  0  0  0  0
    9.8392   -5.4086    0.0000 O   0  0  0  0  0  0  0  0  0  0  0  0
    7.8308   -6.6416    0.0000 O   0  0  0  0  0  0  0  0  0  0  0  0
    4.8867   -4.9961    0.0000 O   0  0  0  0  0  0  0  0  0  0  0  0
    6.3157   -6.6461    0.0000 H   0  0  0  0  0  0  0  0  0  0  0  0
    7.0301   -5.4086    0.0000 H   0  0  0  0  0  0  0  0  0  0  0  0
  1  2  1  0  0  0  0
  2  3  1  0  0  0  0
  3  4  1  0  0  0  0
  4  5  1  0  0  0  0
  5  6  1  0  0  0  0
  6  1  1  0  0  0  0
  4  7  1  0  0  0  0
  7  8  1  0  0  0  0
  8  9  1  0  0  0  0
  9 10  1  0  0  0  0
 10  5  1  0  0  0  0
  9 11  1  0  0  0  0
 11 12  1  0  0  0  0
 12 13  1  0  0  0  0
 13 14  1  0  0  0  0
 14 10  1  0  0  0  0
 11 15  1  0  0  0  0
 15 16  1  0  0  0  0
 16 17  1  0  0  0  0
 17 12  1  0  0  0  0
 17 18  1  1  0  0  0
 18 19  1  0  0  0  0
 18 20  2  0  0  0  0
 19 21  2  0  0  0  0
 20 22  1  0  0  0  0
 21 23  1  0  0  0  0
 22 23  1  0  0  0  0
 23 24  2  0  0  0  0
  2 25  1  1  0  0  0
  5 26  1  1  0  0  0
  4 27  1  1  0  0  0
 13 28  1  1  0  0  0
 12 29  1  1  0  0  0
 16 30  1  1  0  0  0
 11 31  1  1  0  0  0
 15 31  1  1  0  0  0
 26 32  2  0  0  0  0
 10 33  1  6  0  0  0
  9 34  1  1  0  0  0
M  END
>  <cdx:fragmentId>
206

$$$$
",11144140,C24H30O6,414.498,414.204238686,1.4,96.36,60,5,2,2,1,2,0.5633690867982039,Y
11,HJTAGTBTFBNXLC-DZTRBTFBSA-N,"1S/C24H30O5/c1-22-7-5-13(25)9-12(22)3-4-16-15(22)6-8-23(2)17(10-18-24(16,23)29-18)14-11-27-21(26)20-19(14)28-20/h11-13,15-18,25H,3-10H2,1-2H3/t12-,13+,15+,16-,17-,18-,22+,23-,24-/m1/s1",C[C@]12CC[C@H]3[C@@H](CC[C@@H]4C[C@@H](O)CC[C@]34C)[C@]11O[C@@H]1C[C@@H]2c1coc(=O)c2Oc12,"11.cdx
  Mrv1902 06152610482D          

 34 40  0  0  0  0            999 V2000
    4.1723   -6.2336    0.0000 C   0  0  0  0  0  0  0  0  0  0  0  0
    4.1723   -7.0586    0.0000 C   0  0  1  0  0  0  0  0  0  0  0  0
    4.8867   -7.4711    0.0000 C   0  0  0  0  0  0  0  0  0  0  0  0
    5.6012   -7.0586    0.0000 C   0  0  2  0  0  0  0  0  0  0  0  0
    5.6012   -6.2336    0.0000 C   0  0  2  0  0  0  0  0  0  0  0  0
    4.8867   -5.8211    0.0000 C   0  0  0  0  0  0  0  0  0  0  0  0
    6.3157   -7.4711    0.0000 C   0  0  0  0  0  0  0  0  0  0  0  0
    7.0301   -7.0586    0.0000 C   0  0  0  0  0  0  0  0  0  0  0  0
    7.0301   -6.2336    0.0000 C   0  0  2  0  0  0  0  0  0  0  0  0
    6.3157   -5.8211    0.0000 C   0  0  2  0  0  0  0  0  0  0  0  0
    7.7446   -5.8211    0.0000 C   0  0  2  0  0  0  0  0  0  0  0  0
    7.7446   -4.9961    0.0000 C   0  0  2  0  0  0  0  0  0  0  0  0
    7.0301   -4.5836    0.0000 C   0  0  2  0  0  0  0  0  0  0  0  0
    6.3157   -4.9961    0.0000 C   0  0  0  0  0  0  0  0  0  0  0  0
    8.5292   -6.0761    0.0000 C   0  0  1  0  0  0  0  0  0  0  0  0
    9.0142   -5.4086    0.0000 C   0  0  2  0  0  0  0  0  0  0  0  0
    8.5292   -4.7412    0.0000 C   0  0  2  0  0  0  0  0  0  0  0  0
    8.7842   -3.9566    0.0000 C   0  0  0  0  0  0  0  0  0  0  0  0
    9.5911   -3.7851    0.0000 C   0  0  0  0  0  0  0  0  0  0  0  0
    8.2321   -3.3435    0.0000 C   0  0  0  0  0  0  0  0  0  0  0  0
    9.8461   -3.0004    0.0000 C   0  0  0  0  0  0  0  0  0  0  0  0
    8.4871   -2.5589    0.0000 O   0  0  0  0  0  0  0  0  0  0  0  0
    9.2940   -2.3873    0.0000 C   0  0  0  0  0  0  0  0  0  0  0  0
    9.5490   -1.6027    0.0000 O   0  0  0  0  0  0  0  0  0  0  0  0
    3.4578   -7.4711    0.0000 O   0  0  0  0  0  0  0  0  0  0  0  0
    5.6012   -5.4086    0.0000 C   0  0  0  0  0  0  0  0  0  0  0  0
    5.6012   -7.8836    0.0000 H   0  0  0  0  0  0  0  0  0  0  0  0
    7.0301   -3.7586    0.0000 H   0  0  0  0  0  0  0  0  0  0  0  0
    7.8308   -4.1757    0.0000 C   0  0  0  0  0  0  0  0  0  0  0  0
    9.8392   -5.4086    0.0000 H   0  0  0  0  0  0  0  0  0  0  0  0
    7.8308   -6.6416    0.0000 O   0  0  0  0  0  0  0  0  0  0  0  0
   10.3880   -3.5715    0.0000 O   0  0  0  0  0  0  0  0  0  0  0  0
    6.3157   -6.6461    0.0000 H   0  0  0  0  0  0  0  0  0  0  0  0
    7.0301   -5.4086    0.0000 H   0  0  0  0  0  0  0  0  0  0  0  0
  1  2  1  0  0  0  0
  2  3  1  0  0  0  0
  3  4  1  0  0  0  0
  4  5  1  0  0  0  0
  5  6  1  0  0  0  0
  6  1  1  0  0  0  0
  4  7  1  0  0  0  0
  7  8  1  0  0  0  0
  8  9  1  0  0  0  0
  9 10  1  0  0  0  0
 10  5  1  0  0  0  0
  9 11  1  0  0  0  0
 11 12  1  0  0  0  0
 12 13  1  0  0  0  0
 13 14  1  0  0  0  0
 14 10  1  0  0  0  0
 11 15  1  0  0  0  0
 15 16  1  0  0  0  0
 16 17  1  0  0  0  0
 17 12  1  0  0  0  0
 17 18  1  1  0  0  0
 18 19  1  0  0  0  0
 18 20  2  0  0  0  0
 19 21  2  0  0  0  0
 20 22  1  0  0  0  0
 21 23  1  0  0  0  0
 22 23  1  0  0  0  0
 23 24  2  0  0  0  0
  2 25  1  1  0  0  0
  5 26  1  1  0  0  0
  4 27  1  1  0  0  0
 13 28  1  1  0  0  0
 12 29  1  1  0  0  0
 16 30  1  1  0  0  0
 11 31  1  1  0  0  0
 15 31  1  1  0  0  0
 19 32  1  0  0  0  0
 32 21  1  0  0  0  0
 10 33  1  6  0  0  0
  9 34  1  1  0  0  0
M  END
>  <cdx:fragmentId>
206

$$$$
",177807636,C24H30O5,398.499,398.209324066,2.819,71.59,59,4,1,1,1,1,0.738712599840234,Y
12,XTGMXQCGCNTMEI-RLKKFORUSA-N,"1S/C24H32O5/c1-22-8-7-17-18(4-3-15-10-16(26)6-9-23(15,17)13-25)24(22)20(29-24)11-19(22)14-2-5-21(27)28-12-14/h2,5,12,15-20,25-26H,3-4,6-11,13H2,1H3/t15-,16+,17+,18-,19-,20-,22-,23-,24-/m1/s1",C[C@]12CC[C@H]3[C@@H](CC[C@@H]4C[C@@H](O)CC[C@]34CO)[C@]11O[C@@H]1C[C@@H]2c1ccc(=O)oc1,"12.cdx
  Mrv1902 06152610472D          

 34 39  0  0  0  0            999 V2000
    4.1723   -6.2336    0.0000 C   0  0  0  0  0  0  0  0  0  0  0  0
    4.1723   -7.0586    0.0000 C   0  0  1  0  0  0  0  0  0  0  0  0
    4.8867   -7.4711    0.0000 C   0  0  0  0  0  0  0  0  0  0  0  0
    5.6012   -7.0586    0.0000 C   0  0  2  0  0  0  0  0  0  0  0  0
    5.6012   -6.2336    0.0000 C   0  0  2  0  0  0  0  0  0  0  0  0
    4.8867   -5.8211    0.0000 C   0  0  0  0  0  0  0  0  0  0  0  0
    6.3157   -7.4711    0.0000 C   0  0  0  0  0  0  0  0  0  0  0  0
    7.0301   -7.0586    0.0000 C   0  0  0  0  0  0  0  0  0  0  0  0
    7.0301   -6.2336    0.0000 C   0  0  2  0  0  0  0  0  0  0  0  0
    6.3157   -5.8211    0.0000 C   0  0  2  0  0  0  0  0  0  0  0  0
    7.7446   -5.8211    0.0000 C   0  0  2  0  0  0  0  0  0  0  0  0
    7.7446   -4.9961    0.0000 C   0  0  2  0  0  0  0  0  0  0  0  0
    7.0301   -4.5836    0.0000 C   0  0  2  0  0  0  0  0  0  0  0  0
    6.3157   -4.9961    0.0000 C   0  0  0  0  0  0  0  0  0  0  0  0
    8.5292   -6.0761    0.0000 C   0  0  1  0  0  0  0  0  0  0  0  0
    9.0142   -5.4086    0.0000 C   0  0  2  0  0  0  0  0  0  0  0  0
    8.5292   -4.7412    0.0000 C   0  0  2  0  0  0  0  0  0  0  0  0
    8.7842   -3.9566    0.0000 C   0  0  0  0  0  0  0  0  0  0  0  0
    9.5911   -3.7851    0.0000 C   0  0  0  0  0  0  0  0  0  0  0  0
    8.2321   -3.3435    0.0000 C   0  0  0  0  0  0  0  0  0  0  0  0
    9.8461   -3.0004    0.0000 C   0  0  0  0  0  0  0  0  0  0  0  0
    8.4871   -2.5589    0.0000 O   0  0  0  0  0  0  0  0  0  0  0  0
    9.2940   -2.3873    0.0000 C   0  0  0  0  0  0  0  0  0  0  0  0
    9.5490   -1.6027    0.0000 O   0  0  0  0  0  0  0  0  0  0  0  0
    3.4578   -7.4711    0.0000 O   0  0  0  0  0  0  0  0  0  0  0  0
    5.6012   -5.4086    0.0000 C   0  0  0  0  0  0  0  0  0  0  0  0
    5.6012   -7.8836    0.0000 H   0  0  0  0  0  0  0  0  0  0  0  0
    7.0301   -3.7586    0.0000 H   0  0  0  0  0  0  0  0  0  0  0  0
    7.8308   -4.1757    0.0000 C   0  0  0  0  0  0  0  0  0  0  0  0
    9.8392   -5.4086    0.0000 H   0  0  0  0  0  0  0  0  0  0  0  0
    7.8308   -6.6416    0.0000 O   0  0  0  0  0  0  0  0  0  0  0  0
    4.8867   -4.9961    0.0000 O   0  0  0  0  0  0  0  0  0  0  0  0
    6.3157   -6.6461    0.0000 H   0  0  0  0  0  0  0  0  0  0  0  0
    7.0301   -5.4086    0.0000 H   0  0  0  0  0  0  0  0  0  0  0  0
  1  2  1  0  0  0  0
  2  3  1  0  0  0  0
  3  4  1  0  0  0  0
  4  5  1  0  0  0  0
  5  6  1  0  0  0  0
  6  1  1  0  0  0  0
  4  7  1  0  0  0  0
  7  8  1  0  0  0  0
  8  9  1  0  0  0  0
  9 10  1  0  0  0  0
 10  5  1  0  0  0  0
  9 11  1  0  0  0  0
 11 12  1  0  0  0  0
 12 13  1  0  0  0  0
 13 14  1  0  0  0  0
 14 10  1  0  0  0  0
 11 15  1  0  0  0  0
 15 16  1  0  0  0  0
 16 17  1  0  0  0  0
 17 12  1  0  0  0  0
 17 18  1  1  0  0  0
 18 19  1  0  0  0  0
 18 20  2  0  0  0  0
 19 21  2  0  0  0  0
 20 22  1  0  0  0  0
 21 23  1  0  0  0  0
 22 23  1  0  0  0  0
 23 24  2  0  0  0  0
  2 25  1  1  0  0  0
  5 26  1  1  0  0  0
  4 27  1  1  0  0  0
 13 28  1  1  0  0  0
 12 29  1  1  0  0  0
 16 30  1  1  0  0  0
 11 31  1  1  0  0  0
 15 31  1  1  0  0  0
 26 32  1  0  0  0  0
 10 33  1  6  0  0  0
  9 34  1  1  0  0  0
M  END
>  <cdx:fragmentId>
206

$$$$
",12314891,C24H32O5,400.515,400.22497413,2.083,79.29,61,4,2,2,1,1,0.7453249190025011,Y
13,SCULJPGYOQQXTK-OLRINKBESA-N,"1S/C26H34O6/c1-14(27)31-22-21(15-4-7-20(29)30-13-15)25(3)11-9-18-19(26(25)23(22)32-26)6-5-16-12-17(28)8-10-24(16,18)2/h4,7,13,16-19,21-23,28H,5-6,8-12H2,1-3H3/t16-,17+,18+,19-,21+,22-,23-,24+,25-,26-/m1/s1",CC(=O)O[C@H]1[C@H]2O[C@]22[C@@H]3CC[C@@H]4C[C@@H](O)CC[C@]4(C)[C@H]3CC[C@]2(C)[C@H]1c1ccc(=O)oc1,"13.cdx
  Mrv1902 06152610482D          

 36 41  0  0  0  0            999 V2000
    4.1723   -6.2336    0.0000 C   0  0  0  0  0  0  0  0  0  0  0  0
    4.1723   -7.0586    0.0000 C   0  0  1  0  0  0  0  0  0  0  0  0
    4.8867   -7.4711    0.0000 C   0  0  0  0  0  0  0  0  0  0  0  0
    5.6012   -7.0586    0.0000 C   0  0  2  0  0  0  0  0  0  0  0  0
    5.6012   -6.2336    0.0000 C   0  0  2  0  0  0  0  0  0  0  0  0
    4.8867   -5.8211    0.0000 C   0  0  0  0  0  0  0  0  0  0  0  0
    6.3157   -7.4711    0.0000 C   0  0  0  0  0  0  0  0  0  0  0  0
    7.0301   -7.0586    0.0000 C   0  0  0  0  0  0  0  0  0  0  0  0
    7.0301   -6.2336    0.0000 C   0  0  2  0  0  0  0  0  0  0  0  0
    6.3157   -5.8211    0.0000 C   0  0  2  0  0  0  0  0  0  0  0  0
    7.7446   -5.8211    0.0000 C   0  0  2  0  0  0  0  0  0  0  0  0
    7.7446   -4.9961    0.0000 C   0  0  2  0  0  0  0  0  0  0  0  0
    7.0301   -4.5836    0.0000 C   0  0  2  0  0  0  0  0  0  0  0  0
    6.3157   -4.9961    0.0000 C   0  0  0  0  0  0  0  0  0  0  0  0
    8.5292   -6.0761    0.0000 C   0  0  1  0  0  0  0  0  0  0  0  0
    9.0142   -5.4086    0.0000 C   0  0  1  0  0  0  0  0  0  0  0  0
    8.5292   -4.7412    0.0000 C   0  0  2  0  0  0  0  0  0  0  0  0
    8.7842   -3.9566    0.0000 C   0  0  0  0  0  0  0  0  0  0  0  0
    9.5911   -3.7851    0.0000 C   0  0  0  0  0  0  0  0  0  0  0  0
    8.2321   -3.3435    0.0000 C   0  0  0  0  0  0  0  0  0  0  0  0
    9.8461   -3.0004    0.0000 C   0  0  0  0  0  0  0  0  0  0  0  0
    8.4871   -2.5589    0.0000 O   0  0  0  0  0  0  0  0  0  0  0  0
    9.2940   -2.3873    0.0000 C   0  0  0  0  0  0  0  0  0  0  0  0
    9.5490   -1.6027    0.0000 O   0  0  0  0  0  0  0  0  0  0  0  0
    3.4578   -7.4711    0.0000 O   0  0  0  0  0  0  0  0  0  0  0  0
    5.6012   -5.4086    0.0000 C   0  0  0  0  0  0  0  0  0  0  0  0
    5.6012   -7.8836    0.0000 H   0  0  0  0  0  0  0  0  0  0  0  0
    7.0301   -3.7586    0.0000 H   0  0  0  0  0  0  0  0  0  0  0  0
    7.8308   -4.1757    0.0000 C   0  0  0  0  0  0  0  0  0  0  0  0
    9.8392   -5.4086    0.0000 O   0  0  0  0  0  0  0  0  0  0  0  0
    7.8308   -6.6416    0.0000 O   0  0  0  0  0  0  0  0  0  0  0  0
   10.2517   -6.1231    0.0000 C   0  0  0  0  0  0  0  0  0  0  0  0
   11.0767   -6.1231    0.0000 C   0  0  0  0  0  0  0  0  0  0  0  0
    9.8392   -6.8376    0.0000 O   0  0  0  0  0  0  0  0  0  0  0  0
    6.3157   -6.6461    0.0000 H   0  0  0  0  0  0  0  0  0  0  0  0
    7.0301   -5.4086    0.0000 H   0  0  0  0  0  0  0  0  0  0  0  0
  1  2  1  0  0  0  0
  2  3  1  0  0  0  0
  3  4  1  0  0  0  0
  4  5  1  0  0  0  0
  5  6  1  0  0  0  0
  6  1  1  0  0  0  0
  4  7  1  0  0  0  0
  7  8  1  0  0  0  0
  8  9  1  0  0  0  0
  9 10  1  0  0  0  0
 10  5  1  0  0  0  0
  9 11  1  0  0  0  0
 11 12  1  0  0  0  0
 12 13  1  0  0  0  0
 13 14  1  0  0  0  0
 14 10  1  0  0  0  0
 11 15  1  0  0  0  0
 15 16  1  0  0  0  0
 16 17  1  0  0  0  0
 17 12  1  0  0  0  0
 17 18  1  1  0  0  0
 18 19  1  0  0  0  0
 18 20  2  0  0  0  0
 19 21  2  0  0  0  0
 20 22  1  0  0  0  0
 21 23  1  0  0  0  0
 22 23  1  0  0  0  0
 23 24  2  0  0  0  0
  2 25  1  1  0  0  0
  5 26  1  1  0  0  0
  4 27  1  1  0  0  0
 13 28  1  1  0  0  0
 12 29  1  1  0  0  0
 16 30  1  1  0  0  0
 11 31  1  1  0  0  0
 15 31  1  1  0  0  0
 30 32  1  0  0  0  0
 32 33  1  0  0  0  0
 32 34  2  0  0  0  0
 10 35  1  6  0  0  0
  9 36  1  1  0  0  0
M  END
>  <cdx:fragmentId>
206

$$$$
",11969542,C26H34O6,442.552,442.235538815,2.808,85.36,66,4,1,3,1,2,0.576245712684063,Y
14,KDRVIPFIZZDLGB-CDIOGTMDSA-N,"1S/C26H34O7/c1-14(28)32-22-21(15-3-6-20(30)31-12-15)24(2)9-8-18-19(26(24)23(22)33-26)5-4-16-11-17(29)7-10-25(16,18)13-27/h3,6,12,16-19,21-23,27,29H,4-5,7-11,13H2,1-2H3/t16-,17+,18+,19-,21+,22-,23-,24-,25-,26-/m1/s1",CC(=O)O[C@H]1[C@H]2O[C@]22[C@@H]3CC[C@@H]4C[C@@H](O)CC[C@]4(CO)[C@H]3CC[C@]2(C)[C@H]1c1ccc(=O)oc1,"14.cdx
  Mrv1902 06152610502D          

 37 42  0  0  0  0            999 V2000
    4.1723   -6.2336    0.0000 C   0  0  0  0  0  0  0  0  0  0  0  0
    4.1723   -7.0586    0.0000 C   0  0  1  0  0  0  0  0  0  0  0  0
    4.8867   -7.4711    0.0000 C   0  0  0  0  0  0  0  0  0  0  0  0
    5.6012   -7.0586    0.0000 C   0  0  2  0  0  0  0  0  0  0  0  0
    5.6012   -6.2336    0.0000 C   0  0  2  0  0  0  0  0  0  0  0  0
    4.8867   -5.8211    0.0000 C   0  0  0  0  0  0  0  0  0  0  0  0
    6.3157   -7.4711    0.0000 C   0  0  0  0  0  0  0  0  0  0  0  0
    7.0301   -7.0586    0.0000 C   0  0  0  0  0  0  0  0  0  0  0  0
    7.0301   -6.2336    0.0000 C   0  0  2  0  0  0  0  0  0  0  0  0
    6.3157   -5.8211    0.0000 C   0  0  2  0  0  0  0  0  0  0  0  0
    7.7446   -5.8211    0.0000 C   0  0  2  0  0  0  0  0  0  0  0  0
    7.7446   -4.9961    0.0000 C   0  0  2  0  0  0  0  0  0  0  0  0
    7.0301   -4.5836    0.0000 C   0  0  2  0  0  0  0  0  0  0  0  0
    6.3157   -4.9961    0.0000 C   0  0  0  0  0  0  0  0  0  0  0  0
    8.5292   -6.0761    0.0000 C   0  0  1  0  0  0  0  0  0  0  0  0
    9.0142   -5.4086    0.0000 C   0  0  1  0  0  0  0  0  0  0  0  0
    8.5292   -4.7412    0.0000 C   0  0  2  0  0  0  0  0  0  0  0  0
    8.7842   -3.9566    0.0000 C   0  0  0  0  0  0  0  0  0  0  0  0
    9.5911   -3.7851    0.0000 C   0  0  0  0  0  0  0  0  0  0  0  0
    8.2321   -3.3435    0.0000 C   0  0  0  0  0  0  0  0  0  0  0  0
    9.8461   -3.0004    0.0000 C   0  0  0  0  0  0  0  0  0  0  0  0
    8.4871   -2.5589    0.0000 O   0  0  0  0  0  0  0  0  0  0  0  0
    9.2940   -2.3873    0.0000 C   0  0  0  0  0  0  0  0  0  0  0  0
    9.5490   -1.6027    0.0000 O   0  0  0  0  0  0  0  0  0  0  0  0
    3.4578   -7.4711    0.0000 O   0  0  0  0  0  0  0  0  0  0  0  0
    5.6012   -5.4086    0.0000 C   0  0  0  0  0  0  0  0  0  0  0  0
    5.6012   -7.8836    0.0000 H   0  0  0  0  0  0  0  0  0  0  0  0
    7.0301   -3.7586    0.0000 H   0  0  0  0  0  0  0  0  0  0  0  0
    7.8308   -4.1757    0.0000 C   0  0  0  0  0  0  0  0  0  0  0  0
    9.8392   -5.4086    0.0000 O   0  0  0  0  0  0  0  0  0  0  0  0
    7.8308   -6.6416    0.0000 O   0  0  0  0  0  0  0  0  0  0  0  0
   10.2517   -6.1231    0.0000 C   0  0  0  0  0  0  0  0  0  0  0  0
   11.0767   -6.1231    0.0000 C   0  0  0  0  0  0  0  0  0  0  0  0
    9.8392   -6.8376    0.0000 O   0  0  0  0  0  0  0  0  0  0  0  0
    4.8867   -4.9961    0.0000 O   0  0  0  0  0  0  0  0  0  0  0  0
    6.3157   -6.6461    0.0000 H   0  0  0  0  0  0  0  0  0  0  0  0
    7.0301   -5.4086    0.0000 H   0  0  0  0  0  0  0  0  0  0  0  0
  1  2  1  0  0  0  0
  2  3  1  0  0  0  0
  3  4  1  0  0  0  0
  4  5  1  0  0  0  0
  5  6  1  0  0  0  0
  6  1  1  0  0  0  0
  4  7  1  0  0  0  0
  7  8  1  0  0  0  0
  8  9  1  0  0  0  0
  9 10  1  0  0  0  0
 10  5  1  0  0  0  0
  9 11  1  0  0  0  0
 11 12  1  0  0  0  0
 12 13  1  0  0  0  0
 13 14  1  0  0  0  0
 14 10  1  0  0  0  0
 11 15  1  0  0  0  0
 15 16  1  0  0  0  0
 16 17  1  0  0  0  0
 17 12  1  0  0  0  0
 17 18  1  1  0  0  0
 18 19  1  0  0  0  0
 18 20  2  0  0  0  0
 19 21  2  0  0  0  0
 20 22  1  0  0  0  0
 21 23  1  0  0  0  0
 22 23  1  0  0  0  0
 23 24  2  0  0  0  0
  2 25  1  1  0  0  0
  5 26  1  1  0  0  0
  4 27  1  1  0  0  0
 13 28  1  1  0  0  0
 12 29  1  1  0  0  0
 16 30  1  1  0  0  0
 11 31  1  1  0  0  0
 15 31  1  1  0  0  0
 30 32  1  0  0  0  0
 32 33  1  0  0  0  0
 32 34  2  0  0  0  0
 26 35  1  0  0  0  0
 10 36  1  6  0  0  0
  9 37  1  1  0  0  0
M  END
>  <cdx:fragmentId>
206

$$$$
",12303266,C26H34O7,458.551,458.230453435,1.527,105.59,67,5,2,4,1,2,0.5258819569994383,Y
15,KBKUJJFDSHBPPA-ZNCGZLKOSA-N,"1S/C26H34O7/c1-14(27)32-21-20(15-4-5-19(29)31-13-15)24(3)10-7-17-18(26(24)22(21)33-26)8-11-25(30)12-16(28)6-9-23(17,25)2/h4-5,13,16-18,20-22,28,30H,6-12H2,1-3H3/t16-,17-,18+,20-,21+,22+,23+,24+,25-,26+/m0/s1",CC(=O)O[C@H]1[C@H]2O[C@]22[C@@H]3CC[C@]4(O)C[C@@H](O)CC[C@]4(C)[C@H]3CC[C@]2(C)[C@H]1c1ccc(=O)oc1,"15.cdx
  Mrv1902 06152610502D          

 36 41  0  0  0  0            999 V2000
    4.1723   -6.2336    0.0000 C   0  0  0  0  0  0  0  0  0  0  0  0
    4.1723   -7.0586    0.0000 C   0  0  1  0  0  0  0  0  0  0  0  0
    4.8867   -7.4711    0.0000 C   0  0  0  0  0  0  0  0  0  0  0  0
    5.6012   -7.0586    0.0000 C   0  0  2  0  0  0  0  0  0  0  0  0
    5.6012   -6.2336    0.0000 C   0  0  2  0  0  0  0  0  0  0  0  0
    4.8867   -5.8211    0.0000 C   0  0  0  0  0  0  0  0  0  0  0  0
    6.3157   -7.4711    0.0000 C   0  0  0  0  0  0  0  0  0  0  0  0
    7.0301   -7.0586    0.0000 C   0  0  0  0  0  0  0  0  0  0  0  0
    7.0301   -6.2336    0.0000 C   0  0  2  0  0  0  0  0  0  0  0  0
    6.3157   -5.8211    0.0000 C   0  0  2  0  0  0  0  0  0  0  0  0
    7.7446   -5.8211    0.0000 C   0  0  2  0  0  0  0  0  0  0  0  0
    7.7446   -4.9961    0.0000 C   0  0  2  0  0  0  0  0  0  0  0  0
    7.0301   -4.5836    0.0000 C   0  0  2  0  0  0  0  0  0  0  0  0
    6.3157   -4.9961    0.0000 C   0  0  0  0  0  0  0  0  0  0  0  0
    8.5292   -6.0761    0.0000 C   0  0  1  0  0  0  0  0  0  0  0  0
    9.0142   -5.4086    0.0000 C   0  0  1  0  0  0  0  0  0  0  0  0
    8.5292   -4.7412    0.0000 C   0  0  2  0  0  0  0  0  0  0  0  0
    8.7842   -3.9566    0.0000 C   0  0  0  0  0  0  0  0  0  0  0  0
    9.5911   -3.7851    0.0000 C   0  0  0  0  0  0  0  0  0  0  0  0
    8.2321   -3.3435    0.0000 C   0  0  0  0  0  0  0  0  0  0  0  0
    9.8461   -3.0004    0.0000 C   0  0  0  0  0  0  0  0  0  0  0  0
    8.4871   -2.5589    0.0000 O   0  0  0  0  0  0  0  0  0  0  0  0
    9.2940   -2.3873    0.0000 C   0  0  0  0  0  0  0  0  0  0  0  0
    9.5490   -1.6027    0.0000 O   0  0  0  0  0  0  0  0  0  0  0  0
    3.4578   -7.4711    0.0000 O   0  0  0  0  0  0  0  0  0  0  0  0
    5.6012   -5.4086    0.0000 C   0  0  0  0  0  0  0  0  0  0  0  0
    5.6012   -7.8836    0.0000 O   0  0  0  0  0  0  0  0  0  0  0  0
    7.0301   -3.7586    0.0000 H   0  0  0  0  0  0  0  0  0  0  0  0
    7.8308   -4.1757    0.0000 C   0  0  0  0  0  0  0  0  0  0  0  0
    9.8392   -5.4086    0.0000 O   0  0  0  0  0  0  0  0  0  0  0  0
    7.8308   -6.6416    0.0000 O   0  0  0  0  0  0  0  0  0  0  0  0
   10.2517   -6.1231    0.0000 C   0  0  0  0  0  0  0  0  0  0  0  0
   11.0767   -6.1231    0.0000 C   0  0  0  0  0  0  0  0  0  0  0  0
    9.8392   -6.8376    0.0000 O   0  0  0  0  0  0  0  0  0  0  0  0
    6.3157   -6.6461    0.0000 H   0  0  0  0  0  0  0  0  0  0  0  0
    7.0301   -5.4086    0.0000 H   0  0  0  0  0  0  0  0  0  0  0  0
  1  2  1  0  0  0  0
  2  3  1  0  0  0  0
  3  4  1  0  0  0  0
  4  5  1  0  0  0  0
  5  6  1  0  0  0  0
  6  1  1  0  0  0  0
  4  7  1  0  0  0  0
  7  8  1  0  0  0  0
  8  9  1  0  0  0  0
  9 10  1  0  0  0  0
 10  5  1  0  0  0  0
  9 11  1  0  0  0  0
 11 12  1  0  0  0  0
 12 13  1  0  0  0  0
 13 14  1  0  0  0  0
 14 10  1  0  0  0  0
 11 15  1  0  0  0  0
 15 16  1  0  0  0  0
 16 17  1  0  0  0  0
 17 12  1  0  0  0  0
 17 18  1  1  0  0  0
 18 19  1  0  0  0  0
 18 20  2  0  0  0  0
 19 21  2  0  0  0  0
 20 22  1  0  0  0  0
 21 23  1  0  0  0  0
 22 23  1  0  0  0  0
 23 24  2  0  0  0  0
  2 25  1  1  0  0  0
  5 26  1  1  0  0  0
  4 27  1  1  0  0  0
 13 28  1  1  0  0  0
 12 29  1  1  0  0  0
 16 30  1  1  0  0  0
 11 31  1  1  0  0  0
 15 31  1  1  0  0  0
 30 32  1  0  0  0  0
 32 33  1  0  0  0  0
 32 34  2  0  0  0  0
 10 35  1  6  0  0  0
  9 36  1  1  0  0  0
M  END
>  <cdx:fragmentId>
206

$$$$
",259776,C26H34O7,458.551,458.230453435,1.576,105.59,67,5,2,3,1,2,0.5285211735795226,Y
16,MJNJLVKCZIIAQE-FKAJFBFRSA-N,"1S/C26H32O8/c1-12(27)32-19-17(14-11-31-22(29)20-18(14)33-20)24(3)8-5-15-16(26(24)21(19)34-26)6-9-25(30)10-13(28)4-7-23(15,25)2/h11,13,15-17,19,21,28,30H,4-10H2,1-3H3/t13-,15-,16+,17-,19+,21+,23+,24+,25-,26+/m0/s1",CC(=O)O[C@H]1[C@H]2O[C@]22[C@@H]3CC[C@]4(O)C[C@@H](O)CC[C@]4(C)[C@H]3CC[C@]2(C)[C@H]1c1coc(=O)c2Oc12,"16.cdx
  Mrv1902 06152610522D          

 37 43  0  0  0  0            999 V2000
    4.1723   -6.2336    0.0000 C   0  0  0  0  0  0  0  0  0  0  0  0
    4.1723   -7.0586    0.0000 C   0  0  1  0  0  0  0  0  0  0  0  0
    4.8867   -7.4711    0.0000 C   0  0  0  0  0  0  0  0  0  0  0  0
    5.6012   -7.0586    0.0000 C   0  0  2  0  0  0  0  0  0  0  0  0
    5.6012   -6.2336    0.0000 C   0  0  2  0  0  0  0  0  0  0  0  0
    4.8867   -5.8211    0.0000 C   0  0  0  0  0  0  0  0  0  0  0  0
    6.3157   -7.4711    0.0000 C   0  0  0  0  0  0  0  0  0  0  0  0
    7.0301   -7.0586    0.0000 C   0  0  0  0  0  0  0  0  0  0  0  0
    7.0301   -6.2336    0.0000 C   0  0  2  0  0  0  0  0  0  0  0  0
    6.3157   -5.8211    0.0000 C   0  0  2  0  0  0  0  0  0  0  0  0
    7.7446   -5.8211    0.0000 C   0  0  2  0  0  0  0  0  0  0  0  0
    7.7446   -4.9961    0.0000 C   0  0  2  0  0  0  0  0  0  0  0  0
    7.0301   -4.5836    0.0000 C   0  0  2  0  0  0  0  0  0  0  0  0
    6.3157   -4.9961    0.0000 C   0  0  0  0  0  0  0  0  0  0  0  0
    8.5292   -6.0761    0.0000 C   0  0  1  0  0  0  0  0  0  0  0  0
    9.0142   -5.4086    0.0000 C   0  0  1  0  0  0  0  0  0  0  0  0
    8.5292   -4.7412    0.0000 C   0  0  2  0  0  0  0  0  0  0  0  0
    8.7842   -3.9566    0.0000 C   0  0  0  0  0  0  0  0  0  0  0  0
    9.5911   -3.7851    0.0000 C   0  0  0  0  0  0  0  0  0  0  0  0
    8.2321   -3.3435    0.0000 C   0  0  0  0  0  0  0  0  0  0  0  0
    9.8461   -3.0004    0.0000 C   0  0  0  0  0  0  0  0  0  0  0  0
    8.4871   -2.5589    0.0000 O   0  0  0  0  0  0  0  0  0  0  0  0
    9.2940   -2.3873    0.0000 C   0  0  0  0  0  0  0  0  0  0  0  0
    9.5490   -1.6027    0.0000 O   0  0  0  0  0  0  0  0  0  0  0  0
    3.4578   -7.4711    0.0000 O   0  0  0  0  0  0  0  0  0  0  0  0
    5.6012   -5.4086    0.0000 C   0  0  0  0  0  0  0  0  0  0  0  0
    5.6012   -7.8836    0.0000 O   0  0  0  0  0  0  0  0  0  0  0  0
    7.0301   -3.7586    0.0000 H   0  0  0  0  0  0  0  0  0  0  0  0
    7.8308   -4.1757    0.0000 C   0  0  0  0  0  0  0  0  0  0  0  0
    9.8392   -5.4086    0.0000 O   0  0  0  0  0  0  0  0  0  0  0  0
    7.8308   -6.6416    0.0000 O   0  0  0  0  0  0  0  0  0  0  0  0
   10.2517   -6.1231    0.0000 C   0  0  0  0  0  0  0  0  0  0  0  0
   11.0767   -6.1231    0.0000 C   0  0  0  0  0  0  0  0  0  0  0  0
    9.8392   -6.8376    0.0000 O   0  0  0  0  0  0  0  0  0  0  0  0
   10.4294   -3.5838    0.0000 O   0  0  0  0  0  0  0  0  0  0  0  0
    6.3157   -6.6461    0.0000 H   0  0  0  0  0  0  0  0  0  0  0  0
    7.0301   -5.4086    0.0000 H   0  0  0  0  0  0  0  0  0  0  0  0
  1  2  1  0  0  0  0
  2  3  1  0  0  0  0
  3  4  1  0  0  0  0
  4  5  1  0  0  0  0
  5  6  1  0  0  0  0
  6  1  1  0  0  0  0
  4  7  1  0  0  0  0
  7  8  1  0  0  0  0
  8  9  1  0  0  0  0
  9 10  1  0  0  0  0
 10  5  1  0  0  0  0
  9 11  1  0  0  0  0
 11 12  1  0  0  0  0
 12 13  1  0  0  0  0
 13 14  1  0  0  0  0
 14 10  1  0  0  0  0
 11 15  1  0  0  0  0
 15 16  1  0  0  0  0
 16 17  1  0  0  0  0
 17 12  1  0  0  0  0
 17 18  1  1  0  0  0
 18 19  1  0  0  0  0
 18 20  2  0  0  0  0
 19 21  2  0  0  0  0
 20 22  1  0  0  0  0
 21 23  1  0  0  0  0
 22 23  1  0  0  0  0
 23 24  2  0  0  0  0
  2 25  1  1  0  0  0
  5 26  1  1  0  0  0
  4 27  1  1  0  0  0
 13 28  1  1  0  0  0
 12 29  1  1  0  0  0
 16 30  1  1  0  0  0
 11 31  1  1  0  0  0
 15 31  1  1  0  0  0
 30 32  1  0  0  0  0
 32 33  1  0  0  0  0
 32 34  2  0  0  0  0
 21 35  1  0  0  0  0
 35 19  1  0  0  0  0
 10 36  1  6  0  0  0
  9 37  1  1  0  0  0
M  END
>  <cdx:fragmentId>
837

$$$$
",177807637,C26H32O8,472.534,472.20971799,1.031,118.12,66,6,2,3,1,2,0.5012594182373898,Y
17,AOBHQOYFBDNLMA-BAEBVKMLSA-N,"1S/C26H32O6/c1-14(27)31-22-21(15-4-7-20(29)30-13-15)25(3)11-9-18-19(26(25)23(22)32-26)6-5-16-12-17(28)8-10-24(16,18)2/h4,7,13,16,18-19,21-23H,5-6,8-12H2,1-3H3/t16-,18+,19-,21+,22-,23-,24+,25-,26-/m1/s1",CC(=O)O[C@H]1[C@H]2O[C@]22[C@@H]3CC[C@@H]4CC(=O)CC[C@]4(C)[C@H]3CC[C@]2(C)[C@H]1c1ccc(=O)oc1,"17.cdx
  Mrv1902 06152610512D          

 36 41  0  0  0  0            999 V2000
    4.1723   -6.2336    0.0000 C   0  0  0  0  0  0  0  0  0  0  0  0
    4.1723   -7.0586    0.0000 C   0  0  0  0  0  0  0  0  0  0  0  0
    4.8867   -7.4711    0.0000 C   0  0  0  0  0  0  0  0  0  0  0  0
    5.6012   -7.0586    0.0000 C   0  0  2  0  0  0  0  0  0  0  0  0
    5.6012   -6.2336    0.0000 C   0  0  2  0  0  0  0  0  0  0  0  0
    4.8867   -5.8211    0.0000 C   0  0  0  0  0  0  0  0  0  0  0  0
    6.3157   -7.4711    0.0000 C   0  0  0  0  0  0  0  0  0  0  0  0
    7.0301   -7.0586    0.0000 C   0  0  0  0  0  0  0  0  0  0  0  0
    7.0301   -6.2336    0.0000 C   0  0  2  0  0  0  0  0  0  0  0  0
    6.3157   -5.8211    0.0000 C   0  0  2  0  0  0  0  0  0  0  0  0
    7.7446   -5.8211    0.0000 C   0  0  2  0  0  0  0  0  0  0  0  0
    7.7446   -4.9961    0.0000 C   0  0  2  0  0  0  0  0  0  0  0  0
    7.0301   -4.5836    0.0000 C   0  0  2  0  0  0  0  0  0  0  0  0
    6.3157   -4.9961    0.0000 C   0  0  0  0  0  0  0  0  0  0  0  0
    8.5292   -6.0761    0.0000 C   0  0  1  0  0  0  0  0  0  0  0  0
    9.0142   -5.4086    0.0000 C   0  0  1  0  0  0  0  0  0  0  0  0
    8.5292   -4.7412    0.0000 C   0  0  2  0  0  0  0  0  0  0  0  0
    8.7842   -3.9566    0.0000 C   0  0  0  0  0  0  0  0  0  0  0  0
    9.5911   -3.7851    0.0000 C   0  0  0  0  0  0  0  0  0  0  0  0
    8.2321   -3.3435    0.0000 C   0  0  0  0  0  0  0  0  0  0  0  0
    9.8461   -3.0004    0.0000 C   0  0  0  0  0  0  0  0  0  0  0  0
    8.4871   -2.5589    0.0000 O   0  0  0  0  0  0  0  0  0  0  0  0
    9.2940   -2.3873    0.0000 C   0  0  0  0  0  0  0  0  0  0  0  0
    9.5490   -1.6027    0.0000 O   0  0  0  0  0  0  0  0  0  0  0  0
    3.4578   -7.4711    0.0000 O   0  0  0  0  0  0  0  0  0  0  0  0
    5.6012   -5.4086    0.0000 C   0  0  0  0  0  0  0  0  0  0  0  0
    5.6012   -7.8836    0.0000 H   0  0  0  0  0  0  0  0  0  0  0  0
    7.0301   -3.7586    0.0000 H   0  0  0  0  0  0  0  0  0  0  0  0
    7.8308   -4.1757    0.0000 C   0  0  0  0  0  0  0  0  0  0  0  0
    9.8392   -5.4086    0.0000 O   0  0  0  0  0  0  0  0  0  0  0  0
    7.8308   -6.6416    0.0000 O   0  0  0  0  0  0  0  0  0  0  0  0
   10.2517   -6.1231    0.0000 C   0  0  0  0  0  0  0  0  0  0  0  0
   11.0767   -6.1231    0.0000 C   0  0  0  0  0  0  0  0  0  0  0  0
    9.8392   -6.8376    0.0000 O   0  0  0  0  0  0  0  0  0  0  0  0
    6.3157   -6.6461    0.0000 H   0  0  0  0  0  0  0  0  0  0  0  0
    7.0301   -5.4086    0.0000 H   0  0  0  0  0  0  0  0  0  0  0  0
  1  2  1  0  0  0  0
  2  3  1  0  0  0  0
  3  4  1  0  0  0  0
  4  5  1  0  0  0  0
  5  6  1  0  0  0  0
  6  1  1  0  0  0  0
  4  7  1  0  0  0  0
  7  8  1  0  0  0  0
  8  9  1  0  0  0  0
  9 10  1  0  0  0  0
 10  5  1  0  0  0  0
  9 11  1  0  0  0  0
 11 12  1  0  0  0  0
 12 13  1  0  0  0  0
 13 14  1  0  0  0  0
 14 10  1  0  0  0  0
 11 15  1  0  0  0  0
 15 16  1  0  0  0  0
 16 17  1  0  0  0  0
 17 12  1  0  0  0  0
 17 18  1  1  0  0  0
 18 19  1  0  0  0  0
 18 20  2  0  0  0  0
 19 21  2  0  0  0  0
 20 22  1  0  0  0  0
 21 23  1  0  0  0  0
 22 23  1  0  0  0  0
 23 24  2  0  0  0  0
  2 25  2  0  0  0  0
  5 26  1  1  0  0  0
  4 27  1  1  0  0  0
 13 28  1  1  0  0  0
 12 29  1  1  0  0  0
 16 30  1  1  0  0  0
 11 31  1  1  0  0  0
 15 31  1  1  0  0  0
 30 32  1  0  0  0  0
 32 33  1  0  0  0  0
 32 34  2  0  0  0  0
 10 35  1  6  0  0  0
  9 36  1  1  0  0  0
M  END
>  <cdx:fragmentId>
206

$$$$
",22296647,C26H32O6,440.536,440.21988875,3.015,82.2,64,4,0,3,1,2,0.5344402305438801,Y
18,GLJGPLLAYVBZNS-AXVZYAHOSA-N,"1S/C26H32O7/c1-14(27)32-21-20(15-4-5-19(29)31-13-15)24(3)10-7-17-18(26(24)22(21)33-26)8-11-25(30)12-16(28)6-9-23(17,25)2/h4-5,13,17-18,20-22,30H,6-12H2,1-3H3/t17-,18+,20-,21+,22+,23+,24+,25-,26+/m0/s1",CC(=O)O[C@H]1[C@H]2O[C@]22[C@@H]3CC[C@]4(O)CC(=O)CC[C@]4(C)[C@H]3CC[C@]2(C)[C@H]1c1ccc(=O)oc1,"18.cdx
  Mrv1902 06152611042D          

 36 41  0  0  0  0            999 V2000
    4.1723   -6.2336    0.0000 C   0  0  0  0  0  0  0  0  0  0  0  0
    4.1723   -7.0586    0.0000 C   0  0  0  0  0  0  0  0  0  0  0  0
    4.8867   -7.4711    0.0000 C   0  0  0  0  0  0  0  0  0  0  0  0
    5.6012   -7.0586    0.0000 C   0  0  2  0  0  0  0  0  0  0  0  0
    5.6012   -6.2336    0.0000 C   0  0  2  0  0  0  0  0  0  0  0  0
    4.8867   -5.8211    0.0000 C   0  0  0  0  0  0  0  0  0  0  0  0
    6.3157   -7.4711    0.0000 C   0  0  0  0  0  0  0  0  0  0  0  0
    7.0301   -7.0586    0.0000 C   0  0  0  0  0  0  0  0  0  0  0  0
    7.0301   -6.2336    0.0000 C   0  0  2  0  0  0  0  0  0  0  0  0
    6.3157   -5.8211    0.0000 C   0  0  2  0  0  0  0  0  0  0  0  0
    7.7446   -5.8211    0.0000 C   0  0  2  0  0  0  0  0  0  0  0  0
    7.7446   -4.9961    0.0000 C   0  0  2  0  0  0  0  0  0  0  0  0
    7.0301   -4.5836    0.0000 C   0  0  2  0  0  0  0  0  0  0  0  0
    6.3157   -4.9961    0.0000 C   0  0  0  0  0  0  0  0  0  0  0  0
    8.5292   -6.0761    0.0000 C   0  0  1  0  0  0  0  0  0  0  0  0
    9.0142   -5.4086    0.0000 C   0  0  1  0  0  0  0  0  0  0  0  0
    8.5292   -4.7412    0.0000 C   0  0  2  0  0  0  0  0  0  0  0  0
    8.7842   -3.9566    0.0000 C   0  0  0  0  0  0  0  0  0  0  0  0
    9.5911   -3.7851    0.0000 C   0  0  0  0  0  0  0  0  0  0  0  0
    8.2321   -3.3435    0.0000 C   0  0  0  0  0  0  0  0  0  0  0  0
    9.8461   -3.0004    0.0000 C   0  0  0  0  0  0  0  0  0  0  0  0
    8.4871   -2.5589    0.0000 O   0  0  0  0  0  0  0  0  0  0  0  0
    9.2940   -2.3873    0.0000 C   0  0  0  0  0  0  0  0  0  0  0  0
    9.5490   -1.6027    0.0000 O   0  0  0  0  0  0  0  0  0  0  0  0
    3.4578   -7.4711    0.0000 O   0  0  0  0  0  0  0  0  0  0  0  0
    5.6012   -5.4086    0.0000 C   0  0  0  0  0  0  0  0  0  0  0  0
    5.6012   -7.8836    0.0000 O   0  0  0  0  0  0  0  0  0  0  0  0
    7.0301   -3.7586    0.0000 H   0  0  0  0  0  0  0  0  0  0  0  0
    7.8308   -4.1757    0.0000 C   0  0  0  0  0  0  0  0  0  0  0  0
    9.8392   -5.4086    0.0000 O   0  0  0  0  0  0  0  0  0  0  0  0
    7.8308   -6.6416    0.0000 O   0  0  0  0  0  0  0  0  0  0  0  0
   10.2517   -6.1231    0.0000 C   0  0  0  0  0  0  0  0  0  0  0  0
   11.0767   -6.1231    0.0000 C   0  0  0  0  0  0  0  0  0  0  0  0
    9.8392   -6.8376    0.0000 O   0  0  0  0  0  0  0  0  0  0  0  0
    6.3157   -6.6461    0.0000 H   0  0  0  0  0  0  0  0  0  0  0  0
    7.0301   -5.4086    0.0000 H   0  0  0  0  0  0  0  0  0  0  0  0
  1  2  1  0  0  0  0
  2  3  1  0  0  0  0
  3  4  1  0  0  0  0
  4  5  1  0  0  0  0
  5  6  1  0  0  0  0
  6  1  1  0  0  0  0
  4  7  1  0  0  0  0
  7  8  1  0  0  0  0
  8  9  1  0  0  0  0
  9 10  1  0  0  0  0
 10  5  1  0  0  0  0
  9 11  1  0  0  0  0
 11 12  1  0  0  0  0
 12 13  1  0  0  0  0
 13 14  1  0  0  0  0
 14 10  1  0  0  0  0
 11 15  1  0  0  0  0
 15 16  1  0  0  0  0
 16 17  1  0  0  0  0
 17 12  1  0  0  0  0
 17 18  1  1  0  0  0
 18 19  1  0  0  0  0
 18 20  2  0  0  0  0
 19 21  2  0  0  0  0
 20 22  1  0  0  0  0
 21 23  1  0  0  0  0
 22 23  1  0  0  0  0
 23 24  2  0  0  0  0
  2 25  2  0  0  0  0
  5 26  1  1  0  0  0
  4 27  1  1  0  0  0
 13 28  1  1  0  0  0
 12 29  1  1  0  0  0
 16 30  1  1  0  0  0
 11 31  1  1  0  0  0
 15 31  1  1  0  0  0
 30 32  1  0  0  0  0
 32 33  1  0  0  0  0
 32 34  2  0  0  0  0
 10 35  1  6  0  0  0
  9 36  1  1  0  0  0
M  END
>  <cdx:fragmentId>
206

$$$$
",102253150,C26H32O7,456.535,456.21480337,2.012,102.43,65,5,1,3,1,2,0.5537826896012048,Y
19,GZNLDYYHFCFJOU-QLKRLITRSA-N,"1S/C26H34O7/c1-13(27)32-22-21(14-4-7-20(30)31-12-14)25(3)19(29)11-18-17(26(25)23(22)33-26)6-5-15-10-16(28)8-9-24(15,18)2/h4,7,12,15-19,21-23,28-29H,5-6,8-11H2,1-3H3/t15-,16+,17-,18+,19-,21+,22-,23-,24+,25-,26-/m1/s1",CC(=O)O[C@H]1[C@H]2O[C@]22[C@@H]3CC[C@@H]4C[C@@H](O)CC[C@]4(C)[C@H]3C[C@@H](O)[C@]2(C)[C@H]1c1ccc(=O)oc1,"19.cdx
  Mrv1902 06152611052D          

 36 41  0  0  0  0            999 V2000
    4.1723   -6.2336    0.0000 C   0  0  0  0  0  0  0  0  0  0  0  0
    4.1723   -7.0586    0.0000 C   0  0  1  0  0  0  0  0  0  0  0  0
    4.8867   -7.4711    0.0000 C   0  0  0  0  0  0  0  0  0  0  0  0
    5.6012   -7.0586    0.0000 C   0  0  2  0  0  0  0  0  0  0  0  0
    5.6012   -6.2336    0.0000 C   0  0  2  0  0  0  0  0  0  0  0  0
    4.8867   -5.8211    0.0000 C   0  0  0  0  0  0  0  0  0  0  0  0
    6.3157   -7.4711    0.0000 C   0  0  0  0  0  0  0  0  0  0  0  0
    7.0301   -7.0586    0.0000 C   0  0  0  0  0  0  0  0  0  0  0  0
    7.0301   -6.2336    0.0000 C   0  0  2  0  0  0  0  0  0  0  0  0
    6.3157   -5.8211    0.0000 C   0  0  2  0  0  0  0  0  0  0  0  0
    7.7446   -5.8211    0.0000 C   0  0  2  0  0  0  0  0  0  0  0  0
    7.7446   -4.9961    0.0000 C   0  0  2  0  0  0  0  0  0  0  0  0
    7.0301   -4.5836    0.0000 C   0  0  1  0  0  0  0  0  0  0  0  0
    6.3157   -4.9961    0.0000 C   0  0  0  0  0  0  0  0  0  0  0  0
    8.5292   -6.0761    0.0000 C   0  0  1  0  0  0  0  0  0  0  0  0
    9.0142   -5.4086    0.0000 C   0  0  1  0  0  0  0  0  0  0  0  0
    8.5292   -4.7412    0.0000 C   0  0  2  0  0  0  0  0  0  0  0  0
    8.7842   -3.9566    0.0000 C   0  0  0  0  0  0  0  0  0  0  0  0
    9.5911   -3.7851    0.0000 C   0  0  0  0  0  0  0  0  0  0  0  0
    8.2321   -3.3435    0.0000 C   0  0  0  0  0  0  0  0  0  0  0  0
    9.8461   -3.0004    0.0000 C   0  0  0  0  0  0  0  0  0  0  0  0
    8.4871   -2.5589    0.0000 O   0  0  0  0  0  0  0  0  0  0  0  0
    9.2940   -2.3873    0.0000 C   0  0  0  0  0  0  0  0  0  0  0  0
    9.5490   -1.6027    0.0000 O   0  0  0  0  0  0  0  0  0  0  0  0
    3.4578   -7.4711    0.0000 O   0  0  0  0  0  0  0  0  0  0  0  0
    5.6012   -5.4086    0.0000 C   0  0  0  0  0  0  0  0  0  0  0  0
    5.6012   -7.8836    0.0000 H   0  0  0  0  0  0  0  0  0  0  0  0
    7.0301   -3.7586    0.0000 O   0  0  0  0  0  0  0  0  0  0  0  0
    7.8308   -4.1757    0.0000 C   0  0  0  0  0  0  0  0  0  0  0  0
    9.8392   -5.4086    0.0000 O   0  0  0  0  0  0  0  0  0  0  0  0
    7.8308   -6.6416    0.0000 O   0  0  0  0  0  0  0  0  0  0  0  0
   10.2517   -6.1231    0.0000 C   0  0  0  0  0  0  0  0  0  0  0  0
   11.0767   -6.1231    0.0000 C   0  0  0  0  0  0  0  0  0  0  0  0
    9.8392   -6.8376    0.0000 O   0  0  0  0  0  0  0  0  0  0  0  0
    6.3157   -6.6461    0.0000 H   0  0  0  0  0  0  0  0  0  0  0  0
    7.0301   -5.4086    0.0000 H   0  0  0  0  0  0  0  0  0  0  0  0
  1  2  1  0  0  0  0
  2  3  1  0  0  0  0
  3  4  1  0  0  0  0
  4  5  1  0  0  0  0
  5  6  1  0  0  0  0
  6  1  1  0  0  0  0
  4  7  1  0  0  0  0
  7  8  1  0  0  0  0
  8  9  1  0  0  0  0
  9 10  1  0  0  0  0
 10  5  1  0  0  0  0
  9 11  1  0  0  0  0
 11 12  1  0  0  0  0
 12 13  1  0  0  0  0
 13 14  1  0  0  0  0
 14 10  1  0  0  0  0
 11 15  1  0  0  0  0
 15 16  1  0  0  0  0
 16 17  1  0  0  0  0
 17 12  1  0  0  0  0
 17 18  1  1  0  0  0
 18 19  1  0  0  0  0
 18 20  2  0  0  0  0
 19 21  2  0  0  0  0
 20 22  1  0  0  0  0
 21 23  1  0  0  0  0
 22 23  1  0  0  0  0
 23 24  2  0  0  0  0
  2 25  1  1  0  0  0
  5 26  1  1  0  0  0
  4 27  1  1  0  0  0
 13 28  1  1  0  0  0
 12 29  1  1  0  0  0
 16 30  1  1  0  0  0
 11 31  1  1  0  0  0
 15 31  1  1  0  0  0
 30 32  1  0  0  0  0
 32 33  1  0  0  0  0
 32 34  2  0  0  0  0
 10 35  1  6  0  0  0
  9 36  1  1  0  0  0
M  END
>  <cdx:fragmentId>
206

$$$$
",15513542,C26H34O7,458.551,458.230453435,1.577,105.59,67,5,2,3,1,2,0.5285329270136052,Y
20,MJGBQRFJIZZZFQ-CIXQQPKYSA-N,"1S/C26H34O8/c1-13(27)33-21-20(14-4-5-19(30)32-12-14)24(3)18(29)10-17-16(26(24)22(21)34-26)7-9-25(31)11-15(28)6-8-23(17,25)2/h4-5,12,15-18,20-22,28-29,31H,6-11H2,1-3H3/t15-,16+,17-,18+,20-,21+,22+,23+,24+,25-,26+/m0/s1",CC(=O)O[C@H]1[C@H]2O[C@]22[C@@H]3CC[C@]4(O)C[C@@H](O)CC[C@]4(C)[C@H]3C[C@@H](O)[C@]2(C)[C@H]1c1ccc(=O)oc1,"20.cdx
  Mrv1902 06152611062D          

 36 41  0  0  0  0            999 V2000
    4.1723   -6.2336    0.0000 C   0  0  0  0  0  0  0  0  0  0  0  0
    4.1723   -7.0586    0.0000 C   0  0  1  0  0  0  0  0  0  0  0  0
    4.8867   -7.4711    0.0000 C   0  0  0  0  0  0  0  0  0  0  0  0
    5.6012   -7.0586    0.0000 C   0  0  2  0  0  0  0  0  0  0  0  0
    5.6012   -6.2336    0.0000 C   0  0  2  0  0  0  0  0  0  0  0  0
    4.8867   -5.8211    0.0000 C   0  0  0  0  0  0  0  0  0  0  0  0
    6.3157   -7.4711    0.0000 C   0  0  0  0  0  0  0  0  0  0  0  0
    7.0301   -7.0586    0.0000 C   0  0  0  0  0  0  0  0  0  0  0  0
    7.0301   -6.2336    0.0000 C   0  0  2  0  0  0  0  0  0  0  0  0
    6.3157   -5.8211    0.0000 C   0  0  2  0  0  0  0  0  0  0  0  0
    7.7446   -5.8211    0.0000 C   0  0  2  0  0  0  0  0  0  0  0  0
    7.7446   -4.9961    0.0000 C   0  0  2  0  0  0  0  0  0  0  0  0
    7.0301   -4.5836    0.0000 C   0  0  1  0  0  0  0  0  0  0  0  0
    6.3157   -4.9961    0.0000 C   0  0  0  0  0  0  0  0  0  0  0  0
    8.5292   -6.0761    0.0000 C   0  0  1  0  0  0  0  0  0  0  0  0
    9.0142   -5.4086    0.0000 C   0  0  1  0  0  0  0  0  0  0  0  0
    8.5292   -4.7412    0.0000 C   0  0  2  0  0  0  0  0  0  0  0  0
    8.7842   -3.9566    0.0000 C   0  0  0  0  0  0  0  0  0  0  0  0
    9.5911   -3.7851    0.0000 C   0  0  0  0  0  0  0  0  0  0  0  0
    8.2321   -3.3435    0.0000 C   0  0  0  0  0  0  0  0  0  0  0  0
    9.8461   -3.0004    0.0000 C   0  0  0  0  0  0  0  0  0  0  0  0
    8.4871   -2.5589    0.0000 O   0  0  0  0  0  0  0  0  0  0  0  0
    9.2940   -2.3873    0.0000 C   0  0  0  0  0  0  0  0  0  0  0  0
    9.5490   -1.6027    0.0000 O   0  0  0  0  0  0  0  0  0  0  0  0
    3.4578   -7.4711    0.0000 O   0  0  0  0  0  0  0  0  0  0  0  0
    5.6012   -5.4086    0.0000 C   0  0  0  0  0  0  0  0  0  0  0  0
    5.6012   -7.8836    0.0000 O   0  0  0  0  0  0  0  0  0  0  0  0
    7.0301   -3.7586    0.0000 O   0  0  0  0  0  0  0  0  0  0  0  0
    7.8308   -4.1757    0.0000 C   0  0  0  0  0  0  0  0  0  0  0  0
    9.8392   -5.4086    0.0000 O   0  0  0  0  0  0  0  0  0  0  0  0
    7.8308   -6.6416    0.0000 O   0  0  0  0  0  0  0  0  0  0  0  0
   10.2517   -6.1231    0.0000 C   0  0  0  0  0  0  0  0  0  0  0  0
   11.0767   -6.1231    0.0000 C   0  0  0  0  0  0  0  0  0  0  0  0
    9.8392   -6.8376    0.0000 O   0  0  0  0  0  0  0  0  0  0  0  0
    6.3157   -6.6461    0.0000 H   0  0  0  0  0  0  0  0  0  0  0  0
    7.0301   -5.4086    0.0000 H   0  0  0  0  0  0  0  0  0  0  0  0
  1  2  1  0  0  0  0
  2  3  1  0  0  0  0
  3  4  1  0  0  0  0
  4  5  1  0  0  0  0
  5  6  1  0  0  0  0
  6  1  1  0  0  0  0
  4  7  1  0  0  0  0
  7  8  1  0  0  0  0
  8  9  1  0  0  0  0
  9 10  1  0  0  0  0
 10  5  1  0  0  0  0
  9 11  1  0  0  0  0
 11 12  1  0  0  0  0
 12 13  1  0  0  0  0
 13 14  1  0  0  0  0
 14 10  1  0  0  0  0
 11 15  1  0  0  0  0
 15 16  1  0  0  0  0
 16 17  1  0  0  0  0
 17 12  1  0  0  0  0
 17 18  1  1  0  0  0
 18 19  1  0  0  0  0
 18 20  2  0  0  0  0
 19 21  2  0  0  0  0
 20 22  1  0  0  0  0
 21 23  1  0  0  0  0
 22 23  1  0  0  0  0
 23 24  2  0  0  0  0
  2 25  1  1  0  0  0
  5 26  1  1  0  0  0
  4 27  1  1  0  0  0
 13 28  1  1  0  0  0
 12 29  1  1  0  0  0
 16 30  1  1  0  0  0
 11 31  1  1  0  0  0
 15 31  1  1  0  0  0
 30 32  1  0  0  0  0
 32 33  1  0  0  0  0
 32 34  2  0  0  0  0
 10 35  1  6  0  0  0
  9 36  1  1  0  0  0
M  END
>  <cdx:fragmentId>
206

$$$$
",24970584,C26H34O8,474.55,474.225368055,0.345,125.82,68,6,3,3,1,2,0.4286993409273613,Y
21,FRUGXBQKMCOIBP-CDIOGTMDSA-N,"1S/C26H32O7/c1-14(28)32-22-21(15-3-6-20(30)31-12-15)24(2)9-8-18-19(26(24)23(22)33-26)5-4-16-11-17(29)7-10-25(16,18)13-27/h3,6,12-13,16-19,21-23,29H,4-5,7-11H2,1-2H3/t16-,17+,18+,19-,21+,22-,23-,24-,25-,26-/m1/s1",CC(=O)O[C@H]1[C@H]2O[C@]22[C@@H]3CC[C@@H]4C[C@@H](O)CC[C@]4(C=O)[C@H]3CC[C@]2(C)[C@H]1c1ccc(=O)oc1,"21.cdx
  Mrv1902 06152611052D          

 37 42  0  0  0  0            999 V2000
    4.1723   -6.2336    0.0000 C   0  0  0  0  0  0  0  0  0  0  0  0
    4.1723   -7.0586    0.0000 C   0  0  1  0  0  0  0  0  0  0  0  0
    4.8867   -7.4711    0.0000 C   0  0  0  0  0  0  0  0  0  0  0  0
    5.6012   -7.0586    0.0000 C   0  0  2  0  0  0  0  0  0  0  0  0
    5.6012   -6.2336    0.0000 C   0  0  2  0  0  0  0  0  0  0  0  0
    4.8867   -5.8211    0.0000 C   0  0  0  0  0  0  0  0  0  0  0  0
    6.3157   -7.4711    0.0000 C   0  0  0  0  0  0  0  0  0  0  0  0
    7.0301   -7.0586    0.0000 C   0  0  0  0  0  0  0  0  0  0  0  0
    7.0301   -6.2336    0.0000 C   0  0  2  0  0  0  0  0  0  0  0  0
    6.3157   -5.8211    0.0000 C   0  0  2  0  0  0  0  0  0  0  0  0
    7.7446   -5.8211    0.0000 C   0  0  2  0  0  0  0  0  0  0  0  0
    7.7446   -4.9961    0.0000 C   0  0  2  0  0  0  0  0  0  0  0  0
    7.0301   -4.5836    0.0000 C   0  0  2  0  0  0  0  0  0  0  0  0
    6.3157   -4.9961    0.0000 C   0  0  0  0  0  0  0  0  0  0  0  0
    8.5292   -6.0761    0.0000 C   0  0  1  0  0  0  0  0  0  0  0  0
    9.0142   -5.4086    0.0000 C   0  0  1  0  0  0  0  0  0  0  0  0
    8.5292   -4.7412    0.0000 C   0  0  2  0  0  0  0  0  0  0  0  0
    8.7842   -3.9566    0.0000 C   0  0  0  0  0  0  0  0  0  0  0  0
    9.5911   -3.7851    0.0000 C   0  0  0  0  0  0  0  0  0  0  0  0
    8.2321   -3.3435    0.0000 C   0  0  0  0  0  0  0  0  0  0  0  0
    9.8461   -3.0004    0.0000 C   0  0  0  0  0  0  0  0  0  0  0  0
    8.4871   -2.5589    0.0000 O   0  0  0  0  0  0  0  0  0  0  0  0
    9.2940   -2.3873    0.0000 C   0  0  0  0  0  0  0  0  0  0  0  0
    9.5490   -1.6027    0.0000 O   0  0  0  0  0  0  0  0  0  0  0  0
    3.4578   -7.4711    0.0000 O   0  0  0  0  0  0  0  0  0  0  0  0
    5.6012   -5.4086    0.0000 C   0  0  0  0  0  0  0  0  0  0  0  0
    5.6012   -7.8836    0.0000 H   0  0  0  0  0  0  0  0  0  0  0  0
    7.0301   -3.7586    0.0000 H   0  0  0  0  0  0  0  0  0  0  0  0
    7.8308   -4.1757    0.0000 C   0  0  0  0  0  0  0  0  0  0  0  0
    9.8392   -5.4086    0.0000 O   0  0  0  0  0  0  0  0  0  0  0  0
    7.8308   -6.6416    0.0000 O   0  0  0  0  0  0  0  0  0  0  0  0
   10.2517   -6.1231    0.0000 C   0  0  0  0  0  0  0  0  0  0  0  0
   11.0767   -6.1231    0.0000 C   0  0  0  0  0  0  0  0  0  0  0  0
    9.8392   -6.8376    0.0000 O   0  0  0  0  0  0  0  0  0  0  0  0
    4.8867   -4.9961    0.0000 O   0  0  0  0  0  0  0  0  0  0  0  0
    6.3157   -6.6461    0.0000 H   0  0  0  0  0  0  0  0  0  0  0  0
    7.0301   -5.4086    0.0000 H   0  0  0  0  0  0  0  0  0  0  0  0
  1  2  1  0  0  0  0
  2  3  1  0  0  0  0
  3  4  1  0  0  0  0
  4  5  1  0  0  0  0
  5  6  1  0  0  0  0
  6  1  1  0  0  0  0
  4  7  1  0  0  0  0
  7  8  1  0  0  0  0
  8  9  1  0  0  0  0
  9 10  1  0  0  0  0
 10  5  1  0  0  0  0
  9 11  1  0  0  0  0
 11 12  1  0  0  0  0
 12 13  1  0  0  0  0
 13 14  1  0  0  0  0
 14 10  1  0  0  0  0
 11 15  1  0  0  0  0
 15 16  1  0  0  0  0
 16 17  1  0  0  0  0
 17 12  1  0  0  0  0
 17 18  1  1  0  0  0
 18 19  1  0  0  0  0
 18 20  2  0  0  0  0
 19 21  2  0  0  0  0
 20 22  1  0  0  0  0
 21 23  1  0  0  0  0
 22 23  1  0  0  0  0
 23 24  2  0  0  0  0
  2 25  1  1  0  0  0
  5 26  1  1  0  0  0
  4 27  1  1  0  0  0
 13 28  1  1  0  0  0
 12 29  1  1  0  0  0
 16 30  1  1  0  0  0
 11 31  1  1  0  0  0
 15 31  1  1  0  0  0
 30 32  1  0  0  0  0
 32 33  1  0  0  0  0
 32 34  2  0  0  0  0
 26 35  2  0  0  0  0
 10 36  1  6  0  0  0
  9 37  1  1  0  0  0
M  END
>  <cdx:fragmentId>
206

$$$$
",102093791,C26H32O7,456.535,456.21480337,1.841,102.43,65,5,1,4,1,3,0.42318735810293906,Y
22,RDQNOOHJEOAAIW-FSVQXUKKSA-N,"1S/C26H32O8/c1-14(28)33-21-20(15-3-4-19(30)32-12-15)23(2)8-6-17-18(26(23)22(21)34-26)7-10-25(31)11-16(29)5-9-24(17,25)13-27/h3-4,12-13,16-18,20-22,29,31H,5-11H2,1-2H3/t16-,17-,18+,20-,21+,22+,23+,24-,25-,26+/m0/s1",CC(=O)O[C@H]1[C@H]2O[C@]22[C@@H]3CC[C@]4(O)C[C@@H](O)CC[C@]4(C=O)[C@H]3CC[C@]2(C)[C@H]1c1ccc(=O)oc1,"22.cdx
  Mrv1902 06152611062D          

 37 42  0  0  0  0            999 V2000
    4.1723   -6.2336    0.0000 C   0  0  0  0  0  0  0  0  0  0  0  0
    4.1723   -7.0586    0.0000 C   0  0  1  0  0  0  0  0  0  0  0  0
    4.8867   -7.4711    0.0000 C   0  0  0  0  0  0  0  0  0  0  0  0
    5.6012   -7.0586    0.0000 C   0  0  2  0  0  0  0  0  0  0  0  0
    5.6012   -6.2336    0.0000 C   0  0  2  0  0  0  0  0  0  0  0  0
    4.8867   -5.8211    0.0000 C   0  0  0  0  0  0  0  0  0  0  0  0
    6.3157   -7.4711    0.0000 C   0  0  0  0  0  0  0  0  0  0  0  0
    7.0301   -7.0586    0.0000 C   0  0  0  0  0  0  0  0  0  0  0  0
    7.0301   -6.2336    0.0000 C   0  0  2  0  0  0  0  0  0  0  0  0
    6.3157   -5.8211    0.0000 C   0  0  2  0  0  0  0  0  0  0  0  0
    7.7446   -5.8211    0.0000 C   0  0  2  0  0  0  0  0  0  0  0  0
    7.7446   -4.9961    0.0000 C   0  0  2  0  0  0  0  0  0  0  0  0
    7.0301   -4.5836    0.0000 C   0  0  2  0  0  0  0  0  0  0  0  0
    6.3157   -4.9961    0.0000 C   0  0  0  0  0  0  0  0  0  0  0  0
    8.5292   -6.0761    0.0000 C   0  0  1  0  0  0  0  0  0  0  0  0
    9.0142   -5.4086    0.0000 C   0  0  1  0  0  0  0  0  0  0  0  0
    8.5292   -4.7412    0.0000 C   0  0  2  0  0  0  0  0  0  0  0  0
    8.7842   -3.9566    0.0000 C   0  0  0  0  0  0  0  0  0  0  0  0
    9.5911   -3.7851    0.0000 C   0  0  0  0  0  0  0  0  0  0  0  0
    8.2321   -3.3435    0.0000 C   0  0  0  0  0  0  0  0  0  0  0  0
    9.8461   -3.0004    0.0000 C   0  0  0  0  0  0  0  0  0  0  0  0
    8.4871   -2.5589    0.0000 O   0  0  0  0  0  0  0  0  0  0  0  0
    9.2940   -2.3873    0.0000 C   0  0  0  0  0  0  0  0  0  0  0  0
    9.5490   -1.6027    0.0000 O   0  0  0  0  0  0  0  0  0  0  0  0
    3.4578   -7.4711    0.0000 O   0  0  0  0  0  0  0  0  0  0  0  0
    5.6012   -5.4086    0.0000 C   0  0  0  0  0  0  0  0  0  0  0  0
    5.6012   -7.8836    0.0000 O   0  0  0  0  0  0  0  0  0  0  0  0
    7.0301   -3.7586    0.0000 H   0  0  0  0  0  0  0  0  0  0  0  0
    7.8308   -4.1757    0.0000 C   0  0  0  0  0  0  0  0  0  0  0  0
    9.8392   -5.4086    0.0000 O   0  0  0  0  0  0  0  0  0  0  0  0
    7.8308   -6.6416    0.0000 O   0  0  0  0  0  0  0  0  0  0  0  0
   10.2517   -6.1231    0.0000 C   0  0  0  0  0  0  0  0  0  0  0  0
   11.0767   -6.1231    0.0000 C   0  0  0  0  0  0  0  0  0  0  0  0
    9.8392   -6.8376    0.0000 O   0  0  0  0  0  0  0  0  0  0  0  0
    4.8867   -4.9961    0.0000 O   0  0  0  0  0  0  0  0  0  0  0  0
    6.3157   -6.6461    0.0000 H   0  0  0  0  0  0  0  0  0  0  0  0
    7.0301   -5.4086    0.0000 H   0  0  0  0  0  0  0  0  0  0  0  0
  1  2  1  0  0  0  0
  2  3  1  0  0  0  0
  3  4  1  0  0  0  0
  4  5  1  0  0  0  0
  5  6  1  0  0  0  0
  6  1  1  0  0  0  0
  4  7  1  0  0  0  0
  7  8  1  0  0  0  0
  8  9  1  0  0  0  0
  9 10  1  0  0  0  0
 10  5  1  0  0  0  0
  9 11  1  0  0  0  0
 11 12  1  0  0  0  0
 12 13  1  0  0  0  0
 13 14  1  0  0  0  0
 14 10  1  0  0  0  0
 11 15  1  0  0  0  0
 15 16  1  0  0  0  0
 16 17  1  0  0  0  0
 17 12  1  0  0  0  0
 17 18  1  1  0  0  0
 18 19  1  0  0  0  0
 18 20  2  0  0  0  0
 19 21  2  0  0  0  0
 20 22  1  0  0  0  0
 21 23  1  0  0  0  0
 22 23  1  0  0  0  0
 23 24  2  0  0  0  0
  2 25  1  1  0  0  0
  5 26  1  1  0  0  0
  4 27  1  1  0  0  0
 13 28  1  1  0  0  0
 12 29  1  1  0  0  0
 16 30  1  1  0  0  0
 11 31  1  1  0  0  0
 15 31  1  1  0  0  0
 30 32  1  0  0  0  0
 32 33  1  0  0  0  0
 32 34  2  0  0  0  0
 26 35  2  0  0  0  0
 10 36  1  6  0  0  0
  9 37  1  1  0  0  0
M  END
>  <cdx:fragmentId>
206

$$$$
",102093790,C26H32O8,472.534,472.20971799,0.609,122.66,66,6,2,4,1,3,0.3761389582036855,Y
23,QAJWYASXXLGROG-LLZTUUJGSA-N,"1S/C34H48N4O8/c1-32-13-11-21(45-29(41)10-8-27(39)38-25(30(42)43)4-3-15-37-31(35)36)16-20(32)6-7-23-22(32)12-14-33(2)24(17-26-34(23,33)46-26)19-5-9-28(40)44-18-19/h5,9,18,20-26H,3-4,6-8,10-17H2,1-2H3,(H,38,39)(H,42,43)(H4,35,36,37)/t20-,21+,22+,23-,24-,25+,26-,32+,33-,34-/m1/s1",C[C@]12CC[C@H]3[C@@H](CC[C@@H]4C[C@H](CC[C@]34C)OC(=O)CCC(=O)N[C@@H](CCCN=C(N)N)C(O)=O)[C@]11O[C@@H]1C[C@@H]2c1ccc(=O)oc1,"23.cdx
  Mrv1902 06152611072D          

 51 56  0  0  0  0            999 V2000
   14.4023  -10.0011    0.0000 C   0  0  0  0  0  0  0  0  0  0  0  0
   14.4023  -10.8261    0.0000 C   0  0  1  0  0  0  0  0  0  0  0  0
   15.1167  -11.2386    0.0000 C   0  0  0  0  0  0  0  0  0  0  0  0
   15.8312  -10.8261    0.0000 C   0  0  2  0  0  0  0  0  0  0  0  0
   15.8312  -10.0011    0.0000 C   0  0  2  0  0  0  0  0  0  0  0  0
   15.1167   -9.5886    0.0000 C   0  0  0  0  0  0  0  0  0  0  0  0
   16.5457  -11.2386    0.0000 C   0  0  0  0  0  0  0  0  0  0  0  0
   17.2601  -10.8261    0.0000 C   0  0  0  0  0  0  0  0  0  0  0  0
   17.2601  -10.0011    0.0000 C   0  0  2  0  0  0  0  0  0  0  0  0
   16.5457   -9.5886    0.0000 C   0  0  2  0  0  0  0  0  0  0  0  0
   17.9746   -9.5886    0.0000 C   0  0  2  0  0  0  0  0  0  0  0  0
   17.9746   -8.7636    0.0000 C   0  0  2  0  0  0  0  0  0  0  0  0
   17.2601   -8.3511    0.0000 C   0  0  2  0  0  0  0  0  0  0  0  0
   16.5457   -8.7636    0.0000 C   0  0  0  0  0  0  0  0  0  0  0  0
   18.7592   -9.8436    0.0000 C   0  0  1  0  0  0  0  0  0  0  0  0
   19.2442   -9.1761    0.0000 C   0  0  2  0  0  0  0  0  0  0  0  0
   18.7592   -8.5087    0.0000 C   0  0  2  0  0  0  0  0  0  0  0  0
   19.0142   -7.7241    0.0000 C   0  0  0  0  0  0  0  0  0  0  0  0
   19.8211   -7.5526    0.0000 C   0  0  0  0  0  0  0  0  0  0  0  0
   18.4621   -7.1110    0.0000 C   0  0  0  0  0  0  0  0  0  0  0  0
   20.0761   -6.7679    0.0000 C   0  0  0  0  0  0  0  0  0  0  0  0
   18.7171   -6.3264    0.0000 O   0  0  0  0  0  0  0  0  0  0  0  0
   19.5240   -6.1548    0.0000 C   0  0  0  0  0  0  0  0  0  0  0  0
   19.7790   -5.3702    0.0000 O   0  0  0  0  0  0  0  0  0  0  0  0
   13.6878  -11.2386    0.0000 O   0  0  0  0  0  0  0  0  0  0  0  0
   15.8312   -9.1761    0.0000 C   0  0  0  0  0  0  0  0  0  0  0  0
   15.8312  -11.6511    0.0000 H   0  0  0  0  0  0  0  0  0  0  0  0
   17.2601   -7.5261    0.0000 H   0  0  0  0  0  0  0  0  0  0  0  0
   18.0608   -7.9432    0.0000 C   0  0  0  0  0  0  0  0  0  0  0  0
   20.0692   -9.1761    0.0000 H   0  0  0  0  0  0  0  0  0  0  0  0
   18.0608  -10.4091    0.0000 O   0  0  0  0  0  0  0  0  0  0  0  0
   12.9733  -10.8261    0.0000 C   0  0  0  0  0  0  0  0  0  0  0  0
   12.2588  -11.2386    0.0000 C   0  0  0  0  0  0  0  0  0  0  0  0
   12.9733  -10.0011    0.0000 O   0  0  0  0  0  0  0  0  0  0  0  0
   11.5444  -10.8261    0.0000 C   0  0  0  0  0  0  0  0  0  0  0  0
   10.8299  -11.2386    0.0000 C   0  0  0  0  0  0  0  0  0  0  0  0
   10.1154  -10.8261    0.0000 N   0  0  0  0  0  0  0  0  0  0  0  0
   10.8299  -12.0636    0.0000 O   0  0  0  0  0  0  0  0  0  0  0  0
    9.4010  -11.2386    0.0000 C   0  0  2  0  0  0  0  0  0  0  0  0
    8.6865  -10.8261    0.0000 C   0  0  0  0  0  0  0  0  0  0  0  0
    7.9720  -11.2386    0.0000 O   0  0  0  0  0  0  0  0  0  0  0  0
    8.6865  -10.0011    0.0000 O   0  0  0  0  0  0  0  0  0  0  0  0
    9.4010  -12.0636    0.0000 C   0  0  0  0  0  0  0  0  0  0  0  0
    8.6865  -12.4761    0.0000 C   0  0  0  0  0  0  0  0  0  0  0  0
    8.6865  -13.3011    0.0000 C   0  0  0  0  0  0  0  0  0  0  0  0
    7.9720  -13.7136    0.0000 N   0  0  0  0  0  0  0  0  0  0  0  0
    7.9720  -14.5386    0.0000 C   0  0  0  0  0  0  0  0  0  0  0  0
    8.6865  -14.9511    0.0000 N   0  0  0  0  0  0  0  0  0  0  0  0
    7.2575  -14.9511    0.0000 N   0  0  0  0  0  0  0  0  0  0  0  0
   16.5457  -10.4136    0.0000 H   0  0  0  0  0  0  0  0  0  0  0  0
   17.2601   -9.1761    0.0000 H   0  0  0  0  0  0  0  0  0  0  0  0
  1  2  1  0  0  0  0
  2  3  1  0  0  0  0
  3  4  1  0  0  0  0
  4  5  1  0  0  0  0
  5  6  1  0  0  0  0
  6  1  1  0  0  0  0
  4  7  1  0  0  0  0
  7  8  1  0  0  0  0
  8  9  1  0  0  0  0
  9 10  1  0  0  0  0
 10  5  1  0  0  0  0
  9 11  1  0  0  0  0
 11 12  1  0  0  0  0
 12 13  1  0  0  0  0
 13 14  1  0  0  0  0
 14 10  1  0  0  0  0
 11 15  1  0  0  0  0
 15 16  1  0  0  0  0
 16 17  1  0  0  0  0
 17 12  1  0  0  0  0
 17 18  1  1  0  0  0
 18 19  1  0  0  0  0
 18 20  2  0  0  0  0
 19 21  2  0  0  0  0
 20 22  1  0  0  0  0
 21 23  1  0  0  0  0
 22 23  1  0  0  0  0
 23 24  2  0  0  0  0
  2 25  1  1  0  0  0
  5 26  1  1  0  0  0
  4 27  1  1  0  0  0
 13 28  1  1  0  0  0
 12 29  1  1  0  0  0
 16 30  1  1  0  0  0
 11 31  1  1  0  0  0
 15 31  1  1  0  0  0
 25 32  1  0  0  0  0
 32 33  1  0  0  0  0
 32 34  2  0  0  0  0
 33 35  1  0  0  0  0
 35 36  1  0  0  0  0
 36 37  1  0  0  0  0
 36 38  2  0  0  0  0
 39 37  1  1  0  0  0
 39 40  1  0  0  0  0
 40 41  1  0  0  0  0
 40 42  2  0  0  0  0
 39 43  1  0  0  0  0
 43 44  1  0  0  0  0
 44 45  1  0  0  0  0
 45 46  1  0  0  0  0
 46 47  2  0  0  0  0
 47 48  1  0  0  0  0
 47 49  1  0  0  0  0
 10 50  1  6  0  0  0
  9 51  1  1  0  0  0
M  END
>  <cdx:fragmentId>
206

$$$$
",102574724,C34H48N4O8,640.778,640.347214522,0.484,195.93,94,9,4,12,1,5,0.08261010714828734,N
24,BLWJSJPWNAEDFE-OMINFMMUSA-N,"1S/C34H48N4O9/c1-32-12-11-22-23(34(32)26(47-34)16-24(32)19-4-8-28(41)45-17-19)6-5-20-15-21(10-13-33(20,22)18-39)46-29(42)9-7-27(40)38-25(30(43)44)3-2-14-37-31(35)36/h4,8,17,20-26,39H,2-3,5-7,9-16,18H2,1H3,(H,38,40)(H,43,44)(H4,35,36,37)/t20-,21+,22+,23-,24-,25+,26-,32-,33-,34-/m1/s1",C[C@]12CC[C@H]3[C@@H](CC[C@@H]4C[C@H](CC[C@]34CO)OC(=O)CCC(=O)N[C@@H](CCCN=C(N)N)C(O)=O)[C@]11O[C@@H]1C[C@@H]2c1ccc(=O)oc1,"24.cdx
  Mrv1902 06152611042D          

 52 57  0  0  0  0            999 V2000
   14.3748  -10.3586    0.0000 C   0  0  0  0  0  0  0  0  0  0  0  0
   14.3748  -11.1836    0.0000 C   0  0  1  0  0  0  0  0  0  0  0  0
   15.0892  -11.5961    0.0000 C   0  0  0  0  0  0  0  0  0  0  0  0
   15.8037  -11.1836    0.0000 C   0  0  2  0  0  0  0  0  0  0  0  0
   15.8037  -10.3586    0.0000 C   0  0  2  0  0  0  0  0  0  0  0  0
   15.0892   -9.9461    0.0000 C   0  0  0  0  0  0  0  0  0  0  0  0
   16.5182  -11.5961    0.0000 C   0  0  0  0  0  0  0  0  0  0  0  0
   17.2326  -11.1836    0.0000 C   0  0  0  0  0  0  0  0  0  0  0  0
   17.2326  -10.3586    0.0000 C   0  0  2  0  0  0  0  0  0  0  0  0
   16.5182   -9.9461    0.0000 C   0  0  2  0  0  0  0  0  0  0  0  0
   17.9471   -9.9461    0.0000 C   0  0  2  0  0  0  0  0  0  0  0  0
   17.9471   -9.1211    0.0000 C   0  0  2  0  0  0  0  0  0  0  0  0
   17.2326   -8.7086    0.0000 C   0  0  2  0  0  0  0  0  0  0  0  0
   16.5182   -9.1211    0.0000 C   0  0  0  0  0  0  0  0  0  0  0  0
   18.7317  -10.2011    0.0000 C   0  0  1  0  0  0  0  0  0  0  0  0
   19.2167   -9.5336    0.0000 C   0  0  2  0  0  0  0  0  0  0  0  0
   18.7317   -8.8662    0.0000 C   0  0  2  0  0  0  0  0  0  0  0  0
   18.9867   -8.0816    0.0000 C   0  0  0  0  0  0  0  0  0  0  0  0
   19.7936   -7.9101    0.0000 C   0  0  0  0  0  0  0  0  0  0  0  0
   18.4346   -7.4685    0.0000 C   0  0  0  0  0  0  0  0  0  0  0  0
   20.0486   -7.1254    0.0000 C   0  0  0  0  0  0  0  0  0  0  0  0
   18.6896   -6.6839    0.0000 O   0  0  0  0  0  0  0  0  0  0  0  0
   19.4965   -6.5123    0.0000 C   0  0  0  0  0  0  0  0  0  0  0  0
   19.7515   -5.7277    0.0000 O   0  0  0  0  0  0  0  0  0  0  0  0
   13.6603  -11.5961    0.0000 O   0  0  0  0  0  0  0  0  0  0  0  0
   15.8037   -9.5336    0.0000 C   0  0  0  0  0  0  0  0  0  0  0  0
   15.8037  -12.0086    0.0000 H   0  0  0  0  0  0  0  0  0  0  0  0
   17.2326   -7.8836    0.0000 H   0  0  0  0  0  0  0  0  0  0  0  0
   18.0333   -8.3007    0.0000 C   0  0  0  0  0  0  0  0  0  0  0  0
   20.0417   -9.5336    0.0000 H   0  0  0  0  0  0  0  0  0  0  0  0
   18.0333  -10.7666    0.0000 O   0  0  0  0  0  0  0  0  0  0  0  0
   15.0892   -9.1211    0.0000 O   0  0  0  0  0  0  0  0  0  0  0  0
   12.9458  -11.1836    0.0000 C   0  0  0  0  0  0  0  0  0  0  0  0
   12.2313  -11.5961    0.0000 C   0  0  0  0  0  0  0  0  0  0  0  0
   12.9458  -10.3586    0.0000 O   0  0  0  0  0  0  0  0  0  0  0  0
   11.5169  -11.1836    0.0000 C   0  0  0  0  0  0  0  0  0  0  0  0
   10.8024  -11.5961    0.0000 C   0  0  0  0  0  0  0  0  0  0  0  0
   10.0879  -11.1836    0.0000 N   0  0  0  0  0  0  0  0  0  0  0  0
   10.8024  -12.4211    0.0000 O   0  0  0  0  0  0  0  0  0  0  0  0
    9.3735  -11.5961    0.0000 C   0  0  2  0  0  0  0  0  0  0  0  0
    8.6590  -11.1836    0.0000 C   0  0  0  0  0  0  0  0  0  0  0  0
    7.9445  -11.5961    0.0000 O   0  0  0  0  0  0  0  0  0  0  0  0
    8.6590  -10.3586    0.0000 O   0  0  0  0  0  0  0  0  0  0  0  0
    9.3735  -12.4211    0.0000 C   0  0  0  0  0  0  0  0  0  0  0  0
    8.6590  -12.8336    0.0000 C   0  0  0  0  0  0  0  0  0  0  0  0
    8.6590  -13.6586    0.0000 C   0  0  0  0  0  0  0  0  0  0  0  0
    7.9445  -14.0711    0.0000 N   0  0  0  0  0  0  0  0  0  0  0  0
    7.9445  -14.8961    0.0000 C   0  0  0  0  0  0  0  0  0  0  0  0
    8.6590  -15.3086    0.0000 N   0  0  0  0  0  0  0  0  0  0  0  0
    7.2300  -15.3086    0.0000 N   0  0  0  0  0  0  0  0  0  0  0  0
   16.5182  -10.7711    0.0000 H   0  0  0  0  0  0  0  0  0  0  0  0
   17.2326   -9.5336    0.0000 H   0  0  0  0  0  0  0  0  0  0  0  0
  1  2  1  0  0  0  0
  2  3  1  0  0  0  0
  3  4  1  0  0  0  0
  4  5  1  0  0  0  0
  5  6  1  0  0  0  0
  6  1  1  0  0  0  0
  4  7  1  0  0  0  0
  7  8  1  0  0  0  0
  8  9  1  0  0  0  0
  9 10  1  0  0  0  0
 10  5  1  0  0  0  0
  9 11  1  0  0  0  0
 11 12  1  0  0  0  0
 12 13  1  0  0  0  0
 13 14  1  0  0  0  0
 14 10  1  0  0  0  0
 11 15  1  0  0  0  0
 15 16  1  0  0  0  0
 16 17  1  0  0  0  0
 17 12  1  0  0  0  0
 17 18  1  1  0  0  0
 18 19  1  0  0  0  0
 18 20  2  0  0  0  0
 19 21  2  0  0  0  0
 20 22  1  0  0  0  0
 21 23  1  0  0  0  0
 22 23  1  0  0  0  0
 23 24  2  0  0  0  0
  2 25  1  1  0  0  0
  5 26  1  1  0  0  0
  4 27  1  1  0  0  0
 13 28  1  1  0  0  0
 12 29  1  1  0  0  0
 16 30  1  1  0  0  0
 11 31  1  1  0  0  0
 15 31  1  1  0  0  0
 26 32  1  0  0  0  0
 25 33  1  0  0  0  0
 33 34  1  0  0  0  0
 33 35  2  0  0  0  0
 34 36  1  0  0  0  0
 36 37  1  0  0  0  0
 37 38  1  0  0  0  0
 37 39  2  0  0  0  0
 40 38  1  1  0  0  0
 40 41  1  0  0  0  0
 41 42  1  0  0  0  0
 41 43  2  0  0  0  0
 40 44  1  0  0  0  0
 44 45  1  0  0  0  0
 45 46  1  0  0  0  0
 46 47  1  0  0  0  0
 47 48  2  0  0  0  0
 48 49  1  0  0  0  0
 48 50  1  0  0  0  0
 10 51  1  6  0  0  0
  9 52  1  1  0  0  0
M  END
>  <cdx:fragmentId>
206

$$$$
",177827615,C34H48N4O9,656.777,656.342129142,-0.797,216.16,95,10,5,13,1,5,0.0585786640298368,N
25,LQKLZDXEYGROGO-WWYNDBRESA-N,"1S/C36H50N4O10/c1-19(41)48-30-29(20-6-10-27(43)47-18-20)35(3)15-13-23-24(36(35)31(30)50-36)8-7-21-17-22(12-14-34(21,23)2)49-28(44)11-9-26(42)40-25(32(45)46)5-4-16-39-33(37)38/h6,10,18,21-25,29-31H,4-5,7-9,11-17H2,1-3H3,(H,40,42)(H,45,46)(H4,37,38,39)/t21-,22+,23+,24-,25+,29+,30-,31-,34+,35-,36-/m1/s1",CC(=O)O[C@H]1[C@H]2O[C@]22[C@@H]3CC[C@@H]4C[C@H](CC[C@]4(C)[C@H]3CC[C@]2(C)[C@H]1c1ccc(=O)oc1)OC(=O)CCC(=O)N[C@@H](CCCN=C(N)N)C(O)=O,"25.cdx
  Mrv1902 06152611052D          

 54 59  0  0  0  0            999 V2000
   14.3954   -9.5474    0.0000 C   0  0  0  0  0  0  0  0  0  0  0  0
   14.3954  -10.3724    0.0000 C   0  0  1  0  0  0  0  0  0  0  0  0
   15.1099  -10.7849    0.0000 C   0  0  0  0  0  0  0  0  0  0  0  0
   15.8243  -10.3724    0.0000 C   0  0  2  0  0  0  0  0  0  0  0  0
   15.8243   -9.5474    0.0000 C   0  0  2  0  0  0  0  0  0  0  0  0
   15.1099   -9.1349    0.0000 C   0  0  0  0  0  0  0  0  0  0  0  0
   16.5388  -10.7849    0.0000 C   0  0  0  0  0  0  0  0  0  0  0  0
   17.2533  -10.3724    0.0000 C   0  0  0  0  0  0  0  0  0  0  0  0
   17.2533   -9.5474    0.0000 C   0  0  2  0  0  0  0  0  0  0  0  0
   16.5388   -9.1349    0.0000 C   0  0  2  0  0  0  0  0  0  0  0  0
   17.9677   -9.1349    0.0000 C   0  0  2  0  0  0  0  0  0  0  0  0
   17.9677   -8.3099    0.0000 C   0  0  2  0  0  0  0  0  0  0  0  0
   17.2533   -7.8974    0.0000 C   0  0  2  0  0  0  0  0  0  0  0  0
   16.5388   -8.3099    0.0000 C   0  0  0  0  0  0  0  0  0  0  0  0
   18.7524   -9.3898    0.0000 C   0  0  1  0  0  0  0  0  0  0  0  0
   19.2373   -8.7224    0.0000 C   0  0  1  0  0  0  0  0  0  0  0  0
   18.7524   -8.0550    0.0000 C   0  0  2  0  0  0  0  0  0  0  0  0
   19.0073   -7.2703    0.0000 C   0  0  0  0  0  0  0  0  0  0  0  0
   19.8143   -7.0988    0.0000 C   0  0  0  0  0  0  0  0  0  0  0  0
   18.4553   -6.6572    0.0000 C   0  0  0  0  0  0  0  0  0  0  0  0
   20.0692   -6.3142    0.0000 C   0  0  0  0  0  0  0  0  0  0  0  0
   18.7102   -5.8726    0.0000 O   0  0  0  0  0  0  0  0  0  0  0  0
   19.5172   -5.7011    0.0000 C   0  0  0  0  0  0  0  0  0  0  0  0
   19.7721   -4.9165    0.0000 O   0  0  0  0  0  0  0  0  0  0  0  0
   13.6809  -10.7849    0.0000 O   0  0  0  0  0  0  0  0  0  0  0  0
   15.8243   -8.7224    0.0000 C   0  0  0  0  0  0  0  0  0  0  0  0
   15.8243  -11.1974    0.0000 H   0  0  0  0  0  0  0  0  0  0  0  0
   18.0540   -7.4894    0.0000 C   0  0  0  0  0  0  0  0  0  0  0  0
   20.0623   -8.7224    0.0000 O   0  0  0  0  0  0  0  0  0  0  0  0
   18.0540   -9.9554    0.0000 O   0  0  0  0  0  0  0  0  0  0  0  0
   12.9664  -10.3724    0.0000 C   0  0  0  0  0  0  0  0  0  0  0  0
   12.2520  -10.7849    0.0000 C   0  0  0  0  0  0  0  0  0  0  0  0
   12.9664   -9.5474    0.0000 O   0  0  0  0  0  0  0  0  0  0  0  0
   11.5375  -10.3724    0.0000 C   0  0  0  0  0  0  0  0  0  0  0  0
   10.8241  -10.7849    0.0000 C   0  0  0  0  0  0  0  0  0  0  0  0
   10.1096  -10.3724    0.0000 N   0  0  0  0  0  0  0  0  0  0  0  0
   10.8241  -11.6099    0.0000 O   0  0  0  0  0  0  0  0  0  0  0  0
    9.3951  -10.7849    0.0000 C   0  0  2  0  0  0  0  0  0  0  0  0
    8.6807  -10.3724    0.0000 C   0  0  0  0  0  0  0  0  0  0  0  0
    7.9662  -10.7849    0.0000 O   0  0  0  0  0  0  0  0  0  0  0  0
    8.6807   -9.5474    0.0000 O   0  0  0  0  0  0  0  0  0  0  0  0
    9.3951  -11.6099    0.0000 C   0  0  0  0  0  0  0  0  0  0  0  0
    8.6807  -12.0224    0.0000 C   0  0  0  0  0  0  0  0  0  0  0  0
    8.6807  -12.8474    0.0000 C   0  0  0  0  0  0  0  0  0  0  0  0
    7.9662  -13.2599    0.0000 N   0  0  0  0  0  0  0  0  0  0  0  0
    7.9662  -14.0849    0.0000 C   0  0  0  0  0  0  0  0  0  0  0  0
    8.6807  -14.4974    0.0000 N   0  0  0  0  0  0  0  0  0  0  0  0
    7.2517  -14.4974    0.0000 N   0  0  0  0  0  0  0  0  0  0  0  0
   20.4748   -9.4369    0.0000 C   0  0  0  0  0  0  0  0  0  0  0  0
   20.0623  -10.1513    0.0000 O   0  0  0  0  0  0  0  0  0  0  0  0
   21.2998   -9.4369    0.0000 C   0  0  0  0  0  0  0  0  0  0  0  0
   17.2533   -7.0724    0.0000 H   0  0  0  0  0  0  0  0  0  0  0  0
   16.5388   -9.9599    0.0000 H   0  0  0  0  0  0  0  0  0  0  0  0
   17.2533   -8.7224    0.0000 H   0  0  0  0  0  0  0  0  0  0  0  0
  1  2  1  0  0  0  0
  2  3  1  0  0  0  0
  3  4  1  0  0  0  0
  4  5  1  0  0  0  0
  5  6  1  0  0  0  0
  6  1  1  0  0  0  0
  4  7  1  0  0  0  0
  7  8  1  0  0  0  0
  8  9  1  0  0  0  0
  9 10  1  0  0  0  0
 10  5  1  0  0  0  0
  9 11  1  0  0  0  0
 11 12  1  0  0  0  0
 12 13  1  0  0  0  0
 13 14  1  0  0  0  0
 14 10  1  0  0  0  0
 11 15  1  0  0  0  0
 15 16  1  0  0  0  0
 16 17  1  0  0  0  0
 17 12  1  0  0  0  0
 17 18  1  1  0  0  0
 18 19  1  0  0  0  0
 18 20  2  0  0  0  0
 19 21  2  0  0  0  0
 20 22  1  0  0  0  0
 21 23  1  0  0  0  0
 22 23  1  0  0  0  0
 23 24  2  0  0  0  0
  2 25  1  1  0  0  0
  5 26  1  1  0  0  0
  4 27  1  1  0  0  0
 12 28  1  1  0  0  0
 16 29  1  1  0  0  0
 11 30  1  1  0  0  0
 25 31  1  0  0  0  0
 31 32  1  0  0  0  0
 31 33  2  0  0  0  0
 32 34  1  0  0  0  0
 35 36  1  0  0  0  0
 35 37  2  0  0  0  0
 38 36  1  1  0  0  0
 38 39  1  0  0  0  0
 39 40  1  0  0  0  0
 39 41  2  0  0  0  0
 38 42  1  0  0  0  0
 42 43  1  0  0  0  0
 43 44  1  0  0  0  0
 44 45  1  0  0  0  0
 45 46  2  0  0  0  0
 46 47  1  0  0  0  0
 46 48  1  0  0  0  0
 29 49  1  0  0  0  0
 49 50  2  0  0  0  0
 49 51  1  0  0  0  0
 15 30  1  1  0  0  0
 13 52  1  1  0  0  0
 34 35  1  0  0  0  0
 10 53  1  6  0  0  0
  9 54  1  1  0  0  0
M  END
>  <cdx:fragmentId>
5

$$$$
",163189854,C36H50N4O10,698.814,698.352693826,-0.072,222.23,100,10,4,14,1,5,0.06656575039146134,N
26,GRTCZURAMYWPBA-BDOOAACQSA-N,"1S/C36H50N4O11/c1-19(42)49-30-29(20-5-9-27(44)48-17-20)34(2)13-12-23-24(36(34)31(30)51-36)7-6-21-16-22(11-14-35(21,23)18-41)50-28(45)10-8-26(43)40-25(32(46)47)4-3-15-39-33(37)38/h5,9,17,21-25,29-31,41H,3-4,6-8,10-16,18H2,1-2H3,(H,40,43)(H,46,47)(H4,37,38,39)/t21-,22+,23+,24-,25+,29+,30-,31-,34-,35-,36-/m1/s1",CC(=O)O[C@H]1[C@H]2O[C@]22[C@@H]3CC[C@@H]4C[C@H](CC[C@]4(CO)[C@H]3CC[C@]2(C)[C@H]1c1ccc(=O)oc1)OC(=O)CCC(=O)N[C@@H](CCCN=C(N)N)C(O)=O,"26.cdx
  Mrv1902 06152611032D          

 55 60  0  0  0  0            999 V2000
   14.3954   -9.5474    0.0000 C   0  0  0  0  0  0  0  0  0  0  0  0
   14.3954  -10.3724    0.0000 C   0  0  1  0  0  0  0  0  0  0  0  0
   15.1099  -10.7849    0.0000 C   0  0  0  0  0  0  0  0  0  0  0  0
   15.8243  -10.3724    0.0000 C   0  0  2  0  0  0  0  0  0  0  0  0
   15.8243   -9.5474    0.0000 C   0  0  2  0  0  0  0  0  0  0  0  0
   15.1099   -9.1349    0.0000 C   0  0  0  0  0  0  0  0  0  0  0  0
   16.5388  -10.7849    0.0000 C   0  0  0  0  0  0  0  0  0  0  0  0
   17.2533  -10.3724    0.0000 C   0  0  0  0  0  0  0  0  0  0  0  0
   17.2533   -9.5474    0.0000 C   0  0  2  0  0  0  0  0  0  0  0  0
   16.5388   -9.1349    0.0000 C   0  0  2  0  0  0  0  0  0  0  0  0
   17.9677   -9.1349    0.0000 C   0  0  2  0  0  0  0  0  0  0  0  0
   17.9677   -8.3099    0.0000 C   0  0  2  0  0  0  0  0  0  0  0  0
   17.2533   -7.8974    0.0000 C   0  0  2  0  0  0  0  0  0  0  0  0
   16.5388   -8.3099    0.0000 C   0  0  0  0  0  0  0  0  0  0  0  0
   18.7524   -9.3898    0.0000 C   0  0  1  0  0  0  0  0  0  0  0  0
   19.2373   -8.7224    0.0000 C   0  0  1  0  0  0  0  0  0  0  0  0
   18.7524   -8.0550    0.0000 C   0  0  2  0  0  0  0  0  0  0  0  0
   19.0073   -7.2703    0.0000 C   0  0  0  0  0  0  0  0  0  0  0  0
   19.8143   -7.0988    0.0000 C   0  0  0  0  0  0  0  0  0  0  0  0
   18.4553   -6.6572    0.0000 C   0  0  0  0  0  0  0  0  0  0  0  0
   20.0692   -6.3142    0.0000 C   0  0  0  0  0  0  0  0  0  0  0  0
   18.7102   -5.8726    0.0000 O   0  0  0  0  0  0  0  0  0  0  0  0
   19.5172   -5.7011    0.0000 C   0  0  0  0  0  0  0  0  0  0  0  0
   19.7721   -4.9165    0.0000 O   0  0  0  0  0  0  0  0  0  0  0  0
   13.6809  -10.7849    0.0000 O   0  0  0  0  0  0  0  0  0  0  0  0
   15.8243   -8.7224    0.0000 C   0  0  0  0  0  0  0  0  0  0  0  0
   15.8243  -11.1974    0.0000 H   0  0  0  0  0  0  0  0  0  0  0  0
   18.0540   -7.4894    0.0000 C   0  0  0  0  0  0  0  0  0  0  0  0
   20.0623   -8.7224    0.0000 O   0  0  0  0  0  0  0  0  0  0  0  0
   18.0540   -9.9554    0.0000 O   0  0  0  0  0  0  0  0  0  0  0  0
   12.9664  -10.3724    0.0000 C   0  0  0  0  0  0  0  0  0  0  0  0
   12.2520  -10.7849    0.0000 C   0  0  0  0  0  0  0  0  0  0  0  0
   12.9664   -9.5474    0.0000 O   0  0  0  0  0  0  0  0  0  0  0  0
   11.5375  -10.3724    0.0000 C   0  0  0  0  0  0  0  0  0  0  0  0
   10.8241  -10.7849    0.0000 C   0  0  0  0  0  0  0  0  0  0  0  0
   10.1096  -10.3724    0.0000 N   0  0  0  0  0  0  0  0  0  0  0  0
   10.8241  -11.6099    0.0000 O   0  0  0  0  0  0  0  0  0  0  0  0
    9.3951  -10.7849    0.0000 C   0  0  2  0  0  0  0  0  0  0  0  0
    8.6807  -10.3724    0.0000 C   0  0  0  0  0  0  0  0  0  0  0  0
    7.9662  -10.7849    0.0000 O   0  0  0  0  0  0  0  0  0  0  0  0
    8.6807   -9.5474    0.0000 O   0  0  0  0  0  0  0  0  0  0  0  0
    9.3951  -11.6099    0.0000 C   0  0  0  0  0  0  0  0  0  0  0  0
    8.6807  -12.0224    0.0000 C   0  0  0  0  0  0  0  0  0  0  0  0
    8.6807  -12.8474    0.0000 C   0  0  0  0  0  0  0  0  0  0  0  0
    7.9662  -13.2599    0.0000 N   0  0  0  0  0  0  0  0  0  0  0  0
    7.9662  -14.0849    0.0000 C   0  0  0  0  0  0  0  0  0  0  0  0
    8.6807  -14.4974    0.0000 N   0  0  0  0  0  0  0  0  0  0  0  0
    7.2517  -14.4974    0.0000 N   0  0  0  0  0  0  0  0  0  0  0  0
   20.4748   -9.4369    0.0000 C   0  0  0  0  0  0  0  0  0  0  0  0
   20.0623  -10.1513    0.0000 O   0  0  0  0  0  0  0  0  0  0  0  0
   21.2998   -9.4369    0.0000 C   0  0  0  0  0  0  0  0  0  0  0  0
   17.2533   -7.0724    0.0000 H   0  0  0  0  0  0  0  0  0  0  0  0
   15.1099   -8.3099    0.0000 O   0  0  0  0  0  0  0  0  0  0  0  0
   16.5388   -9.9599    0.0000 H   0  0  0  0  0  0  0  0  0  0  0  0
   17.2533   -8.7224    0.0000 H   0  0  0  0  0  0  0  0  0  0  0  0
  1  2  1  0  0  0  0
  2  3  1  0  0  0  0
  3  4  1  0  0  0  0
  4  5  1  0  0  0  0
  5  6  1  0  0  0  0
  6  1  1  0  0  0  0
  4  7  1  0  0  0  0
  7  8  1  0  0  0  0
  8  9  1  0  0  0  0
  9 10  1  0  0  0  0
 10  5  1  0  0  0  0
  9 11  1  0  0  0  0
 11 12  1  0  0  0  0
 12 13  1  0  0  0  0
 13 14  1  0  0  0  0
 14 10  1  0  0  0  0
 11 15  1  0  0  0  0
 15 16  1  0  0  0  0
 16 17  1  0  0  0  0
 17 12  1  0  0  0  0
 17 18  1  1  0  0  0
 18 19  1  0  0  0  0
 18 20  2  0  0  0  0
 19 21  2  0  0  0  0
 20 22  1  0  0  0  0
 21 23  1  0  0  0  0
 22 23  1  0  0  0  0
 23 24  2  0  0  0  0
  2 25  1  1  0  0  0
  5 26  1  1  0  0  0
  4 27  1  1  0  0  0
 12 28  1  1  0  0  0
 16 29  1  1  0  0  0
 11 30  1  1  0  0  0
 25 31  1  0  0  0  0
 31 32  1  0  0  0  0
 31 33  2  0  0  0  0
 32 34  1  0  0  0  0
 35 36  1  0  0  0  0
 35 37  2  0  0  0  0
 38 36  1  1  0  0  0
 38 39  1  0  0  0  0
 39 40  1  0  0  0  0
 39 41  2  0  0  0  0
 38 42  1  0  0  0  0
 42 43  1  0  0  0  0
 43 44  1  0  0  0  0
 44 45  1  0  0  0  0
 45 46  2  0  0  0  0
 46 47  1  0  0  0  0
 46 48  1  0  0  0  0
 29 49  1  0  0  0  0
 49 50  2  0  0  0  0
 49 51  1  0  0  0  0
 15 30  1  1  0  0  0
 13 52  1  1  0  0  0
 34 35  1  0  0  0  0
 26 53  1  0  0  0  0
 10 54  1  6  0  0  0
  9 55  1  1  0  0  0
M  END
>  <cdx:fragmentId>
5

$$$$
",177827493,C36H50N4O11,714.813,714.347608446,-1.353,242.46,101,11,5,15,1,5,0.04675516556939754,N
27,CXPTVPNHAIZTJG-OQPLOWKTSA-N,"1S/C35H50N4O8/c1-33-14-12-22(46-30(42)7-3-6-28(40)39-26(31(43)44)5-4-16-38-32(36)37)17-21(33)9-10-24-23(33)13-15-34(2)25(18-27-35(24,34)47-27)20-8-11-29(41)45-19-20/h8,11,19,21-27H,3-7,9-10,12-18H2,1-2H3,(H,39,40)(H,43,44)(H4,36,37,38)/t21-,22+,23+,24-,25-,26+,27-,33+,34-,35-/m1/s1",C[C@]12CC[C@H]3[C@@H](CC[C@@H]4C[C@H](CC[C@]34C)OC(=O)CCCC(=O)N[C@@H](CCCN=C(N)N)C(O)=O)[C@]11O[C@@H]1C[C@@H]2c1ccc(=O)oc1,"27.cdx
  Mrv1902 06152611032D          

 52 57  0  0  0  0            999 V2000
   14.4023  -10.0011    0.0000 C   0  0  0  0  0  0  0  0  0  0  0  0
   14.4023  -10.8261    0.0000 C   0  0  1  0  0  0  0  0  0  0  0  0
   15.1167  -11.2386    0.0000 C   0  0  0  0  0  0  0  0  0  0  0  0
   15.8312  -10.8261    0.0000 C   0  0  2  0  0  0  0  0  0  0  0  0
   15.8312  -10.0011    0.0000 C   0  0  2  0  0  0  0  0  0  0  0  0
   15.1167   -9.5886    0.0000 C   0  0  0  0  0  0  0  0  0  0  0  0
   16.5457  -11.2386    0.0000 C   0  0  0  0  0  0  0  0  0  0  0  0
   17.2601  -10.8261    0.0000 C   0  0  0  0  0  0  0  0  0  0  0  0
   17.2601  -10.0011    0.0000 C   0  0  2  0  0  0  0  0  0  0  0  0
   16.5457   -9.5886    0.0000 C   0  0  2  0  0  0  0  0  0  0  0  0
   17.9746   -9.5886    0.0000 C   0  0  2  0  0  0  0  0  0  0  0  0
   17.9746   -8.7636    0.0000 C   0  0  2  0  0  0  0  0  0  0  0  0
   17.2601   -8.3511    0.0000 C   0  0  2  0  0  0  0  0  0  0  0  0
   16.5457   -8.7636    0.0000 C   0  0  0  0  0  0  0  0  0  0  0  0
   18.7592   -9.8436    0.0000 C   0  0  1  0  0  0  0  0  0  0  0  0
   19.2442   -9.1761    0.0000 C   0  0  2  0  0  0  0  0  0  0  0  0
   18.7592   -8.5087    0.0000 C   0  0  2  0  0  0  0  0  0  0  0  0
   19.0142   -7.7241    0.0000 C   0  0  0  0  0  0  0  0  0  0  0  0
   19.8211   -7.5526    0.0000 C   0  0  0  0  0  0  0  0  0  0  0  0
   18.4621   -7.1110    0.0000 C   0  0  0  0  0  0  0  0  0  0  0  0
   20.0761   -6.7679    0.0000 C   0  0  0  0  0  0  0  0  0  0  0  0
   18.7171   -6.3264    0.0000 O   0  0  0  0  0  0  0  0  0  0  0  0
   19.5240   -6.1548    0.0000 C   0  0  0  0  0  0  0  0  0  0  0  0
   19.7790   -5.3702    0.0000 O   0  0  0  0  0  0  0  0  0  0  0  0
   13.6878  -11.2386    0.0000 O   0  0  0  0  0  0  0  0  0  0  0  0
   15.8312   -9.1761    0.0000 C   0  0  0  0  0  0  0  0  0  0  0  0
   15.8312  -11.6511    0.0000 H   0  0  0  0  0  0  0  0  0  0  0  0
   17.2601   -7.5261    0.0000 H   0  0  0  0  0  0  0  0  0  0  0  0
   18.0608   -7.9432    0.0000 C   0  0  0  0  0  0  0  0  0  0  0  0
   20.0692   -9.1761    0.0000 H   0  0  0  0  0  0  0  0  0  0  0  0
   18.0608  -10.4091    0.0000 O   0  0  0  0  0  0  0  0  0  0  0  0
   12.9733  -10.8261    0.0000 C   0  0  0  0  0  0  0  0  0  0  0  0
   12.2588  -11.2386    0.0000 C   0  0  0  0  0  0  0  0  0  0  0  0
   12.9733  -10.0011    0.0000 O   0  0  0  0  0  0  0  0  0  0  0  0
    6.5481   -7.1152    0.0000 N   0  0  0  0  0  0  0  0  0  0  0  0
    7.9771   -7.1152    0.0000 N   0  0  0  0  0  0  0  0  0  0  0  0
    7.2626   -7.5277    0.0000 C   0  0  0  0  0  0  0  0  0  0  0  0
    7.2626   -8.3527    0.0000 N   0  0  0  0  0  0  0  0  0  0  0  0
    7.9771   -8.7652    0.0000 C   0  0  0  0  0  0  0  0  0  0  0  0
    7.9771   -9.5902    0.0000 C   0  0  0  0  0  0  0  0  0  0  0  0
    8.6915  -10.0027    0.0000 C   0  0  0  0  0  0  0  0  0  0  0  0
    7.9771  -12.0652    0.0000 O   0  0  0  0  0  0  0  0  0  0  0  0
    7.2626  -10.8277    0.0000 O   0  0  0  0  0  0  0  0  0  0  0  0
    7.9771  -11.2402    0.0000 C   0  0  0  0  0  0  0  0  0  0  0  0
    8.6915  -10.8277    0.0000 C   0  0  1  0  0  0  0  0  0  0  0  0
   10.1205  -10.0027    0.0000 O   0  0  0  0  0  0  0  0  0  0  0  0
    9.4060  -11.2402    0.0000 N   0  0  0  0  0  0  0  0  0  0  0  0
   10.1205  -10.8277    0.0000 C   0  0  0  0  0  0  0  0  0  0  0  0
   10.8349  -11.2402    0.0000 C   0  0  0  0  0  0  0  0  0  0  0  0
   11.5444  -10.8261    0.0000 C   0  0  0  0  0  0  0  0  0  0  0  0
   16.5457  -10.4136    0.0000 H   0  0  0  0  0  0  0  0  0  0  0  0
   17.2601   -9.1761    0.0000 H   0  0  0  0  0  0  0  0  0  0  0  0
  1  2  1  0  0  0  0
  2  3  1  0  0  0  0
  3  4  1  0  0  0  0
  4  5  1  0  0  0  0
  5  6  1  0  0  0  0
  6  1  1  0  0  0  0
  4  7  1  0  0  0  0
  7  8  1  0  0  0  0
  8  9  1  0  0  0  0
  9 10  1  0  0  0  0
 10  5  1  0  0  0  0
  9 11  1  0  0  0  0
 11 12  1  0  0  0  0
 12 13  1  0  0  0  0
 13 14  1  0  0  0  0
 14 10  1  0  0  0  0
 11 15  1  0  0  0  0
 15 16  1  0  0  0  0
 16 17  1  0  0  0  0
 17 12  1  0  0  0  0
 17 18  1  1  0  0  0
 18 19  1  0  0  0  0
 18 20  2  0  0  0  0
 19 21  2  0  0  0  0
 20 22  1  0  0  0  0
 21 23  1  0  0  0  0
 22 23  1  0  0  0  0
 23 24  2  0  0  0  0
  2 25  1  1  0  0  0
  5 26  1  1  0  0  0
  4 27  1  1  0  0  0
 13 28  1  1  0  0  0
 12 29  1  1  0  0  0
 16 30  1  1  0  0  0
 11 31  1  1  0  0  0
 15 31  1  1  0  0  0
 25 32  1  0  0  0  0
 32 33  1  0  0  0  0
 32 34  2  0  0  0  0
 37 35  1  0  0  0  0
 37 36  1  0  0  0  0
 38 37  2  0  0  0  0
 39 38  1  0  0  0  0
 40 39  1  0  0  0  0
 41 40  1  0  0  0  0
 45 41  1  0  0  0  0
 44 42  2  0  0  0  0
 44 43  1  0  0  0  0
 45 44  1  0  0  0  0
 45 47  1  6  0  0  0
 48 46  2  0  0  0  0
 48 47  1  0  0  0  0
 49 48  1  0  0  0  0
 33 50  1  0  0  0  0
 49 50  1  0  0  0  0
 10 51  1  6  0  0  0
  9 52  1  1  0  0  0
M  END
>  <cdx:fragmentId>
206

$$$$
",177827350,C35H50N4O8,654.805,654.362864586,0.928,195.93,97,9,4,13,1,5,0.07864158557248202,N
28,BHBXSEJUUXUOLE-OYOWPSGPSA-N,"1S/C37H52N4O10/c1-20(42)49-31-30(21-9-12-28(44)48-19-21)36(3)16-14-24-25(37(36)32(31)51-37)11-10-22-18-23(13-15-35(22,24)2)50-29(45)8-4-7-27(43)41-26(33(46)47)6-5-17-40-34(38)39/h9,12,19,22-26,30-32H,4-8,10-11,13-18H2,1-3H3,(H,41,43)(H,46,47)(H4,38,39,40)/t22-,23+,24+,25-,26+,30+,31-,32-,35+,36-,37-/m1/s1",CC(=O)O[C@H]1[C@H]2O[C@]22[C@@H]3CC[C@@H]4C[C@H](CC[C@]4(C)[C@H]3CC[C@]2(C)[C@H]1c1ccc(=O)oc1)OC(=O)CCCC(=O)N[C@@H](CCCN=C(N)N)C(O)=O,"28.cdx
  Mrv1902 06152610502D          

 55 60  0  0  0  0            999 V2000
   14.3954   -9.5474    0.0000 C   0  0  0  0  0  0  0  0  0  0  0  0
   14.3954  -10.3724    0.0000 C   0  0  1  0  0  0  0  0  0  0  0  0
   15.1099  -10.7849    0.0000 C   0  0  0  0  0  0  0  0  0  0  0  0
   15.8243  -10.3724    0.0000 C   0  0  2  0  0  0  0  0  0  0  0  0
   15.8243   -9.5474    0.0000 C   0  0  2  0  0  0  0  0  0  0  0  0
   15.1099   -9.1349    0.0000 C   0  0  0  0  0  0  0  0  0  0  0  0
   16.5388  -10.7849    0.0000 C   0  0  0  0  0  0  0  0  0  0  0  0
   17.2533  -10.3724    0.0000 C   0  0  0  0  0  0  0  0  0  0  0  0
   17.2533   -9.5474    0.0000 C   0  0  2  0  0  0  0  0  0  0  0  0
   16.5388   -9.1349    0.0000 C   0  0  2  0  0  0  0  0  0  0  0  0
   17.9677   -9.1349    0.0000 C   0  0  2  0  0  0  0  0  0  0  0  0
   17.9677   -8.3099    0.0000 C   0  0  2  0  0  0  0  0  0  0  0  0
   17.2533   -7.8974    0.0000 C   0  0  2  0  0  0  0  0  0  0  0  0
   16.5388   -8.3099    0.0000 C   0  0  0  0  0  0  0  0  0  0  0  0
   18.7524   -9.3898    0.0000 C   0  0  1  0  0  0  0  0  0  0  0  0
   19.2373   -8.7224    0.0000 C   0  0  1  0  0  0  0  0  0  0  0  0
   18.7524   -8.0550    0.0000 C   0  0  2  0  0  0  0  0  0  0  0  0
   19.0073   -7.2703    0.0000 C   0  0  0  0  0  0  0  0  0  0  0  0
   19.8143   -7.0988    0.0000 C   0  0  0  0  0  0  0  0  0  0  0  0
   18.4553   -6.6572    0.0000 C   0  0  0  0  0  0  0  0  0  0  0  0
   20.0692   -6.3142    0.0000 C   0  0  0  0  0  0  0  0  0  0  0  0
   18.7102   -5.8726    0.0000 O   0  0  0  0  0  0  0  0  0  0  0  0
   19.5172   -5.7011    0.0000 C   0  0  0  0  0  0  0  0  0  0  0  0
   19.7721   -4.9165    0.0000 O   0  0  0  0  0  0  0  0  0  0  0  0
   13.6809  -10.7849    0.0000 O   0  0  0  0  0  0  0  0  0  0  0  0
   15.8243   -8.7224    0.0000 C   0  0  0  0  0  0  0  0  0  0  0  0
   15.8243  -11.1974    0.0000 H   0  0  0  0  0  0  0  0  0  0  0  0
   18.0540   -7.4894    0.0000 C   0  0  0  0  0  0  0  0  0  0  0  0
   20.0623   -8.7224    0.0000 O   0  0  0  0  0  0  0  0  0  0  0  0
   18.0540   -9.9554    0.0000 O   0  0  0  0  0  0  0  0  0  0  0  0
   12.9664  -10.3724    0.0000 C   0  0  0  0  0  0  0  0  0  0  0  0
   12.2520  -10.7849    0.0000 C   0  0  0  0  0  0  0  0  0  0  0  0
   12.9664   -9.5474    0.0000 O   0  0  0  0  0  0  0  0  0  0  0  0
   11.5375  -10.3724    0.0000 C   0  0  0  0  0  0  0  0  0  0  0  0
   10.8230  -10.7849    0.0000 C   0  0  0  0  0  0  0  0  0  0  0  0
    6.5423   -6.6614    0.0000 N   0  0  0  0  0  0  0  0  0  0  0  0
    7.9712   -6.6614    0.0000 N   0  0  0  0  0  0  0  0  0  0  0  0
    7.2568   -7.0739    0.0000 C   0  0  0  0  0  0  0  0  0  0  0  0
    7.2568   -7.8989    0.0000 N   0  0  0  0  0  0  0  0  0  0  0  0
    7.9712   -8.3114    0.0000 C   0  0  0  0  0  0  0  0  0  0  0  0
    7.9712   -9.1364    0.0000 C   0  0  0  0  0  0  0  0  0  0  0  0
    8.6857   -9.5489    0.0000 C   0  0  0  0  0  0  0  0  0  0  0  0
    7.9712  -11.6114    0.0000 O   0  0  0  0  0  0  0  0  0  0  0  0
    7.2568  -10.3739    0.0000 O   0  0  0  0  0  0  0  0  0  0  0  0
    7.9712  -10.7864    0.0000 C   0  0  0  0  0  0  0  0  0  0  0  0
    8.6857  -10.3739    0.0000 C   0  0  1  0  0  0  0  0  0  0  0  0
   10.1147   -9.5489    0.0000 O   0  0  0  0  0  0  0  0  0  0  0  0
    9.4002  -10.7864    0.0000 N   0  0  0  0  0  0  0  0  0  0  0  0
   10.1147  -10.3739    0.0000 C   0  0  0  0  0  0  0  0  0  0  0  0
   20.4748   -9.4369    0.0000 C   0  0  0  0  0  0  0  0  0  0  0  0
   20.0623  -10.1513    0.0000 O   0  0  0  0  0  0  0  0  0  0  0  0
   21.2998   -9.4369    0.0000 C   0  0  0  0  0  0  0  0  0  0  0  0
   17.2533   -7.0724    0.0000 H   0  0  0  0  0  0  0  0  0  0  0  0
   16.5388   -9.9599    0.0000 H   0  0  0  0  0  0  0  0  0  0  0  0
   17.2533   -8.7224    0.0000 H   0  0  0  0  0  0  0  0  0  0  0  0
  1  2  1  0  0  0  0
  2  3  1  0  0  0  0
  3  4  1  0  0  0  0
  4  5  1  0  0  0  0
  5  6  1  0  0  0  0
  6  1  1  0  0  0  0
  4  7  1  0  0  0  0
  7  8  1  0  0  0  0
  8  9  1  0  0  0  0
  9 10  1  0  0  0  0
 10  5  1  0  0  0  0
  9 11  1  0  0  0  0
 11 12  1  0  0  0  0
 12 13  1  0  0  0  0
 13 14  1  0  0  0  0
 14 10  1  0  0  0  0
 11 15  1  0  0  0  0
 15 16  1  0  0  0  0
 16 17  1  0  0  0  0
 17 12  1  0  0  0  0
 17 18  1  1  0  0  0
 18 19  1  0  0  0  0
 18 20  2  0  0  0  0
 19 21  2  0  0  0  0
 20 22  1  0  0  0  0
 21 23  1  0  0  0  0
 22 23  1  0  0  0  0
 23 24  2  0  0  0  0
  2 25  1  1  0  0  0
  5 26  1  1  0  0  0
  4 27  1  1  0  0  0
 12 28  1  1  0  0  0
 16 29  1  1  0  0  0
 11 30  1  1  0  0  0
 25 31  1  0  0  0  0
 31 32  1  0  0  0  0
 31 33  2  0  0  0  0
 32 34  1  0  0  0  0
 34 35  1  0  0  0  0
 38 36  1  0  0  0  0
 38 37  1  0  0  0  0
 39 38  2  0  0  0  0
 40 39  1  0  0  0  0
 41 40  1  0  0  0  0
 42 41  1  0  0  0  0
 46 42  1  0  0  0  0
 45 43  2  0  0  0  0
 45 44  1  0  0  0  0
 46 45  1  0  0  0  0
 46 48  1  6  0  0  0
 49 47  2  0  0  0  0
 49 48  1  0  0  0  0
 29 50  1  0  0  0  0
 50 51  2  0  0  0  0
 50 52  1  0  0  0  0
 15 30  1  1  0  0  0
 13 53  1  1  0  0  0
 35 49  1  0  0  0  0
 10 54  1  6  0  0  0
  9 55  1  1  0  0  0
M  END
>  <cdx:fragmentId>
5

$$$$
",163044499,C37H52N4O10,712.841,712.36834389,0.373,222.23,103,10,4,15,1,5,0.06432858923264007,N
29,SRSJNASBFYXJMJ-OQARAGJZSA-N,"1S/C38H56N4O9/c1-35-16-13-24(50-32(45)10-6-4-3-5-9-30(43)42-28(33(46)47)8-7-19-41-34(39)40)21-37(35,48)18-15-26-25(35)14-17-36(2)27(20-29-38(26,36)51-29)23-11-12-31(44)49-22-23/h11-12,22,24-29,48H,3-10,13-21H2,1-2H3,(H,42,43)(H,46,47)(H4,39,40,41)/t24-,25-,26+,27+,28-,29+,35+,36+,37-,38+/m0/s1",C[C@]12CC[C@H]3[C@@H](CC[C@]4(O)C[C@H](CC[C@]34C)OC(=O)CCCCCCC(=O)N[C@@H](CCCN=C(N)N)C(O)=O)[C@]11O[C@@H]1C[C@@H]2c1ccc(=O)oc1,"29.cdx
  Mrv1902 06152610502D          

 55 60  0  0  0  0            999 V2000
   14.3748   -9.4786    0.0000 C   0  0  0  0  0  0  0  0  0  0  0  0
   14.3748  -10.3036    0.0000 C   0  0  1  0  0  0  0  0  0  0  0  0
   15.0892  -10.7161    0.0000 C   0  0  0  0  0  0  0  0  0  0  0  0
   15.8037  -10.3036    0.0000 C   0  0  2  0  0  0  0  0  0  0  0  0
   15.8037   -9.4786    0.0000 C   0  0  2  0  0  0  0  0  0  0  0  0
   15.0892   -9.0661    0.0000 C   0  0  0  0  0  0  0  0  0  0  0  0
   16.5182  -10.7161    0.0000 C   0  0  0  0  0  0  0  0  0  0  0  0
   17.2326  -10.3036    0.0000 C   0  0  0  0  0  0  0  0  0  0  0  0
   17.2326   -9.4786    0.0000 C   0  0  2  0  0  0  0  0  0  0  0  0
   16.5182   -9.0661    0.0000 C   0  0  2  0  0  0  0  0  0  0  0  0
   17.9471   -9.0661    0.0000 C   0  0  2  0  0  0  0  0  0  0  0  0
   17.9471   -8.2411    0.0000 C   0  0  2  0  0  0  0  0  0  0  0  0
   17.2326   -7.8286    0.0000 C   0  0  2  0  0  0  0  0  0  0  0  0
   16.5182   -8.2411    0.0000 C   0  0  0  0  0  0  0  0  0  0  0  0
   18.7317   -9.3211    0.0000 C   0  0  1  0  0  0  0  0  0  0  0  0
   19.2167   -8.6536    0.0000 C   0  0  2  0  0  0  0  0  0  0  0  0
   18.7317   -7.9862    0.0000 C   0  0  2  0  0  0  0  0  0  0  0  0
   18.9867   -7.2016    0.0000 C   0  0  0  0  0  0  0  0  0  0  0  0
   19.7936   -7.0301    0.0000 C   0  0  0  0  0  0  0  0  0  0  0  0
   18.4346   -6.5885    0.0000 C   0  0  0  0  0  0  0  0  0  0  0  0
   20.0486   -6.2454    0.0000 C   0  0  0  0  0  0  0  0  0  0  0  0
   18.6896   -5.8039    0.0000 O   0  0  0  0  0  0  0  0  0  0  0  0
   19.4965   -5.6323    0.0000 C   0  0  0  0  0  0  0  0  0  0  0  0
   19.7515   -4.8477    0.0000 O   0  0  0  0  0  0  0  0  0  0  0  0
   13.6603  -10.7161    0.0000 O   0  0  0  0  0  0  0  0  0  0  0  0
   15.8037   -8.6536    0.0000 C   0  0  0  0  0  0  0  0  0  0  0  0
   15.8037  -11.1286    0.0000 O   0  0  0  0  0  0  0  0  0  0  0  0
   17.2326   -7.0036    0.0000 H   0  0  0  0  0  0  0  0  0  0  0  0
   18.0333   -7.4207    0.0000 C   0  0  0  0  0  0  0  0  0  0  0  0
   20.0417   -8.6536    0.0000 H   0  0  0  0  0  0  0  0  0  0  0  0
   18.0333   -9.8866    0.0000 O   0  0  0  0  0  0  0  0  0  0  0  0
   12.9458  -10.3036    0.0000 C   0  0  0  0  0  0  0  0  0  0  0  0
   12.2313  -10.7161    0.0000 C   0  0  0  0  0  0  0  0  0  0  0  0
   12.9458   -9.4786    0.0000 O   0  0  0  0  0  0  0  0  0  0  0  0
   11.5169  -10.3036    0.0000 C   0  0  0  0  0  0  0  0  0  0  0  0
   10.8024  -10.7161    0.0000 C   0  0  0  0  0  0  0  0  0  0  0  0
    8.6579  -10.3036    0.0000 C   0  0  0  0  0  0  0  0  0  0  0  0
    7.9435  -10.7161    0.0000 C   0  0  0  0  0  0  0  0  0  0  0  0
    7.2290  -10.3036    0.0000 N   0  0  0  0  0  0  0  0  0  0  0  0
    7.9435  -11.5411    0.0000 O   0  0  0  0  0  0  0  0  0  0  0  0
    6.5145  -10.7161    0.0000 C   0  0  2  0  0  0  0  0  0  0  0  0
    5.8000  -10.3036    0.0000 C   0  0  0  0  0  0  0  0  0  0  0  0
    5.0856  -10.7161    0.0000 O   0  0  0  0  0  0  0  0  0  0  0  0
    5.8000   -9.4786    0.0000 O   0  0  0  0  0  0  0  0  0  0  0  0
    6.5145  -11.5411    0.0000 C   0  0  0  0  0  0  0  0  0  0  0  0
    5.8000  -11.9536    0.0000 C   0  0  0  0  0  0  0  0  0  0  0  0
    5.8000  -12.7786    0.0000 C   0  0  0  0  0  0  0  0  0  0  0  0
    5.0856  -13.1911    0.0000 N   0  0  0  0  0  0  0  0  0  0  0  0
    5.0856  -14.0161    0.0000 C   0  0  0  0  0  0  0  0  0  0  0  0
    5.8000  -14.4286    0.0000 N   0  0  0  0  0  0  0  0  0  0  0  0
    4.3711  -14.4286    0.0000 N   0  0  0  0  0  0  0  0  0  0  0  0
   10.0879  -10.3036    0.0000 C   0  0  0  0  0  0  0  0  0  0  0  0
    9.3735  -10.7161    0.0000 C   0  0  0  0  0  0  0  0  0  0  0  0
   16.5182   -9.8911    0.0000 H   0  0  0  0  0  0  0  0  0  0  0  0
   17.2326   -8.6536    0.0000 H   0  0  0  0  0  0  0  0  0  0  0  0
  1  2  1  0  0  0  0
  2  3  1  0  0  0  0
  3  4  1  0  0  0  0
  4  5  1  0  0  0  0
  5  6  1  0  0  0  0
  6  1  1  0  0  0  0
  4  7  1  0  0  0  0
  7  8  1  0  0  0  0
  8  9  1  0  0  0  0
  9 10  1  0  0  0  0
 10  5  1  0  0  0  0
  9 11  1  0  0  0  0
 11 12  1  0  0  0  0
 12 13  1  0  0  0  0
 13 14  1  0  0  0  0
 14 10  1  0  0  0  0
 11 15  1  0  0  0  0
 15 16  1  0  0  0  0
 16 17  1  0  0  0  0
 17 12  1  0  0  0  0
 17 18  1  1  0  0  0
 18 19  1  0  0  0  0
 18 20  2  0  0  0  0
 19 21  2  0  0  0  0
 20 22  1  0  0  0  0
 21 23  1  0  0  0  0
 22 23  1  0  0  0  0
 23 24  2  0  0  0  0
  2 25  1  1  0  0  0
  5 26  1  1  0  0  0
  4 27  1  1  0  0  0
 13 28  1  1  0  0  0
 12 29  1  1  0  0  0
 16 30  1  1  0  0  0
 11 31  1  1  0  0  0
 15 31  1  1  0  0  0
 25 32  1  0  0  0  0
 32 33  1  0  0  0  0
 32 34  2  0  0  0  0
 33 35  1  0  0  0  0
 35 36  1  0  0  0  0
 37 38  1  0  0  0  0
 38 39  1  0  0  0  0
 38 40  2  0  0  0  0
 41 39  1  1  0  0  0
 41 42  1  0  0  0  0
 42 43  1  0  0  0  0
 42 44  2  0  0  0  0
 41 45  1  0  0  0  0
 45 46  1  0  0  0  0
 46 47  1  0  0  0  0
 47 48  1  0  0  0  0
 48 49  2  0  0  0  0
 49 50  1  0  0  0  0
 49 51  1  0  0  0  0
 36 52  1  0  0  0  0
 52 53  1  0  0  0  0
 37 53  1  0  0  0  0
 10 54  1  6  0  0  0
  9 55  1  1  0  0  0
M  END
>  <cdx:fragmentId>
206

$$$$
",101996079,C38H56N4O9,712.885,712.404729399,1.03,216.16,107,10,5,16,1,5,0.053944509800306316,N
30,WJEWHSHTBPLSNS-BWBFKJLBSA-N,"1S/C38H54N4O10/c1-21(43)50-32-31(22-10-13-29(45)49-20-22)37(3)17-15-25-26(38(37)33(32)52-38)12-11-23-19-24(14-16-36(23,25)2)51-30(46)9-5-4-8-28(44)42-27(34(47)48)7-6-18-41-35(39)40/h10,13,20,23-27,31-33H,4-9,11-12,14-19H2,1-3H3,(H,42,44)(H,47,48)(H4,39,40,41)/t23-,24+,25+,26-,27+,31+,32-,33-,36+,37-,38-/m1/s1",CC(=O)O[C@H]1[C@H]2O[C@]22[C@@H]3CC[C@@H]4C[C@H](CC[C@]4(C)[C@H]3CC[C@]2(C)[C@H]1c1ccc(=O)oc1)OC(=O)CCCCC(=O)N[C@@H](CCCN=C(N)N)C(O)=O,"30.cdx
  Mrv1902 06152611042D          

 56 61  0  0  0  0            999 V2000
   14.3954   -9.5474    0.0000 C   0  0  0  0  0  0  0  0  0  0  0  0
   14.3954  -10.3724    0.0000 C   0  0  1  0  0  0  0  0  0  0  0  0
   15.1099  -10.7849    0.0000 C   0  0  0  0  0  0  0  0  0  0  0  0
   15.8243  -10.3724    0.0000 C   0  0  2  0  0  0  0  0  0  0  0  0
   15.8243   -9.5474    0.0000 C   0  0  2  0  0  0  0  0  0  0  0  0
   15.1099   -9.1349    0.0000 C   0  0  0  0  0  0  0  0  0  0  0  0
   16.5388  -10.7849    0.0000 C   0  0  0  0  0  0  0  0  0  0  0  0
   17.2533  -10.3724    0.0000 C   0  0  0  0  0  0  0  0  0  0  0  0
   17.2533   -9.5474    0.0000 C   0  0  2  0  0  0  0  0  0  0  0  0
   16.5388   -9.1349    0.0000 C   0  0  2  0  0  0  0  0  0  0  0  0
   17.9677   -9.1349    0.0000 C   0  0  2  0  0  0  0  0  0  0  0  0
   17.9677   -8.3099    0.0000 C   0  0  2  0  0  0  0  0  0  0  0  0
   17.2533   -7.8974    0.0000 C   0  0  2  0  0  0  0  0  0  0  0  0
   16.5388   -8.3099    0.0000 C   0  0  0  0  0  0  0  0  0  0  0  0
   18.7524   -9.3898    0.0000 C   0  0  1  0  0  0  0  0  0  0  0  0
   19.2373   -8.7224    0.0000 C   0  0  1  0  0  0  0  0  0  0  0  0
   18.7524   -8.0550    0.0000 C   0  0  2  0  0  0  0  0  0  0  0  0
   19.0073   -7.2703    0.0000 C   0  0  0  0  0  0  0  0  0  0  0  0
   19.8143   -7.0988    0.0000 C   0  0  0  0  0  0  0  0  0  0  0  0
   18.4553   -6.6572    0.0000 C   0  0  0  0  0  0  0  0  0  0  0  0
   20.0692   -6.3142    0.0000 C   0  0  0  0  0  0  0  0  0  0  0  0
   18.7102   -5.8726    0.0000 O   0  0  0  0  0  0  0  0  0  0  0  0
   19.5172   -5.7011    0.0000 C   0  0  0  0  0  0  0  0  0  0  0  0
   19.7721   -4.9165    0.0000 O   0  0  0  0  0  0  0  0  0  0  0  0
   13.6809  -10.7849    0.0000 O   0  0  0  0  0  0  0  0  0  0  0  0
   15.8243   -8.7224    0.0000 C   0  0  0  0  0  0  0  0  0  0  0  0
   15.8243  -11.1974    0.0000 H   0  0  0  0  0  0  0  0  0  0  0  0
   18.0540   -7.4894    0.0000 C   0  0  0  0  0  0  0  0  0  0  0  0
   20.0623   -8.7224    0.0000 O   0  0  0  0  0  0  0  0  0  0  0  0
   18.0540   -9.9554    0.0000 O   0  0  0  0  0  0  0  0  0  0  0  0
   12.9664  -10.3724    0.0000 C   0  0  0  0  0  0  0  0  0  0  0  0
   12.2520  -10.7849    0.0000 C   0  0  0  0  0  0  0  0  0  0  0  0
   12.9664   -9.5474    0.0000 O   0  0  0  0  0  0  0  0  0  0  0  0
   11.5375  -10.3724    0.0000 C   0  0  0  0  0  0  0  0  0  0  0  0
   10.8230  -10.7849    0.0000 C   0  0  0  0  0  0  0  0  0  0  0  0
   10.1086  -10.3724    0.0000 C   0  0  0  0  0  0  0  0  0  0  0  0
    9.3941  -10.7849    0.0000 C   0  0  0  0  0  0  0  0  0  0  0  0
    8.6796  -10.3724    0.0000 N   0  0  0  0  0  0  0  0  0  0  0  0
    9.3941  -11.6099    0.0000 O   0  0  0  0  0  0  0  0  0  0  0  0
    7.9651  -10.7849    0.0000 C   0  0  2  0  0  0  0  0  0  0  0  0
    7.2507  -10.3724    0.0000 C   0  0  0  0  0  0  0  0  0  0  0  0
    6.5362  -10.7849    0.0000 O   0  0  0  0  0  0  0  0  0  0  0  0
    7.2507   -9.5474    0.0000 O   0  0  0  0  0  0  0  0  0  0  0  0
    7.9651  -11.6099    0.0000 C   0  0  0  0  0  0  0  0  0  0  0  0
    7.2507  -12.0224    0.0000 C   0  0  0  0  0  0  0  0  0  0  0  0
    7.2507  -12.8474    0.0000 C   0  0  0  0  0  0  0  0  0  0  0  0
    6.5362  -13.2599    0.0000 N   0  0  0  0  0  0  0  0  0  0  0  0
    6.5362  -14.0849    0.0000 C   0  0  0  0  0  0  0  0  0  0  0  0
    7.2507  -14.4974    0.0000 N   0  0  0  0  0  0  0  0  0  0  0  0
    5.8217  -14.4974    0.0000 N   0  0  0  0  0  0  0  0  0  0  0  0
   20.4748   -9.4369    0.0000 C   0  0  0  0  0  0  0  0  0  0  0  0
   20.0623  -10.1513    0.0000 O   0  0  0  0  0  0  0  0  0  0  0  0
   21.2998   -9.4369    0.0000 C   0  0  0  0  0  0  0  0  0  0  0  0
   17.2533   -7.0724    0.0000 H   0  0  0  0  0  0  0  0  0  0  0  0
   16.5388   -9.9599    0.0000 H   0  0  0  0  0  0  0  0  0  0  0  0
   17.2533   -8.7224    0.0000 H   0  0  0  0  0  0  0  0  0  0  0  0
  1  2  1  0  0  0  0
  2  3  1  0  0  0  0
  3  4  1  0  0  0  0
  4  5  1  0  0  0  0
  5  6  1  0  0  0  0
  6  1  1  0  0  0  0
  4  7  1  0  0  0  0
  7  8  1  0  0  0  0
  8  9  1  0  0  0  0
  9 10  1  0  0  0  0
 10  5  1  0  0  0  0
  9 11  1  0  0  0  0
 11 12  1  0  0  0  0
 12 13  1  0  0  0  0
 13 14  1  0  0  0  0
 14 10  1  0  0  0  0
 11 15  1  0  0  0  0
 15 16  1  0  0  0  0
 16 17  1  0  0  0  0
 17 12  1  0  0  0  0
 17 18  1  1  0  0  0
 18 19  1  0  0  0  0
 18 20  2  0  0  0  0
 19 21  2  0  0  0  0
 20 22  1  0  0  0  0
 21 23  1  0  0  0  0
 22 23  1  0  0  0  0
 23 24  2  0  0  0  0
  2 25  1  1  0  0  0
  5 26  1  1  0  0  0
  4 27  1  1  0  0  0
 12 28  1  1  0  0  0
 16 29  1  1  0  0  0
 11 30  1  1  0  0  0
 25 31  1  0  0  0  0
 31 32  1  0  0  0  0
 31 33  2  0  0  0  0
 32 34  1  0  0  0  0
 34 35  1  0  0  0  0
 35 36  1  0  0  0  0
 36 37  1  0  0  0  0
 37 38  1  0  0  0  0
 37 39  2  0  0  0  0
 40 38  1  1  0  0  0
 40 41  1  0  0  0  0
 41 42  1  0  0  0  0
 41 43  2  0  0  0  0
 40 44  1  0  0  0  0
 44 45  1  0  0  0  0
 45 46  1  0  0  0  0
 46 47  1  0  0  0  0
 47 48  2  0  0  0  0
 48 49  1  0  0  0  0
 48 50  1  0  0  0  0
 29 51  1  0  0  0  0
 51 52  2  0  0  0  0
 51 53  1  0  0  0  0
 15 30  1  1  0  0  0
 13 54  1  1  0  0  0
 10 55  1  6  0  0  0
  9 56  1  1  0  0  0
M  END
>  <cdx:fragmentId>
5

$$$$
",162909124,C38H54N4O10,726.868,726.383993955,0.817,222.23,106,10,4,16,1,5,0.061734788466224766,N
31,DDJDJUKVEYFKHB-OQZPXGHPSA-N,"1S/C38H52N4O12/c1-21(44)52-31-30(22-9-10-28(46)51-19-22)35(2)14-12-24-25(38(35)32(31)54-38)13-16-37(50)18-23(11-15-36(24,37)20-43)53-29(47)8-4-3-7-27(45)42-26(33(48)49)6-5-17-41-34(39)40/h9-10,19-20,23-26,30-32,50H,3-8,11-18H2,1-2H3,(H,42,45)(H,48,49)(H4,39,40,41)/t23-,24-,25+,26-,30-,31+,32+,35+,36-,37-,38+/m0/s1",CC(=O)O[C@H]1[C@H]2O[C@]22[C@@H]3CC[C@]4(O)C[C@H](CC[C@]4(C=O)[C@H]3CC[C@]2(C)[C@H]1c1ccc(=O)oc1)OC(=O)CCCCC(=O)N[C@@H](CCCN=C(N)N)C(O)=O,"31.cdx
  Mrv1902 06152611052D          

 57 62  0  0  0  0            999 V2000
   14.3748   -9.7536    0.0000 C   0  0  0  0  0  0  0  0  0  0  0  0
   14.3748  -10.5786    0.0000 C   0  0  1  0  0  0  0  0  0  0  0  0
   15.0892  -10.9911    0.0000 C   0  0  0  0  0  0  0  0  0  0  0  0
   15.8037  -10.5786    0.0000 C   0  0  2  0  0  0  0  0  0  0  0  0
   15.8037   -9.7536    0.0000 C   0  0  2  0  0  0  0  0  0  0  0  0
   15.0892   -9.3411    0.0000 C   0  0  0  0  0  0  0  0  0  0  0  0
   16.5182  -10.9911    0.0000 C   0  0  0  0  0  0  0  0  0  0  0  0
   17.2326  -10.5786    0.0000 C   0  0  0  0  0  0  0  0  0  0  0  0
   17.2326   -9.7536    0.0000 C   0  0  2  0  0  0  0  0  0  0  0  0
   16.5182   -9.3411    0.0000 C   0  0  2  0  0  0  0  0  0  0  0  0
   17.9471   -9.3411    0.0000 C   0  0  2  0  0  0  0  0  0  0  0  0
   17.9471   -8.5161    0.0000 C   0  0  2  0  0  0  0  0  0  0  0  0
   17.2326   -8.1036    0.0000 C   0  0  2  0  0  0  0  0  0  0  0  0
   16.5182   -8.5161    0.0000 C   0  0  0  0  0  0  0  0  0  0  0  0
   18.7317   -9.5961    0.0000 C   0  0  1  0  0  0  0  0  0  0  0  0
   19.2167   -8.9286    0.0000 C   0  0  1  0  0  0  0  0  0  0  0  0
   18.7317   -8.2612    0.0000 C   0  0  2  0  0  0  0  0  0  0  0  0
   18.9867   -7.4766    0.0000 C   0  0  0  0  0  0  0  0  0  0  0  0
   19.7936   -7.3051    0.0000 C   0  0  0  0  0  0  0  0  0  0  0  0
   18.4346   -6.8635    0.0000 C   0  0  0  0  0  0  0  0  0  0  0  0
   20.0486   -6.5204    0.0000 C   0  0  0  0  0  0  0  0  0  0  0  0
   18.6896   -6.0789    0.0000 O   0  0  0  0  0  0  0  0  0  0  0  0
   19.4965   -5.9073    0.0000 C   0  0  0  0  0  0  0  0  0  0  0  0
   19.7515   -5.1227    0.0000 O   0  0  0  0  0  0  0  0  0  0  0  0
   13.6603  -10.9911    0.0000 O   0  0  0  0  0  0  0  0  0  0  0  0
   15.8037   -8.9286    0.0000 C   0  0  0  0  0  0  0  0  0  0  0  0
   15.8037  -11.4036    0.0000 O   0  0  0  0  0  0  0  0  0  0  0  0
   17.2326   -7.2786    0.0000 H   0  0  0  0  0  0  0  0  0  0  0  0
   18.0333   -7.6957    0.0000 C   0  0  0  0  0  0  0  0  0  0  0  0
   20.0417   -8.9286    0.0000 O   0  0  0  0  0  0  0  0  0  0  0  0
   18.0333  -10.1616    0.0000 O   0  0  0  0  0  0  0  0  0  0  0  0
   20.4542   -9.6431    0.0000 C   0  0  0  0  0  0  0  0  0  0  0  0
   21.2792   -9.6431    0.0000 C   0  0  0  0  0  0  0  0  0  0  0  0
   20.0417  -10.3576    0.0000 O   0  0  0  0  0  0  0  0  0  0  0  0
   15.0892   -8.5161    0.0000 O   0  0  0  0  0  0  0  0  0  0  0  0
   12.9458  -10.5786    0.0000 C   0  0  0  0  0  0  0  0  0  0  0  0
   12.2313  -10.9911    0.0000 C   0  0  0  0  0  0  0  0  0  0  0  0
   12.9458   -9.7536    0.0000 O   0  0  0  0  0  0  0  0  0  0  0  0
   11.5169  -10.5786    0.0000 C   0  0  0  0  0  0  0  0  0  0  0  0
   10.8024  -10.9911    0.0000 C   0  0  0  0  0  0  0  0  0  0  0  0
   10.0879  -10.5786    0.0000 C   0  0  0  0  0  0  0  0  0  0  0  0
    9.3735  -10.9911    0.0000 C   0  0  0  0  0  0  0  0  0  0  0  0
    8.6590  -10.5786    0.0000 N   0  0  0  0  0  0  0  0  0  0  0  0
    9.3735  -11.8161    0.0000 O   0  0  0  0  0  0  0  0  0  0  0  0
    7.9445  -10.9911    0.0000 C   0  0  2  0  0  0  0  0  0  0  0  0
    7.2300  -10.5786    0.0000 C   0  0  0  0  0  0  0  0  0  0  0  0
    7.9445  -11.8161    0.0000 C   0  0  0  0  0  0  0  0  0  0  0  0
    6.5156  -10.9911    0.0000 O   0  0  0  0  0  0  0  0  0  0  0  0
    7.2300   -9.7536    0.0000 O   0  0  0  0  0  0  0  0  0  0  0  0
    7.2300  -12.2286    0.0000 C   0  0  0  0  0  0  0  0  0  0  0  0
    7.2300  -13.0536    0.0000 C   0  0  0  0  0  0  0  0  0  0  0  0
    6.5156  -13.4661    0.0000 N   0  0  0  0  0  0  0  0  0  0  0  0
    6.5156  -14.2911    0.0000 C   0  0  0  0  0  0  0  0  0  0  0  0
    5.8011  -14.7036    0.0000 N   0  0  0  0  0  0  0  0  0  0  0  0
    7.2300  -14.7036    0.0000 N   0  0  0  0  0  0  0  0  0  0  0  0
   16.5182  -10.1661    0.0000 H   0  0  0  0  0  0  0  0  0  0  0  0
   17.2326   -8.9286    0.0000 H   0  0  0  0  0  0  0  0  0  0  0  0
  1  2  1  0  0  0  0
  2  3  1  0  0  0  0
  3  4  1  0  0  0  0
  4  5  1  0  0  0  0
  5  6  1  0  0  0  0
  6  1  1  0  0  0  0
  4  7  1  0  0  0  0
  7  8  1  0  0  0  0
  8  9  1  0  0  0  0
  9 10  1  0  0  0  0
 10  5  1  0  0  0  0
  9 11  1  0  0  0  0
 11 12  1  0  0  0  0
 12 13  1  0  0  0  0
 13 14  1  0  0  0  0
 14 10  1  0  0  0  0
 11 15  1  0  0  0  0
 15 16  1  0  0  0  0
 16 17  1  0  0  0  0
 17 12  1  0  0  0  0
 17 18  1  1  0  0  0
 18 19  1  0  0  0  0
 18 20  2  0  0  0  0
 19 21  2  0  0  0  0
 20 22  1  0  0  0  0
 21 23  1  0  0  0  0
 22 23  1  0  0  0  0
 23 24  2  0  0  0  0
  2 25  1  1  0  0  0
  5 26  1  1  0  0  0
  4 27  1  1  0  0  0
 13 28  1  1  0  0  0
 12 29  1  1  0  0  0
 16 30  1  1  0  0  0
 11 31  1  1  0  0  0
 15 31  1  1  0  0  0
 30 32  1  0  0  0  0
 32 33  1  0  0  0  0
 32 34  2  0  0  0  0
 26 35  2  0  0  0  0
 25 36  1  0  0  0  0
 36 37  1  0  0  0  0
 36 38  2  0  0  0  0
 37 39  1  0  0  0  0
 39 40  1  0  0  0  0
 40 41  1  0  0  0  0
 41 42  1  0  0  0  0
 42 43  1  0  0  0  0
 42 44  2  0  0  0  0
 45 43  1  1  0  0  0
 45 46  1  0  0  0  0
 45 47  1  0  0  0  0
 46 48  1  0  0  0  0
 46 49  2  0  0  0  0
 47 50  1  0  0  0  0
 50 51  1  0  0  0  0
 51 52  1  0  0  0  0
 52 53  2  0  0  0  0
 53 54  1  0  0  0  0
 53 55  1  0  0  0  0
 10 56  1  6  0  0  0
  9 57  1  1  0  0  0
M  END
>  <cdx:fragmentId>
206

$$$$
",53253803,C38H52N4O12,756.85,756.35817313,-1.382,259.53,106,12,5,17,1,6,0.030780102156610055,N
32,XXRIZPQLYSQXAJ-ALZBOWOWSA-N,"1S/C37H54N4O8/c1-35-16-14-24(48-32(44)9-5-3-4-8-30(42)41-28(33(45)46)7-6-18-40-34(38)39)19-23(35)11-12-26-25(35)15-17-36(2)27(20-29-37(26,36)49-29)22-10-13-31(43)47-21-22/h10,13,21,23-29H,3-9,11-12,14-20H2,1-2H3,(H,41,42)(H,45,46)(H4,38,39,40)/t23-,24+,25+,26-,27-,28+,29-,35+,36-,37-/m1/s1",C[C@]12CC[C@H]3[C@@H](CC[C@@H]4C[C@H](CC[C@]34C)OC(=O)CCCCCC(=O)N[C@@H](CCCN=C(N)N)C(O)=O)[C@]11O[C@@H]1C[C@@H]2c1ccc(=O)oc1,"32.cdx
  Mrv1902 06152611032D          

 54 59  0  0  0  0            999 V2000
   14.4023  -10.0011    0.0000 C   0  0  0  0  0  0  0  0  0  0  0  0
   14.4023  -10.8261    0.0000 C   0  0  1  0  0  0  0  0  0  0  0  0
   15.1167  -11.2386    0.0000 C   0  0  0  0  0  0  0  0  0  0  0  0
   15.8312  -10.8261    0.0000 C   0  0  2  0  0  0  0  0  0  0  0  0
   15.8312  -10.0011    0.0000 C   0  0  2  0  0  0  0  0  0  0  0  0
   15.1167   -9.5886    0.0000 C   0  0  0  0  0  0  0  0  0  0  0  0
   16.5457  -11.2386    0.0000 C   0  0  0  0  0  0  0  0  0  0  0  0
   17.2601  -10.8261    0.0000 C   0  0  0  0  0  0  0  0  0  0  0  0
   17.2601  -10.0011    0.0000 C   0  0  2  0  0  0  0  0  0  0  0  0
   16.5457   -9.5886    0.0000 C   0  0  2  0  0  0  0  0  0  0  0  0
   17.9746   -9.5886    0.0000 C   0  0  2  0  0  0  0  0  0  0  0  0
   17.9746   -8.7636    0.0000 C   0  0  2  0  0  0  0  0  0  0  0  0
   17.2601   -8.3511    0.0000 C   0  0  2  0  0  0  0  0  0  0  0  0
   16.5457   -8.7636    0.0000 C   0  0  0  0  0  0  0  0  0  0  0  0
   18.7592   -9.8436    0.0000 C   0  0  1  0  0  0  0  0  0  0  0  0
   19.2442   -9.1761    0.0000 C   0  0  2  0  0  0  0  0  0  0  0  0
   18.7592   -8.5087    0.0000 C   0  0  2  0  0  0  0  0  0  0  0  0
   19.0142   -7.7241    0.0000 C   0  0  0  0  0  0  0  0  0  0  0  0
   19.8211   -7.5526    0.0000 C   0  0  0  0  0  0  0  0  0  0  0  0
   18.4621   -7.1110    0.0000 C   0  0  0  0  0  0  0  0  0  0  0  0
   20.0761   -6.7679    0.0000 C   0  0  0  0  0  0  0  0  0  0  0  0
   18.7171   -6.3264    0.0000 O   0  0  0  0  0  0  0  0  0  0  0  0
   19.5240   -6.1548    0.0000 C   0  0  0  0  0  0  0  0  0  0  0  0
   19.7790   -5.3702    0.0000 O   0  0  0  0  0  0  0  0  0  0  0  0
   13.6878  -11.2386    0.0000 O   0  0  0  0  0  0  0  0  0  0  0  0
   15.8312   -9.1761    0.0000 C   0  0  0  0  0  0  0  0  0  0  0  0
   15.8312  -11.6511    0.0000 H   0  0  0  0  0  0  0  0  0  0  0  0
   17.2601   -7.5261    0.0000 H   0  0  0  0  0  0  0  0  0  0  0  0
   18.0608   -7.9432    0.0000 C   0  0  0  0  0  0  0  0  0  0  0  0
   20.0692   -9.1761    0.0000 H   0  0  0  0  0  0  0  0  0  0  0  0
   18.0608  -10.4091    0.0000 O   0  0  0  0  0  0  0  0  0  0  0  0
   12.9733  -10.8261    0.0000 C   0  0  0  0  0  0  0  0  0  0  0  0
   12.2588  -11.2386    0.0000 C   0  0  0  0  0  0  0  0  0  0  0  0
   12.9733  -10.0011    0.0000 O   0  0  0  0  0  0  0  0  0  0  0  0
    5.1181   -7.1152    0.0000 N   0  0  0  0  0  0  0  0  0  0  0  0
    6.5471   -7.1152    0.0000 N   0  0  0  0  0  0  0  0  0  0  0  0
    5.8326   -7.5277    0.0000 C   0  0  0  0  0  0  0  0  0  0  0  0
    5.8326   -8.3527    0.0000 N   0  0  0  0  0  0  0  0  0  0  0  0
    6.5471   -8.7652    0.0000 C   0  0  0  0  0  0  0  0  0  0  0  0
    6.5471   -9.5902    0.0000 C   0  0  0  0  0  0  0  0  0  0  0  0
    7.2615  -10.0027    0.0000 C   0  0  0  0  0  0  0  0  0  0  0  0
    6.5471  -12.0652    0.0000 O   0  0  0  0  0  0  0  0  0  0  0  0
    5.8326  -10.8277    0.0000 O   0  0  0  0  0  0  0  0  0  0  0  0
    6.5471  -11.2402    0.0000 C   0  0  0  0  0  0  0  0  0  0  0  0
    7.2615  -10.8277    0.0000 C   0  0  1  0  0  0  0  0  0  0  0  0
    8.6905  -10.0027    0.0000 O   0  0  0  0  0  0  0  0  0  0  0  0
    7.9760  -11.2402    0.0000 N   0  0  0  0  0  0  0  0  0  0  0  0
    8.6905  -10.8277    0.0000 C   0  0  0  0  0  0  0  0  0  0  0  0
    9.4049  -11.2402    0.0000 C   0  0  0  0  0  0  0  0  0  0  0  0
   11.5444  -10.8261    0.0000 C   0  0  0  0  0  0  0  0  0  0  0  0
   10.8299  -11.2386    0.0000 C   0  0  0  0  0  0  0  0  0  0  0  0
   10.1154  -10.8261    0.0000 C   0  0  0  0  0  0  0  0  0  0  0  0
   16.5457  -10.4136    0.0000 H   0  0  0  0  0  0  0  0  0  0  0  0
   17.2601   -9.1761    0.0000 H   0  0  0  0  0  0  0  0  0  0  0  0
  1  2  1  0  0  0  0
  2  3  1  0  0  0  0
  3  4  1  0  0  0  0
  4  5  1  0  0  0  0
  5  6  1  0  0  0  0
  6  1  1  0  0  0  0
  4  7  1  0  0  0  0
  7  8  1  0  0  0  0
  8  9  1  0  0  0  0
  9 10  1  0  0  0  0
 10  5  1  0  0  0  0
  9 11  1  0  0  0  0
 11 12  1  0  0  0  0
 12 13  1  0  0  0  0
 13 14  1  0  0  0  0
 14 10  1  0  0  0  0
 11 15  1  0  0  0  0
 15 16  1  0  0  0  0
 16 17  1  0  0  0  0
 17 12  1  0  0  0  0
 17 18  1  1  0  0  0
 18 19  1  0  0  0  0
 18 20  2  0  0  0  0
 19 21  2  0  0  0  0
 20 22  1  0  0  0  0
 21 23  1  0  0  0  0
 22 23  1  0  0  0  0
 23 24  2  0  0  0  0
  2 25  1  1  0  0  0
  5 26  1  1  0  0  0
  4 27  1  1  0  0  0
 13 28  1  1  0  0  0
 12 29  1  1  0  0  0
 16 30  1  1  0  0  0
 11 31  1  1  0  0  0
 15 31  1  1  0  0  0
 25 32  1  0  0  0  0
 32 33  1  0  0  0  0
 32 34  2  0  0  0  0
 37 35  1  0  0  0  0
 37 36  1  0  0  0  0
 38 37  2  0  0  0  0
 39 38  1  0  0  0  0
 40 39  1  0  0  0  0
 41 40  1  0  0  0  0
 45 41  1  0  0  0  0
 44 42  2  0  0  0  0
 44 43  1  0  0  0  0
 45 44  1  0  0  0  0
 45 47  1  6  0  0  0
 48 46  2  0  0  0  0
 48 47  1  0  0  0  0
 49 48  1  0  0  0  0
 33 50  1  0  0  0  0
 50 51  1  0  0  0  0
 51 52  1  0  0  0  0
 49 52  1  0  0  0  0
 10 53  1  6  0  0  0
  9 54  1  1  0  0  0
M  END
>  <cdx:fragmentId>
206

$$$$
",177827494,C37H54N4O8,682.859,682.394164715,1.817,195.93,103,9,4,15,1,5,0.07014377753250173,N
33,HJVHZZPUOWTUMD-ARZJAYRVSA-N,"1S/C39H56N4O10/c1-22(44)51-33-32(23-11-14-30(46)50-21-23)38(3)18-16-26-27(39(38)34(33)53-39)13-12-24-20-25(15-17-37(24,26)2)52-31(47)10-6-4-5-9-29(45)43-28(35(48)49)8-7-19-42-36(40)41/h11,14,21,24-28,32-34H,4-10,12-13,15-20H2,1-3H3,(H,43,45)(H,48,49)(H4,40,41,42)/t24-,25+,26+,27-,28+,32+,33-,34-,37+,38-,39-/m1/s1",CC(=O)O[C@H]1[C@H]2O[C@]22[C@@H]3CC[C@@H]4C[C@H](CC[C@]4(C)[C@H]3CC[C@]2(C)[C@H]1c1ccc(=O)oc1)OC(=O)CCCCCC(=O)N[C@@H](CCCN=C(N)N)C(O)=O,"33.cdx
  Mrv1902 06152611032D          

 57 62  0  0  0  0            999 V2000
   14.3954   -9.5474    0.0000 C   0  0  0  0  0  0  0  0  0  0  0  0
   14.3954  -10.3724    0.0000 C   0  0  1  0  0  0  0  0  0  0  0  0
   15.1099  -10.7849    0.0000 C   0  0  0  0  0  0  0  0  0  0  0  0
   15.8243  -10.3724    0.0000 C   0  0  2  0  0  0  0  0  0  0  0  0
   15.8243   -9.5474    0.0000 C   0  0  2  0  0  0  0  0  0  0  0  0
   15.1099   -9.1349    0.0000 C   0  0  0  0  0  0  0  0  0  0  0  0
   16.5388  -10.7849    0.0000 C   0  0  0  0  0  0  0  0  0  0  0  0
   17.2533  -10.3724    0.0000 C   0  0  0  0  0  0  0  0  0  0  0  0
   17.2533   -9.5474    0.0000 C   0  0  2  0  0  0  0  0  0  0  0  0
   16.5388   -9.1349    0.0000 C   0  0  2  0  0  0  0  0  0  0  0  0
   17.9677   -9.1349    0.0000 C   0  0  2  0  0  0  0  0  0  0  0  0
   17.9677   -8.3099    0.0000 C   0  0  2  0  0  0  0  0  0  0  0  0
   17.2533   -7.8974    0.0000 C   0  0  2  0  0  0  0  0  0  0  0  0
   16.5388   -8.3099    0.0000 C   0  0  0  0  0  0  0  0  0  0  0  0
   18.7524   -9.3898    0.0000 C   0  0  1  0  0  0  0  0  0  0  0  0
   19.2373   -8.7224    0.0000 C   0  0  1  0  0  0  0  0  0  0  0  0
   18.7524   -8.0550    0.0000 C   0  0  2  0  0  0  0  0  0  0  0  0
   19.0073   -7.2703    0.0000 C   0  0  0  0  0  0  0  0  0  0  0  0
   19.8143   -7.0988    0.0000 C   0  0  0  0  0  0  0  0  0  0  0  0
   18.4553   -6.6572    0.0000 C   0  0  0  0  0  0  0  0  0  0  0  0
   20.0692   -6.3142    0.0000 C   0  0  0  0  0  0  0  0  0  0  0  0
   18.7102   -5.8726    0.0000 O   0  0  0  0  0  0  0  0  0  0  0  0
   19.5172   -5.7011    0.0000 C   0  0  0  0  0  0  0  0  0  0  0  0
   19.7721   -4.9165    0.0000 O   0  0  0  0  0  0  0  0  0  0  0  0
   13.6809  -10.7849    0.0000 O   0  0  0  0  0  0  0  0  0  0  0  0
   15.8243   -8.7224    0.0000 C   0  0  0  0  0  0  0  0  0  0  0  0
   15.8243  -11.1974    0.0000 H   0  0  0  0  0  0  0  0  0  0  0  0
   18.0540   -7.4894    0.0000 C   0  0  0  0  0  0  0  0  0  0  0  0
   20.0623   -8.7224    0.0000 O   0  0  0  0  0  0  0  0  0  0  0  0
   18.0540   -9.9554    0.0000 O   0  0  0  0  0  0  0  0  0  0  0  0
   12.9664  -10.3724    0.0000 C   0  0  0  0  0  0  0  0  0  0  0  0
   12.2520  -10.7849    0.0000 C   0  0  0  0  0  0  0  0  0  0  0  0
   12.9664   -9.5474    0.0000 O   0  0  0  0  0  0  0  0  0  0  0  0
   11.5375  -10.3724    0.0000 C   0  0  0  0  0  0  0  0  0  0  0  0
   10.8230  -10.7849    0.0000 C   0  0  0  0  0  0  0  0  0  0  0  0
    5.1123   -6.6614    0.0000 N   0  0  0  0  0  0  0  0  0  0  0  0
    6.5412   -6.6614    0.0000 N   0  0  0  0  0  0  0  0  0  0  0  0
    5.8268   -7.0739    0.0000 C   0  0  0  0  0  0  0  0  0  0  0  0
    5.8268   -7.8989    0.0000 N   0  0  0  0  0  0  0  0  0  0  0  0
    6.5412   -8.3114    0.0000 C   0  0  0  0  0  0  0  0  0  0  0  0
    6.5412   -9.1364    0.0000 C   0  0  0  0  0  0  0  0  0  0  0  0
    7.2557   -9.5489    0.0000 C   0  0  0  0  0  0  0  0  0  0  0  0
    6.5412  -11.6114    0.0000 O   0  0  0  0  0  0  0  0  0  0  0  0
    5.8268  -10.3739    0.0000 O   0  0  0  0  0  0  0  0  0  0  0  0
    6.5412  -10.7864    0.0000 C   0  0  0  0  0  0  0  0  0  0  0  0
    7.2557  -10.3739    0.0000 C   0  0  1  0  0  0  0  0  0  0  0  0
    8.6847   -9.5489    0.0000 O   0  0  0  0  0  0  0  0  0  0  0  0
    7.9702  -10.7864    0.0000 N   0  0  0  0  0  0  0  0  0  0  0  0
    8.6847  -10.3739    0.0000 C   0  0  0  0  0  0  0  0  0  0  0  0
   20.4748   -9.4369    0.0000 C   0  0  0  0  0  0  0  0  0  0  0  0
   20.0623  -10.1513    0.0000 O   0  0  0  0  0  0  0  0  0  0  0  0
   21.2998   -9.4369    0.0000 C   0  0  0  0  0  0  0  0  0  0  0  0
   17.2533   -7.0724    0.0000 H   0  0  0  0  0  0  0  0  0  0  0  0
    9.3991  -10.7864    0.0000 C   0  0  0  0  0  0  0  0  0  0  0  0
   10.1086  -10.3724    0.0000 C   0  0  0  0  0  0  0  0  0  0  0  0
   16.5388   -9.9599    0.0000 H   0  0  0  0  0  0  0  0  0  0  0  0
   17.2533   -8.7224    0.0000 H   0  0  0  0  0  0  0  0  0  0  0  0
  1  2  1  0  0  0  0
  2  3  1  0  0  0  0
  3  4  1  0  0  0  0
  4  5  1  0  0  0  0
  5  6  1  0  0  0  0
  6  1  1  0  0  0  0
  4  7  1  0  0  0  0
  7  8  1  0  0  0  0
  8  9  1  0  0  0  0
  9 10  1  0  0  0  0
 10  5  1  0  0  0  0
  9 11  1  0  0  0  0
 11 12  1  0  0  0  0
 12 13  1  0  0  0  0
 13 14  1  0  0  0  0
 14 10  1  0  0  0  0
 11 15  1  0  0  0  0
 15 16  1  0  0  0  0
 16 17  1  0  0  0  0
 17 12  1  0  0  0  0
 17 18  1  1  0  0  0
 18 19  1  0  0  0  0
 18 20  2  0  0  0  0
 19 21  2  0  0  0  0
 20 22  1  0  0  0  0
 21 23  1  0  0  0  0
 22 23  1  0  0  0  0
 23 24  2  0  0  0  0
  2 25  1  1  0  0  0
  5 26  1  1  0  0  0
  4 27  1  1  0  0  0
 12 28  1  1  0  0  0
 16 29  1  1  0  0  0
 11 30  1  1  0  0  0
 25 31  1  0  0  0  0
 31 32  1  0  0  0  0
 31 33  2  0  0  0  0
 32 34  1  0  0  0  0
 34 35  1  0  0  0  0
 38 36  1  0  0  0  0
 38 37  1  0  0  0  0
 39 38  2  0  0  0  0
 40 39  1  0  0  0  0
 41 40  1  0  0  0  0
 42 41  1  0  0  0  0
 46 42  1  0  0  0  0
 45 43  2  0  0  0  0
 45 44  1  0  0  0  0
 46 45  1  0  0  0  0
 46 48  1  6  0  0  0
 49 47  2  0  0  0  0
 49 48  1  0  0  0  0
 54 49  1  0  0  0  0
 29 50  1  0  0  0  0
 50 51  2  0  0  0  0
 50 52  1  0  0  0  0
 15 30  1  1  0  0  0
 13 53  1  1  0  0  0
 35 55  1  0  0  0  0
 54 55  1  0  0  0  0
 10 56  1  6  0  0  0
  9 57  1  1  0  0  0
M  END
>  <cdx:fragmentId>
5

$$$$
",162895547,C39H56N4O10,740.895,740.399644019,1.262,222.23,109,10,4,17,1,5,0.05887201989085324,N
34,JQGFYWYWGQSVDO-MHDRLEORSA-N,"1S/C39H56N4O11/c1-22(45)52-33-32(23-10-13-30(47)51-20-23)37(2)16-15-26-27(39(37)34(33)54-39)12-11-24-19-25(14-17-38(24,26)21-44)53-31(48)9-5-3-4-8-29(46)43-28(35(49)50)7-6-18-42-36(40)41/h10,13,20,24-28,32-34,44H,3-9,11-12,14-19,21H2,1-2H3,(H,43,46)(H,49,50)(H4,40,41,42)/t24-,25+,26+,27-,28+,32+,33-,34-,37-,38-,39-/m1/s1",CC(=O)O[C@H]1[C@H]2O[C@]22[C@@H]3CC[C@@H]4C[C@H](CC[C@]4(CO)[C@H]3CC[C@]2(C)[C@H]1c1ccc(=O)oc1)OC(=O)CCCCCC(=O)N[C@@H](CCCN=C(N)N)C(O)=O,"34.cdx
  Mrv1902 06152611062D          

 58 63  0  0  0  0            999 V2000
   14.3954   -9.5474    0.0000 C   0  0  0  0  0  0  0  0  0  0  0  0
   14.3954  -10.3724    0.0000 C   0  0  1  0  0  0  0  0  0  0  0  0
   15.1099  -10.7849    0.0000 C   0  0  0  0  0  0  0  0  0  0  0  0
   15.8243  -10.3724    0.0000 C   0  0  2  0  0  0  0  0  0  0  0  0
   15.8243   -9.5474    0.0000 C   0  0  2  0  0  0  0  0  0  0  0  0
   15.1099   -9.1349    0.0000 C   0  0  0  0  0  0  0  0  0  0  0  0
   16.5388  -10.7849    0.0000 C   0  0  0  0  0  0  0  0  0  0  0  0
   17.2533  -10.3724    0.0000 C   0  0  0  0  0  0  0  0  0  0  0  0
   17.2533   -9.5474    0.0000 C   0  0  2  0  0  0  0  0  0  0  0  0
   16.5388   -9.1349    0.0000 C   0  0  2  0  0  0  0  0  0  0  0  0
   17.9677   -9.1349    0.0000 C   0  0  2  0  0  0  0  0  0  0  0  0
   17.9677   -8.3099    0.0000 C   0  0  2  0  0  0  0  0  0  0  0  0
   17.2533   -7.8974    0.0000 C   0  0  2  0  0  0  0  0  0  0  0  0
   16.5388   -8.3099    0.0000 C   0  0  0  0  0  0  0  0  0  0  0  0
   18.7524   -9.3898    0.0000 C   0  0  1  0  0  0  0  0  0  0  0  0
   19.2373   -8.7224    0.0000 C   0  0  1  0  0  0  0  0  0  0  0  0
   18.7524   -8.0550    0.0000 C   0  0  2  0  0  0  0  0  0  0  0  0
   19.0073   -7.2703    0.0000 C   0  0  0  0  0  0  0  0  0  0  0  0
   19.8143   -7.0988    0.0000 C   0  0  0  0  0  0  0  0  0  0  0  0
   18.4553   -6.6572    0.0000 C   0  0  0  0  0  0  0  0  0  0  0  0
   20.0692   -6.3142    0.0000 C   0  0  0  0  0  0  0  0  0  0  0  0
   18.7102   -5.8726    0.0000 O   0  0  0  0  0  0  0  0  0  0  0  0
   19.5172   -5.7011    0.0000 C   0  0  0  0  0  0  0  0  0  0  0  0
   19.7721   -4.9165    0.0000 O   0  0  0  0  0  0  0  0  0  0  0  0
   13.6809  -10.7849    0.0000 O   0  0  0  0  0  0  0  0  0  0  0  0
   15.8243   -8.7224    0.0000 C   0  0  0  0  0  0  0  0  0  0  0  0
   15.8243  -11.1974    0.0000 H   0  0  0  0  0  0  0  0  0  0  0  0
   18.0540   -7.4894    0.0000 C   0  0  0  0  0  0  0  0  0  0  0  0
   20.0623   -8.7224    0.0000 O   0  0  0  0  0  0  0  0  0  0  0  0
   18.0540   -9.9554    0.0000 O   0  0  0  0  0  0  0  0  0  0  0  0
   12.9664  -10.3724    0.0000 C   0  0  0  0  0  0  0  0  0  0  0  0
   12.2520  -10.7849    0.0000 C   0  0  0  0  0  0  0  0  0  0  0  0
   12.9664   -9.5474    0.0000 O   0  0  0  0  0  0  0  0  0  0  0  0
   11.5375  -10.3724    0.0000 C   0  0  0  0  0  0  0  0  0  0  0  0
   10.8230  -10.7849    0.0000 C   0  0  0  0  0  0  0  0  0  0  0  0
    5.1123   -6.6614    0.0000 N   0  0  0  0  0  0  0  0  0  0  0  0
    6.5412   -6.6614    0.0000 N   0  0  0  0  0  0  0  0  0  0  0  0
    5.8268   -7.0739    0.0000 C   0  0  0  0  0  0  0  0  0  0  0  0
    5.8268   -7.8989    0.0000 N   0  0  0  0  0  0  0  0  0  0  0  0
    6.5412   -8.3114    0.0000 C   0  0  0  0  0  0  0  0  0  0  0  0
    6.5412   -9.1364    0.0000 C   0  0  0  0  0  0  0  0  0  0  0  0
    7.2557   -9.5489    0.0000 C   0  0  0  0  0  0  0  0  0  0  0  0
    6.5412  -11.6114    0.0000 O   0  0  0  0  0  0  0  0  0  0  0  0
    5.8268  -10.3739    0.0000 O   0  0  0  0  0  0  0  0  0  0  0  0
    6.5412  -10.7864    0.0000 C   0  0  0  0  0  0  0  0  0  0  0  0
    7.2557  -10.3739    0.0000 C   0  0  1  0  0  0  0  0  0  0  0  0
    8.6847   -9.5489    0.0000 O   0  0  0  0  0  0  0  0  0  0  0  0
    7.9702  -10.7864    0.0000 N   0  0  0  0  0  0  0  0  0  0  0  0
    8.6847  -10.3739    0.0000 C   0  0  0  0  0  0  0  0  0  0  0  0
   20.4748   -9.4369    0.0000 C   0  0  0  0  0  0  0  0  0  0  0  0
   20.0623  -10.1513    0.0000 O   0  0  0  0  0  0  0  0  0  0  0  0
   21.2998   -9.4369    0.0000 C   0  0  0  0  0  0  0  0  0  0  0  0
   17.2533   -7.0724    0.0000 H   0  0  0  0  0  0  0  0  0  0  0  0
    9.3991  -10.7864    0.0000 C   0  0  0  0  0  0  0  0  0  0  0  0
   10.1086  -10.3724    0.0000 C   0  0  0  0  0  0  0  0  0  0  0  0
   15.1099   -8.3099    0.0000 O   0  0  0  0  0  0  0  0  0  0  0  0
   16.5388   -9.9599    0.0000 H   0  0  0  0  0  0  0  0  0  0  0  0
   17.2533   -8.7224    0.0000 H   0  0  0  0  0  0  0  0  0  0  0  0
  1  2  1  0  0  0  0
  2  3  1  0  0  0  0
  3  4  1  0  0  0  0
  4  5  1  0  0  0  0
  5  6  1  0  0  0  0
  6  1  1  0  0  0  0
  4  7  1  0  0  0  0
  7  8  1  0  0  0  0
  8  9  1  0  0  0  0
  9 10  1  0  0  0  0
 10  5  1  0  0  0  0
  9 11  1  0  0  0  0
 11 12  1  0  0  0  0
 12 13  1  0  0  0  0
 13 14  1  0  0  0  0
 14 10  1  0  0  0  0
 11 15  1  0  0  0  0
 15 16  1  0  0  0  0
 16 17  1  0  0  0  0
 17 12  1  0  0  0  0
 17 18  1  1  0  0  0
 18 19  1  0  0  0  0
 18 20  2  0  0  0  0
 19 21  2  0  0  0  0
 20 22  1  0  0  0  0
 21 23  1  0  0  0  0
 22 23  1  0  0  0  0
 23 24  2  0  0  0  0
  2 25  1  1  0  0  0
  5 26  1  1  0  0  0
  4 27  1  1  0  0  0
 12 28  1  1  0  0  0
 16 29  1  1  0  0  0
 11 30  1  1  0  0  0
 25 31  1  0  0  0  0
 31 32  1  0  0  0  0
 31 33  2  0  0  0  0
 32 34  1  0  0  0  0
 34 35  1  0  0  0  0
 38 36  1  0  0  0  0
 38 37  1  0  0  0  0
 39 38  2  0  0  0  0
 40 39  1  0  0  0  0
 41 40  1  0  0  0  0
 42 41  1  0  0  0  0
 46 42  1  0  0  0  0
 45 43  2  0  0  0  0
 45 44  1  0  0  0  0
 46 45  1  0  0  0  0
 46 48  1  6  0  0  0
 49 47  2  0  0  0  0
 49 48  1  0  0  0  0
 54 49  1  0  0  0  0
 29 50  1  0  0  0  0
 50 51  2  0  0  0  0
 50 52  1  0  0  0  0
 15 30  1  1  0  0  0
 13 53  1  1  0  0  0
 35 55  1  0  0  0  0
 54 55  1  0  0  0  0
 26 56  1  0  0  0  0
 10 57  1  6  0  0  0
  9 58  1  1  0  0  0
M  END
>  <cdx:fragmentId>
5

$$$$
",177828032,C39H56N4O11,756.894,756.394558639,-0.019,242.46,110,11,5,18,1,5,0.04384137112024955,N
35,MBWKRBFITOTZCF-FHQRUICKSA-N,"1S/C40H58N4O11/c1-23(45)53-33-32(24-12-13-30(47)52-22-24)38(3)18-15-26-27(40(38)34(33)55-40)16-19-39(51)21-25(14-17-37(26,39)2)54-31(48)11-7-5-4-6-10-29(46)44-28(35(49)50)9-8-20-43-36(41)42/h12-13,22,25-28,32-34,51H,4-11,14-21H2,1-3H3,(H,44,46)(H,49,50)(H4,41,42,43)/t25-,26-,27+,28-,32-,33+,34+,37+,38+,39-,40+/m0/s1",CC(=O)O[C@H]1[C@H]2O[C@]22[C@@H]3CC[C@]4(O)C[C@H](CC[C@]4(C)[C@H]3CC[C@]2(C)[C@H]1c1ccc(=O)oc1)OC(=O)CCCCCCC(=O)N[C@@H](CCCN=C(N)N)C(O)=O,"35.cdx
  Mrv1902 06152611052D          

 58 63  0  0  0  0            999 V2000
   14.3748   -8.9561    0.0000 C   0  0  0  0  0  0  0  0  0  0  0  0
   14.3748   -9.7811    0.0000 C   0  0  1  0  0  0  0  0  0  0  0  0
   15.0892  -10.1936    0.0000 C   0  0  0  0  0  0  0  0  0  0  0  0
   15.8037   -9.7811    0.0000 C   0  0  2  0  0  0  0  0  0  0  0  0
   15.8037   -8.9561    0.0000 C   0  0  2  0  0  0  0  0  0  0  0  0
   15.0892   -8.5436    0.0000 C   0  0  0  0  0  0  0  0  0  0  0  0
   16.5182  -10.1936    0.0000 C   0  0  0  0  0  0  0  0  0  0  0  0
   17.2326   -9.7811    0.0000 C   0  0  0  0  0  0  0  0  0  0  0  0
   17.2326   -8.9561    0.0000 C   0  0  2  0  0  0  0  0  0  0  0  0
   16.5182   -8.5436    0.0000 C   0  0  2  0  0  0  0  0  0  0  0  0
   17.9471   -8.5436    0.0000 C   0  0  2  0  0  0  0  0  0  0  0  0
   17.9471   -7.7186    0.0000 C   0  0  2  0  0  0  0  0  0  0  0  0
   17.2326   -7.3061    0.0000 C   0  0  2  0  0  0  0  0  0  0  0  0
   16.5182   -7.7186    0.0000 C   0  0  0  0  0  0  0  0  0  0  0  0
   18.7317   -8.7986    0.0000 C   0  0  1  0  0  0  0  0  0  0  0  0
   19.2167   -8.1311    0.0000 C   0  0  1  0  0  0  0  0  0  0  0  0
   18.7317   -7.4637    0.0000 C   0  0  2  0  0  0  0  0  0  0  0  0
   18.9867   -6.6791    0.0000 C   0  0  0  0  0  0  0  0  0  0  0  0
   19.7936   -6.5076    0.0000 C   0  0  0  0  0  0  0  0  0  0  0  0
   18.4346   -6.0660    0.0000 C   0  0  0  0  0  0  0  0  0  0  0  0
   20.0486   -5.7229    0.0000 C   0  0  0  0  0  0  0  0  0  0  0  0
   18.6896   -5.2814    0.0000 O   0  0  0  0  0  0  0  0  0  0  0  0
   19.4965   -5.1098    0.0000 C   0  0  0  0  0  0  0  0  0  0  0  0
   19.7515   -4.3252    0.0000 O   0  0  0  0  0  0  0  0  0  0  0  0
   13.6603  -10.1936    0.0000 O   0  0  0  0  0  0  0  0  0  0  0  0
   15.8037   -8.1311    0.0000 C   0  0  0  0  0  0  0  0  0  0  0  0
   15.8037  -10.6061    0.0000 O   0  0  0  0  0  0  0  0  0  0  0  0
   17.2326   -6.4811    0.0000 H   0  0  0  0  0  0  0  0  0  0  0  0
   18.0333   -6.8982    0.0000 C   0  0  0  0  0  0  0  0  0  0  0  0
   20.0417   -8.1311    0.0000 O   0  0  0  0  0  0  0  0  0  0  0  0
   18.0333   -9.3641    0.0000 O   0  0  0  0  0  0  0  0  0  0  0  0
   20.4542   -8.8456    0.0000 C   0  0  0  0  0  0  0  0  0  0  0  0
   21.2792   -8.8456    0.0000 C   0  0  0  0  0  0  0  0  0  0  0  0
   20.0417   -9.5601    0.0000 O   0  0  0  0  0  0  0  0  0  0  0  0
   12.9458   -9.7811    0.0000 C   0  0  0  0  0  0  0  0  0  0  0  0
   12.2313  -10.1936    0.0000 C   0  0  0  0  0  0  0  0  0  0  0  0
   12.9458   -8.9561    0.0000 O   0  0  0  0  0  0  0  0  0  0  0  0
   11.5169   -9.7811    0.0000 C   0  0  0  0  0  0  0  0  0  0  0  0
   10.8024  -10.1936    0.0000 C   0  0  0  0  0  0  0  0  0  0  0  0
   10.0879   -9.7811    0.0000 C   0  0  0  0  0  0  0  0  0  0  0  0
    9.3735  -10.1936    0.0000 C   0  0  0  0  0  0  0  0  0  0  0  0
    8.6590   -9.7811    0.0000 C   0  0  0  0  0  0  0  0  0  0  0  0
    7.9445  -10.1936    0.0000 C   0  0  0  0  0  0  0  0  0  0  0  0
    7.2300   -9.7811    0.0000 N   0  0  0  0  0  0  0  0  0  0  0  0
    7.9445  -11.0186    0.0000 O   0  0  0  0  0  0  0  0  0  0  0  0
    6.5156  -10.1936    0.0000 C   0  0  2  0  0  0  0  0  0  0  0  0
    5.8011   -9.7811    0.0000 C   0  0  0  0  0  0  0  0  0  0  0  0
    5.0866  -10.1936    0.0000 O   0  0  0  0  0  0  0  0  0  0  0  0
    5.8011   -8.9561    0.0000 O   0  0  0  0  0  0  0  0  0  0  0  0
    6.5156  -11.0186    0.0000 C   0  0  0  0  0  0  0  0  0  0  0  0
    5.8011  -11.4311    0.0000 C   0  0  0  0  0  0  0  0  0  0  0  0
    5.8011  -12.2561    0.0000 C   0  0  0  0  0  0  0  0  0  0  0  0
    5.0866  -12.6686    0.0000 N   0  0  0  0  0  0  0  0  0  0  0  0
    5.0866  -13.4936    0.0000 C   0  0  0  0  0  0  0  0  0  0  0  0
    5.8011  -13.9061    0.0000 N   0  0  0  0  0  0  0  0  0  0  0  0
    4.3722  -13.9061    0.0000 N   0  0  0  0  0  0  0  0  0  0  0  0
   16.5182   -9.3686    0.0000 H   0  0  0  0  0  0  0  0  0  0  0  0
   17.2326   -8.1311    0.0000 H   0  0  0  0  0  0  0  0  0  0  0  0
  1  2  1  0  0  0  0
  2  3  1  0  0  0  0
  3  4  1  0  0  0  0
  4  5  1  0  0  0  0
  5  6  1  0  0  0  0
  6  1  1  0  0  0  0
  4  7  1  0  0  0  0
  7  8  1  0  0  0  0
  8  9  1  0  0  0  0
  9 10  1  0  0  0  0
 10  5  1  0  0  0  0
  9 11  1  0  0  0  0
 11 12  1  0  0  0  0
 12 13  1  0  0  0  0
 13 14  1  0  0  0  0
 14 10  1  0  0  0  0
 11 15  1  0  0  0  0
 15 16  1  0  0  0  0
 16 17  1  0  0  0  0
 17 12  1  0  0  0  0
 17 18  1  1  0  0  0
 18 19  1  0  0  0  0
 18 20  2  0  0  0  0
 19 21  2  0  0  0  0
 20 22  1  0  0  0  0
 21 23  1  0  0  0  0
 22 23  1  0  0  0  0
 23 24  2  0  0  0  0
  2 25  1  1  0  0  0
  5 26  1  1  0  0  0
  4 27  1  1  0  0  0
 13 28  1  1  0  0  0
 12 29  1  1  0  0  0
 16 30  1  1  0  0  0
 11 31  1  1  0  0  0
 15 31  1  1  0  0  0
 30 32  1  0  0  0  0
 32 33  1  0  0  0  0
 32 34  2  0  0  0  0
 25 35  1  0  0  0  0
 35 36  1  0  0  0  0
 35 37  2  0  0  0  0
 36 38  1  0  0  0  0
 38 39  1  0  0  0  0
 39 40  1  0  0  0  0
 40 41  1  0  0  0  0
 41 42  1  0  0  0  0
 42 43  1  0  0  0  0
 43 44  1  0  0  0  0
 43 45  2  0  0  0  0
 46 44  1  1  0  0  0
 46 47  1  0  0  0  0
 47 48  1  0  0  0  0
 47 49  2  0  0  0  0
 46 50  1  0  0  0  0
 50 51  1  0  0  0  0
 51 52  1  0  0  0  0
 52 53  1  0  0  0  0
 53 54  2  0  0  0  0
 54 55  1  0  0  0  0
 54 56  1  0  0  0  0
 10 57  1  6  0  0  0
  9 58  1  1  0  0  0
M  END
>  <cdx:fragmentId>
206

$$$$
",163055984,C40H58N4O11,770.921,770.410208704,0.474,242.46,113,11,5,18,1,5,0.04520064375394507,N
36,QNBHVXPSPWGVSA-VQRFTYGJSA-N,"1S/C32H44O7/c1-30-15-13-22(38-29(36)8-6-4-3-5-7-27(33)34)17-21(30)10-11-24-23(30)14-16-31(2)25(18-26-32(24,31)39-26)20-9-12-28(35)37-19-20/h9,12,19,21-26H,3-8,10-11,13-18H2,1-2H3,(H,33,34)/t21-,22+,23+,24-,25-,26-,30+,31-,32-/m1/s1",C[C@]12CC[C@H]3[C@@H](CC[C@@H]4C[C@H](CC[C@]34C)OC(=O)CCCCCCC(O)=O)[C@]11O[C@@H]1C[C@@H]2c1ccc(=O)oc1,"36.cdx
  Mrv1902 06152611062D          

 44 49  0  0  0  0            999 V2000
   14.4023  -10.0011    0.0000 C   0  0  0  0  0  0  0  0  0  0  0  0
   14.4023  -10.8261    0.0000 C   0  0  1  0  0  0  0  0  0  0  0  0
   15.1167  -11.2386    0.0000 C   0  0  0  0  0  0  0  0  0  0  0  0
   15.8312  -10.8261    0.0000 C   0  0  2  0  0  0  0  0  0  0  0  0
   15.8312  -10.0011    0.0000 C   0  0  2  0  0  0  0  0  0  0  0  0
   15.1167   -9.5886    0.0000 C   0  0  0  0  0  0  0  0  0  0  0  0
   16.5457  -11.2386    0.0000 C   0  0  0  0  0  0  0  0  0  0  0  0
   17.2601  -10.8261    0.0000 C   0  0  0  0  0  0  0  0  0  0  0  0
   17.2601  -10.0011    0.0000 C   0  0  2  0  0  0  0  0  0  0  0  0
   16.5457   -9.5886    0.0000 C   0  0  2  0  0  0  0  0  0  0  0  0
   17.9746   -9.5886    0.0000 C   0  0  2  0  0  0  0  0  0  0  0  0
   17.9746   -8.7636    0.0000 C   0  0  2  0  0  0  0  0  0  0  0  0
   17.2601   -8.3511    0.0000 C   0  0  2  0  0  0  0  0  0  0  0  0
   16.5457   -8.7636    0.0000 C   0  0  0  0  0  0  0  0  0  0  0  0
   18.7592   -9.8436    0.0000 C   0  0  1  0  0  0  0  0  0  0  0  0
   19.2442   -9.1761    0.0000 C   0  0  2  0  0  0  0  0  0  0  0  0
   18.7592   -8.5087    0.0000 C   0  0  2  0  0  0  0  0  0  0  0  0
   19.0142   -7.7241    0.0000 C   0  0  0  0  0  0  0  0  0  0  0  0
   19.8211   -7.5526    0.0000 C   0  0  0  0  0  0  0  0  0  0  0  0
   18.4621   -7.1110    0.0000 C   0  0  0  0  0  0  0  0  0  0  0  0
   20.0761   -6.7679    0.0000 C   0  0  0  0  0  0  0  0  0  0  0  0
   18.7171   -6.3264    0.0000 O   0  0  0  0  0  0  0  0  0  0  0  0
   19.5240   -6.1548    0.0000 C   0  0  0  0  0  0  0  0  0  0  0  0
   19.7790   -5.3702    0.0000 O   0  0  0  0  0  0  0  0  0  0  0  0
   13.6878  -11.2386    0.0000 O   0  0  0  0  0  0  0  0  0  0  0  0
   15.8312   -9.1761    0.0000 C   0  0  0  0  0  0  0  0  0  0  0  0
   15.8312  -11.6511    0.0000 H   0  0  0  0  0  0  0  0  0  0  0  0
   17.2601   -7.5261    0.0000 H   0  0  0  0  0  0  0  0  0  0  0  0
   18.0608   -7.9432    0.0000 C   0  0  0  0  0  0  0  0  0  0  0  0
   20.0692   -9.1761    0.0000 H   0  0  0  0  0  0  0  0  0  0  0  0
   18.0608  -10.4091    0.0000 O   0  0  0  0  0  0  0  0  0  0  0  0
   12.9733  -10.8261    0.0000 C   0  0  0  0  0  0  0  0  0  0  0  0
   12.2588  -11.2386    0.0000 C   0  0  0  0  0  0  0  0  0  0  0  0
   12.9733  -10.0011    0.0000 O   0  0  0  0  0  0  0  0  0  0  0  0
   11.5444  -10.8261    0.0000 C   0  0  0  0  0  0  0  0  0  0  0  0
   10.8299  -11.2386    0.0000 C   0  0  0  0  0  0  0  0  0  0  0  0
   10.1154  -10.8261    0.0000 C   0  0  0  0  0  0  0  0  0  0  0  0
    9.4010  -11.2386    0.0000 C   0  0  0  0  0  0  0  0  0  0  0  0
    8.6865  -10.8261    0.0000 C   0  0  0  0  0  0  0  0  0  0  0  0
    7.9720  -11.2386    0.0000 C   0  0  0  0  0  0  0  0  0  0  0  0
    7.2575  -10.8261    0.0000 O   0  0  0  0  0  0  0  0  0  0  0  0
    7.9720  -12.0636    0.0000 O   0  0  0  0  0  0  0  0  0  0  0  0
   16.5457  -10.4136    0.0000 H   0  0  0  0  0  0  0  0  0  0  0  0
   17.2601   -9.1761    0.0000 H   0  0  0  0  0  0  0  0  0  0  0  0
  1  2  1  0  0  0  0
  2  3  1  0  0  0  0
  3  4  1  0  0  0  0
  4  5  1  0  0  0  0
  5  6  1  0  0  0  0
  6  1  1  0  0  0  0
  4  7  1  0  0  0  0
  7  8  1  0  0  0  0
  8  9  1  0  0  0  0
  9 10  1  0  0  0  0
 10  5  1  0  0  0  0
  9 11  1  0  0  0  0
 11 12  1  0  0  0  0
 12 13  1  0  0  0  0
 13 14  1  0  0  0  0
 14 10  1  0  0  0  0
 11 15  1  0  0  0  0
 15 16  1  0  0  0  0
 16 17  1  0  0  0  0
 17 12  1  0  0  0  0
 17 18  1  1  0  0  0
 18 19  1  0  0  0  0
 18 20  2  0  0  0  0
 19 21  2  0  0  0  0
 20 22  1  0  0  0  0
 21 23  1  0  0  0  0
 22 23  1  0  0  0  0
 23 24  2  0  0  0  0
  2 25  1  1  0  0  0
  5 26  1  1  0  0  0
  4 27  1  1  0  0  0
 13 28  1  1  0  0  0
 12 29  1  1  0  0  0
 16 30  1  1  0  0  0
 11 31  1  1  0  0  0
 15 31  1  1  0  0  0
 25 32  1  0  0  0  0
 32 33  1  0  0  0  0
 32 34  2  0  0  0  0
 33 35  1  0  0  0  0
 35 36  1  0  0  0  0
 36 37  1  0  0  0  0
 37 38  1  0  0  0  0
 38 39  1  0  0  0  0
 39 40  1  0  0  0  0
 40 41  1  0  0  0  0
 40 42  2  0  0  0  0
 10 43  1  6  0  0  0
  9 44  1  1  0  0  0
M  END
>  <cdx:fragmentId>
206

$$$$
",102093784,C32H44O7,540.697,540.308703757,5.408,102.43,83,5,1,10,1,3,0.24294023831202152,Y
37,WNMNOTRKSZQFML-NDESRDLBSA-N,"1S/C34H46O9/c1-20(35)41-30-29(21-10-13-27(38)40-19-21)33(3)17-15-24-25(34(33)31(30)43-34)12-11-22-18-23(14-16-32(22,24)2)42-28(39)9-7-5-4-6-8-26(36)37/h10,13,19,22-25,29-31H,4-9,11-12,14-18H2,1-3H3,(H,36,37)/t22-,23+,24+,25-,29+,30-,31-,32+,33-,34-/m1/s1",CC(=O)O[C@H]1[C@H]2O[C@]22[C@@H]3CC[C@@H]4C[C@H](CC[C@]4(C)[C@H]3CC[C@]2(C)[C@H]1c1ccc(=O)oc1)OC(=O)CCCCCCC(O)=O,"37.cdx
  Mrv1902 06152611072D          

 47 52  0  0  0  0            999 V2000
   14.3954   -9.5474    0.0000 C   0  0  0  0  0  0  0  0  0  0  0  0
   14.3954  -10.3724    0.0000 C   0  0  1  0  0  0  0  0  0  0  0  0
   15.1099  -10.7849    0.0000 C   0  0  0  0  0  0  0  0  0  0  0  0
   15.8243  -10.3724    0.0000 C   0  0  2  0  0  0  0  0  0  0  0  0
   15.8243   -9.5474    0.0000 C   0  0  2  0  0  0  0  0  0  0  0  0
   15.1099   -9.1349    0.0000 C   0  0  0  0  0  0  0  0  0  0  0  0
   16.5388  -10.7849    0.0000 C   0  0  0  0  0  0  0  0  0  0  0  0
   17.2533  -10.3724    0.0000 C   0  0  0  0  0  0  0  0  0  0  0  0
   17.2533   -9.5474    0.0000 C   0  0  2  0  0  0  0  0  0  0  0  0
   16.5388   -9.1349    0.0000 C   0  0  2  0  0  0  0  0  0  0  0  0
   17.9677   -9.1349    0.0000 C   0  0  2  0  0  0  0  0  0  0  0  0
   17.9677   -8.3099    0.0000 C   0  0  2  0  0  0  0  0  0  0  0  0
   17.2533   -7.8974    0.0000 C   0  0  2  0  0  0  0  0  0  0  0  0
   16.5388   -8.3099    0.0000 C   0  0  0  0  0  0  0  0  0  0  0  0
   18.7524   -9.3898    0.0000 C   0  0  1  0  0  0  0  0  0  0  0  0
   19.2373   -8.7224    0.0000 C   0  0  1  0  0  0  0  0  0  0  0  0
   18.7524   -8.0550    0.0000 C   0  0  2  0  0  0  0  0  0  0  0  0
   19.0073   -7.2703    0.0000 C   0  0  0  0  0  0  0  0  0  0  0  0
   19.8143   -7.0988    0.0000 C   0  0  0  0  0  0  0  0  0  0  0  0
   18.4553   -6.6572    0.0000 C   0  0  0  0  0  0  0  0  0  0  0  0
   20.0692   -6.3142    0.0000 C   0  0  0  0  0  0  0  0  0  0  0  0
   18.7102   -5.8726    0.0000 O   0  0  0  0  0  0  0  0  0  0  0  0
   19.5172   -5.7011    0.0000 C   0  0  0  0  0  0  0  0  0  0  0  0
   19.7721   -4.9165    0.0000 O   0  0  0  0  0  0  0  0  0  0  0  0
   13.6809  -10.7849    0.0000 O   0  0  0  0  0  0  0  0  0  0  0  0
   15.8243   -8.7224    0.0000 C   0  0  0  0  0  0  0  0  0  0  0  0
   15.8243  -11.1974    0.0000 H   0  0  0  0  0  0  0  0  0  0  0  0
   18.0540   -7.4894    0.0000 C   0  0  0  0  0  0  0  0  0  0  0  0
   20.0623   -8.7224    0.0000 O   0  0  0  0  0  0  0  0  0  0  0  0
   18.0540   -9.9554    0.0000 O   0  0  0  0  0  0  0  0  0  0  0  0
   12.9664  -10.3724    0.0000 C   0  0  0  0  0  0  0  0  0  0  0  0
   12.2520  -10.7849    0.0000 C   0  0  0  0  0  0  0  0  0  0  0  0
   12.9664   -9.5474    0.0000 O   0  0  0  0  0  0  0  0  0  0  0  0
   11.5375  -10.3724    0.0000 C   0  0  0  0  0  0  0  0  0  0  0  0
   10.8241  -10.7849    0.0000 C   0  0  0  0  0  0  0  0  0  0  0  0
   10.1096  -10.3724    0.0000 C   0  0  0  0  0  0  0  0  0  0  0  0
   20.4748   -9.4369    0.0000 C   0  0  0  0  0  0  0  0  0  0  0  0
   20.0623  -10.1513    0.0000 O   0  0  0  0  0  0  0  0  0  0  0  0
   21.2998   -9.4369    0.0000 C   0  0  0  0  0  0  0  0  0  0  0  0
   17.2533   -7.0724    0.0000 H   0  0  0  0  0  0  0  0  0  0  0  0
    9.3951  -10.7849    0.0000 C   0  0  0  0  0  0  0  0  0  0  0  0
    8.6807  -10.3724    0.0000 C   0  0  0  0  0  0  0  0  0  0  0  0
    7.9662  -10.7849    0.0000 C   0  0  0  0  0  0  0  0  0  0  0  0
    7.2517  -10.3724    0.0000 O   0  0  0  0  0  0  0  0  0  0  0  0
    7.9662  -11.6099    0.0000 O   0  0  0  0  0  0  0  0  0  0  0  0
   16.5388   -9.9599    0.0000 H   0  0  0  0  0  0  0  0  0  0  0  0
   17.2533   -8.7224    0.0000 H   0  0  0  0  0  0  0  0  0  0  0  0
  1  2  1  0  0  0  0
  2  3  1  0  0  0  0
  3  4  1  0  0  0  0
  4  5  1  0  0  0  0
  5  6  1  0  0  0  0
  6  1  1  0  0  0  0
  4  7  1  0  0  0  0
  7  8  1  0  0  0  0
  8  9  1  0  0  0  0
  9 10  1  0  0  0  0
 10  5  1  0  0  0  0
  9 11  1  0  0  0  0
 11 12  1  0  0  0  0
 12 13  1  0  0  0  0
 13 14  1  0  0  0  0
 14 10  1  0  0  0  0
 11 15  1  0  0  0  0
 15 16  1  0  0  0  0
 16 17  1  0  0  0  0
 17 12  1  0  0  0  0
 17 18  1  1  0  0  0
 18 19  1  0  0  0  0
 18 20  2  0  0  0  0
 19 21  2  0  0  0  0
 20 22  1  0  0  0  0
 21 23  1  0  0  0  0
 22 23  1  0  0  0  0
 23 24  2  0  0  0  0
  2 25  1  1  0  0  0
  5 26  1  1  0  0  0
  4 27  1  1  0  0  0
 12 28  1  1  0  0  0
 16 29  1  1  0  0  0
 11 30  1  1  0  0  0
 25 31  1  0  0  0  0
 31 32  1  0  0  0  0
 31 33  2  0  0  0  0
 32 34  1  0  0  0  0
 35 36  1  0  0  0  0
 29 37  1  0  0  0  0
 37 38  2  0  0  0  0
 37 39  1  0  0  0  0
 15 30  1  1  0  0  0
 13 40  1  1  0  0  0
 34 35  1  0  0  0  0
 36 41  1  0  0  0  0
 41 42  1  0  0  0  0
 42 43  1  0  0  0  0
 43 44  1  0  0  0  0
 43 45  2  0  0  0  0
 10 46  1  6  0  0  0
  9 47  1  1  0  0  0
M  END
>  <cdx:fragmentId>
5

$$$$
",70697081,C34H46O9,598.733,598.314183061,4.852,128.73,89,6,1,12,1,3,0.20807560337015701,N
38,PRMSQJQRXAFMHG-JUFMYRFISA-N,"1S/C38H56N4O8/c1-36-17-15-25(49-33(45)10-6-4-3-5-9-31(43)42-29(34(46)47)8-7-19-41-35(39)40)20-24(36)12-13-27-26(36)16-18-37(2)28(21-30-38(27,37)50-30)23-11-14-32(44)48-22-23/h11,14,22,24-30H,3-10,12-13,15-21H2,1-2H3,(H,42,43)(H,46,47)(H4,39,40,41)/t24-,25+,26+,27-,28-,29+,30-,36+,37-,38-/m1/s1",C[C@]12CC[C@H]3[C@@H](CC[C@@H]4C[C@H](CC[C@]34C)OC(=O)CCCCCCC(=O)N[C@@H](CCCN=C(N)N)C(O)=O)[C@]11O[C@@H]1C[C@@H]2c1ccc(=O)oc1,"38.cdx
  Mrv1902 06152610492D          

 55 60  0  0  0  0            999 V2000
   14.4023  -10.0011    0.0000 C   0  0  0  0  0  0  0  0  0  0  0  0
   14.4023  -10.8261    0.0000 C   0  0  1  0  0  0  0  0  0  0  0  0
   15.1167  -11.2386    0.0000 C   0  0  0  0  0  0  0  0  0  0  0  0
   15.8312  -10.8261    0.0000 C   0  0  2  0  0  0  0  0  0  0  0  0
   15.8312  -10.0011    0.0000 C   0  0  2  0  0  0  0  0  0  0  0  0
   15.1167   -9.5886    0.0000 C   0  0  0  0  0  0  0  0  0  0  0  0
   16.5457  -11.2386    0.0000 C   0  0  0  0  0  0  0  0  0  0  0  0
   17.2601  -10.8261    0.0000 C   0  0  0  0  0  0  0  0  0  0  0  0
   17.2601  -10.0011    0.0000 C   0  0  2  0  0  0  0  0  0  0  0  0
   16.5457   -9.5886    0.0000 C   0  0  2  0  0  0  0  0  0  0  0  0
   17.9746   -9.5886    0.0000 C   0  0  2  0  0  0  0  0  0  0  0  0
   17.9746   -8.7636    0.0000 C   0  0  2  0  0  0  0  0  0  0  0  0
   17.2601   -8.3511    0.0000 C   0  0  2  0  0  0  0  0  0  0  0  0
   16.5457   -8.7636    0.0000 C   0  0  0  0  0  0  0  0  0  0  0  0
   18.7592   -9.8436    0.0000 C   0  0  1  0  0  0  0  0  0  0  0  0
   19.2442   -9.1761    0.0000 C   0  0  2  0  0  0  0  0  0  0  0  0
   18.7592   -8.5087    0.0000 C   0  0  2  0  0  0  0  0  0  0  0  0
   19.0142   -7.7241    0.0000 C   0  0  0  0  0  0  0  0  0  0  0  0
   19.8211   -7.5526    0.0000 C   0  0  0  0  0  0  0  0  0  0  0  0
   18.4621   -7.1110    0.0000 C   0  0  0  0  0  0  0  0  0  0  0  0
   20.0761   -6.7679    0.0000 C   0  0  0  0  0  0  0  0  0  0  0  0
   18.7171   -6.3264    0.0000 O   0  0  0  0  0  0  0  0  0  0  0  0
   19.5240   -6.1548    0.0000 C   0  0  0  0  0  0  0  0  0  0  0  0
   19.7790   -5.3702    0.0000 O   0  0  0  0  0  0  0  0  0  0  0  0
   13.6878  -11.2386    0.0000 O   0  0  0  0  0  0  0  0  0  0  0  0
   15.8312   -9.1761    0.0000 C   0  0  0  0  0  0  0  0  0  0  0  0
   15.8312  -11.6511    0.0000 H   0  0  0  0  0  0  0  0  0  0  0  0
   17.2601   -7.5261    0.0000 H   0  0  0  0  0  0  0  0  0  0  0  0
   18.0608   -7.9432    0.0000 C   0  0  0  0  0  0  0  0  0  0  0  0
   20.0692   -9.1761    0.0000 H   0  0  0  0  0  0  0  0  0  0  0  0
   18.0608  -10.4091    0.0000 O   0  0  0  0  0  0  0  0  0  0  0  0
   12.9733  -10.8261    0.0000 C   0  0  0  0  0  0  0  0  0  0  0  0
   12.2588  -11.2386    0.0000 C   0  0  0  0  0  0  0  0  0  0  0  0
   12.9733  -10.0011    0.0000 O   0  0  0  0  0  0  0  0  0  0  0  0
    8.6844  -10.8261    0.0000 C   0  0  0  0  0  0  0  0  0  0  0  0
    7.9699  -11.2386    0.0000 C   0  0  0  0  0  0  0  0  0  0  0  0
    7.2554  -10.8261    0.0000 N   0  0  0  0  0  0  0  0  0  0  0  0
    7.9699  -12.0636    0.0000 O   0  0  0  0  0  0  0  0  0  0  0  0
    6.5410  -11.2386    0.0000 C   0  0  2  0  0  0  0  0  0  0  0  0
    5.8265  -10.8261    0.0000 C   0  0  0  0  0  0  0  0  0  0  0  0
    5.1120  -11.2386    0.0000 O   0  0  0  0  0  0  0  0  0  0  0  0
    5.8265  -10.0011    0.0000 O   0  0  0  0  0  0  0  0  0  0  0  0
    6.5410  -12.0636    0.0000 C   0  0  0  0  0  0  0  0  0  0  0  0
    5.8265  -12.4761    0.0000 C   0  0  0  0  0  0  0  0  0  0  0  0
    5.8265  -13.3011    0.0000 C   0  0  0  0  0  0  0  0  0  0  0  0
    5.1120  -13.7136    0.0000 N   0  0  0  0  0  0  0  0  0  0  0  0
    5.1120  -14.5386    0.0000 C   0  0  0  0  0  0  0  0  0  0  0  0
    5.8265  -14.9511    0.0000 N   0  0  0  0  0  0  0  0  0  0  0  0
    4.3975  -14.9511    0.0000 N   0  0  0  0  0  0  0  0  0  0  0  0
   11.5444  -10.8261    0.0000 C   0  0  0  0  0  0  0  0  0  0  0  0
   10.8299  -11.2386    0.0000 C   0  0  0  0  0  0  0  0  0  0  0  0
   10.1154  -10.8261    0.0000 C   0  0  0  0  0  0  0  0  0  0  0  0
    9.4010  -11.2386    0.0000 C   0  0  0  0  0  0  0  0  0  0  0  0
   16.5457  -10.4136    0.0000 H   0  0  0  0  0  0  0  0  0  0  0  0
   17.2601   -9.1761    0.0000 H   0  0  0  0  0  0  0  0  0  0  0  0
  1  2  1  0  0  0  0
  2  3  1  0  0  0  0
  3  4  1  0  0  0  0
  4  5  1  0  0  0  0
  5  6  1  0  0  0  0
  6  1  1  0  0  0  0
  4  7  1  0  0  0  0
  7  8  1  0  0  0  0
  8  9  1  0  0  0  0
  9 10  1  0  0  0  0
 10  5  1  0  0  0  0
  9 11  1  0  0  0  0
 11 12  1  0  0  0  0
 12 13  1  0  0  0  0
 13 14  1  0  0  0  0
 14 10  1  0  0  0  0
 11 15  1  0  0  0  0
 15 16  1  0  0  0  0
 16 17  1  0  0  0  0
 17 12  1  0  0  0  0
 17 18  1  1  0  0  0
 18 19  1  0  0  0  0
 18 20  2  0  0  0  0
 19 21  2  0  0  0  0
 20 22  1  0  0  0  0
 21 23  1  0  0  0  0
 22 23  1  0  0  0  0
 23 24  2  0  0  0  0
  2 25  1  1  0  0  0
  5 26  1  1  0  0  0
  4 27  1  1  0  0  0
 13 28  1  1  0  0  0
 12 29  1  1  0  0  0
 16 30  1  1  0  0  0
 11 31  1  1  0  0  0
 15 31  1  1  0  0  0
 25 32  1  0  0  0  0
 32 33  1  0  0  0  0
 32 34  2  0  0  0  0
 35 36  1  0  0  0  0
 36 37  1  0  0  0  0
 36 38  2  0  0  0  0
 39 37  1  1  0  0  0
 39 40  1  0  0  0  0
 40 41  1  0  0  0  0
 40 42  2  0  0  0  0
 39 43  1  0  0  0  0
 43 44  1  0  0  0  0
 44 45  1  0  0  0  0
 45 46  1  0  0  0  0
 46 47  2  0  0  0  0
 47 48  1  0  0  0  0
 47 49  1  0  0  0  0
 33 50  1  0  0  0  0
 50 51  1  0  0  0  0
 51 52  1  0  0  0  0
 52 53  1  0  0  0  0
 35 53  1  0  0  0  0
 10 54  1  6  0  0  0
  9 55  1  1  0  0  0
M  END
>  <cdx:fragmentId>
206

$$$$
",101307888,C38H56N4O8,696.886,696.409814779,2.262,195.93,106,9,4,16,1,5,0.06591036779304142,N
39,VBCVEPKUYJXQNV-IPAVRDLMSA-N,"1S/C40H58N4O10/c1-23(45)52-34-33(24-12-15-31(47)51-22-24)39(3)19-17-27-28(40(39)35(34)54-40)14-13-25-21-26(16-18-38(25,27)2)53-32(48)11-7-5-4-6-10-30(46)44-29(36(49)50)9-8-20-43-37(41)42/h12,15,22,25-29,33-35H,4-11,13-14,16-21H2,1-3H3,(H,44,46)(H,49,50)(H4,41,42,43)/t25-,26+,27+,28-,29+,33+,34-,35-,38+,39-,40-/m1/s1",CC(=O)O[C@H]1[C@H]2O[C@]22[C@@H]3CC[C@@H]4C[C@H](CC[C@]4(C)[C@H]3CC[C@]2(C)[C@H]1c1ccc(=O)oc1)OC(=O)CCCCCCC(=O)N[C@@H](CCCN=C(N)N)C(O)=O,"39.cdx
  Mrv1902 06152610482D          

 58 63  0  0  0  0            999 V2000
   14.3954   -9.5474    0.0000 C   0  0  0  0  0  0  0  0  0  0  0  0
   14.3954  -10.3724    0.0000 C   0  0  1  0  0  0  0  0  0  0  0  0
   15.1099  -10.7849    0.0000 C   0  0  0  0  0  0  0  0  0  0  0  0
   15.8243  -10.3724    0.0000 C   0  0  2  0  0  0  0  0  0  0  0  0
   15.8243   -9.5474    0.0000 C   0  0  2  0  0  0  0  0  0  0  0  0
   15.1099   -9.1349    0.0000 C   0  0  0  0  0  0  0  0  0  0  0  0
   16.5388  -10.7849    0.0000 C   0  0  0  0  0  0  0  0  0  0  0  0
   17.2533  -10.3724    0.0000 C   0  0  0  0  0  0  0  0  0  0  0  0
   17.2533   -9.5474    0.0000 C   0  0  2  0  0  0  0  0  0  0  0  0
   16.5388   -9.1349    0.0000 C   0  0  2  0  0  0  0  0  0  0  0  0
   17.9677   -9.1349    0.0000 C   0  0  2  0  0  0  0  0  0  0  0  0
   17.9677   -8.3099    0.0000 C   0  0  2  0  0  0  0  0  0  0  0  0
   17.2533   -7.8974    0.0000 C   0  0  2  0  0  0  0  0  0  0  0  0
   16.5388   -8.3099    0.0000 C   0  0  0  0  0  0  0  0  0  0  0  0
   18.7524   -9.3898    0.0000 C   0  0  1  0  0  0  0  0  0  0  0  0
   19.2373   -8.7224    0.0000 C   0  0  1  0  0  0  0  0  0  0  0  0
   18.7524   -8.0550    0.0000 C   0  0  2  0  0  0  0  0  0  0  0  0
   19.0073   -7.2703    0.0000 C   0  0  0  0  0  0  0  0  0  0  0  0
   19.8143   -7.0988    0.0000 C   0  0  0  0  0  0  0  0  0  0  0  0
   18.4553   -6.6572    0.0000 C   0  0  0  0  0  0  0  0  0  0  0  0
   20.0692   -6.3142    0.0000 C   0  0  0  0  0  0  0  0  0  0  0  0
   18.7102   -5.8726    0.0000 O   0  0  0  0  0  0  0  0  0  0  0  0
   19.5172   -5.7011    0.0000 C   0  0  0  0  0  0  0  0  0  0  0  0
   19.7721   -4.9165    0.0000 O   0  0  0  0  0  0  0  0  0  0  0  0
   13.6809  -10.7849    0.0000 O   0  0  0  0  0  0  0  0  0  0  0  0
   15.8243   -8.7224    0.0000 C   0  0  0  0  0  0  0  0  0  0  0  0
   15.8243  -11.1974    0.0000 H   0  0  0  0  0  0  0  0  0  0  0  0
   18.0540   -7.4894    0.0000 C   0  0  0  0  0  0  0  0  0  0  0  0
   20.0623   -8.7224    0.0000 O   0  0  0  0  0  0  0  0  0  0  0  0
   18.0540   -9.9554    0.0000 O   0  0  0  0  0  0  0  0  0  0  0  0
   12.9664  -10.3724    0.0000 C   0  0  0  0  0  0  0  0  0  0  0  0
   12.2520  -10.7849    0.0000 C   0  0  0  0  0  0  0  0  0  0  0  0
   12.9664   -9.5474    0.0000 O   0  0  0  0  0  0  0  0  0  0  0  0
   11.5375  -10.3724    0.0000 C   0  0  0  0  0  0  0  0  0  0  0  0
   10.8230  -10.7849    0.0000 C   0  0  0  0  0  0  0  0  0  0  0  0
    8.6511  -10.3724    0.0000 C   0  0  0  0  0  0  0  0  0  0  0  0
    7.9366  -10.7849    0.0000 C   0  0  0  0  0  0  0  0  0  0  0  0
    7.2221  -10.3724    0.0000 N   0  0  0  0  0  0  0  0  0  0  0  0
    7.9366  -11.6099    0.0000 O   0  0  0  0  0  0  0  0  0  0  0  0
    6.5076  -10.7849    0.0000 C   0  0  2  0  0  0  0  0  0  0  0  0
    5.7932  -10.3724    0.0000 C   0  0  0  0  0  0  0  0  0  0  0  0
    5.0787  -10.7849    0.0000 O   0  0  0  0  0  0  0  0  0  0  0  0
    5.7932   -9.5474    0.0000 O   0  0  0  0  0  0  0  0  0  0  0  0
    6.5076  -11.6099    0.0000 C   0  0  0  0  0  0  0  0  0  0  0  0
    5.7932  -12.0224    0.0000 C   0  0  0  0  0  0  0  0  0  0  0  0
    5.7932  -12.8474    0.0000 C   0  0  0  0  0  0  0  0  0  0  0  0
    5.0787  -13.2599    0.0000 N   0  0  0  0  0  0  0  0  0  0  0  0
    5.0787  -14.0849    0.0000 C   0  0  0  0  0  0  0  0  0  0  0  0
    5.7932  -14.4974    0.0000 N   0  0  0  0  0  0  0  0  0  0  0  0
    4.3642  -14.4974    0.0000 N   0  0  0  0  0  0  0  0  0  0  0  0
   20.4748   -9.4369    0.0000 C   0  0  0  0  0  0  0  0  0  0  0  0
   20.0623  -10.1513    0.0000 O   0  0  0  0  0  0  0  0  0  0  0  0
   21.2998   -9.4369    0.0000 C   0  0  0  0  0  0  0  0  0  0  0  0
   17.2533   -7.0724    0.0000 H   0  0  0  0  0  0  0  0  0  0  0  0
   10.1086  -10.3724    0.0000 C   0  0  0  0  0  0  0  0  0  0  0  0
    9.3941  -10.7849    0.0000 C   0  0  0  0  0  0  0  0  0  0  0  0
   16.5388   -9.9599    0.0000 H   0  0  0  0  0  0  0  0  0  0  0  0
   17.2533   -8.7224    0.0000 H   0  0  0  0  0  0  0  0  0  0  0  0
  1  2  1  0  0  0  0
  2  3  1  0  0  0  0
  3  4  1  0  0  0  0
  4  5  1  0  0  0  0
  5  6  1  0  0  0  0
  6  1  1  0  0  0  0
  4  7  1  0  0  0  0
  7  8  1  0  0  0  0
  8  9  1  0  0  0  0
  9 10  1  0  0  0  0
 10  5  1  0  0  0  0
  9 11  1  0  0  0  0
 11 12  1  0  0  0  0
 12 13  1  0  0  0  0
 13 14  1  0  0  0  0
 14 10  1  0  0  0  0
 11 15  1  0  0  0  0
 15 16  1  0  0  0  0
 16 17  1  0  0  0  0
 17 12  1  0  0  0  0
 17 18  1  1  0  0  0
 18 19  1  0  0  0  0
 18 20  2  0  0  0  0
 19 21  2  0  0  0  0
 20 22  1  0  0  0  0
 21 23  1  0  0  0  0
 22 23  1  0  0  0  0
 23 24  2  0  0  0  0
  2 25  1  1  0  0  0
  5 26  1  1  0  0  0
  4 27  1  1  0  0  0
 12 28  1  1  0  0  0
 16 29  1  1  0  0  0
 11 30  1  1  0  0  0
 25 31  1  0  0  0  0
 31 32  1  0  0  0  0
 31 33  2  0  0  0  0
 32 34  1  0  0  0  0
 34 35  1  0  0  0  0
 36 37  1  0  0  0  0
 37 38  1  0  0  0  0
 37 39  2  0  0  0  0
 40 38  1  1  0  0  0
 40 41  1  0  0  0  0
 41 42  1  0  0  0  0
 41 43  2  0  0  0  0
 40 44  1  0  0  0  0
 44 45  1  0  0  0  0
 45 46  1  0  0  0  0
 46 47  1  0  0  0  0
 47 48  2  0  0  0  0
 48 49  1  0  0  0  0
 48 50  1  0  0  0  0
 29 51  1  0  0  0  0
 51 52  2  0  0  0  0
 51 53  1  0  0  0  0
 15 30  1  1  0  0  0
 13 54  1  1  0  0  0
 35 55  1  0  0  0  0
 55 56  1  0  0  0  0
 36 56  1  0  0  0  0
 10 57  1  6  0  0  0
  9 58  1  1  0  0  0
M  END
>  <cdx:fragmentId>
5

$$$$
",102003563,C40H58N4O10,754.922,754.415294084,1.706,222.23,112,10,4,18,1,5,0.055856194329095325,N
40,MPUSWPUYXLIZNQ-AUEPTPBPSA-N,"1S/C40H58N4O11/c1-23(46)53-34-33(24-11-14-31(48)52-21-24)38(2)17-16-27-28(40(38)35(34)55-40)13-12-25-20-26(15-18-39(25,27)22-45)54-32(49)10-6-4-3-5-9-30(47)44-29(36(50)51)8-7-19-43-37(41)42/h11,14,21,25-29,33-35,45H,3-10,12-13,15-20,22H2,1-2H3,(H,44,47)(H,50,51)(H4,41,42,43)/t25-,26+,27+,28-,29+,33+,34-,35-,38-,39-,40-/m1/s1",CC(=O)O[C@H]1[C@H]2O[C@]22[C@@H]3CC[C@@H]4C[C@H](CC[C@]4(CO)[C@H]3CC[C@]2(C)[C@H]1c1ccc(=O)oc1)OC(=O)CCCCCCC(=O)N[C@@H](CCCN=C(N)N)C(O)=O,"40.cdx
  Mrv1902 06152611022D          

 59 64  0  0  0  0            999 V2000
   14.3954   -9.5474    0.0000 C   0  0  0  0  0  0  0  0  0  0  0  0
   14.3954  -10.3724    0.0000 C   0  0  1  0  0  0  0  0  0  0  0  0
   15.1099  -10.7849    0.0000 C   0  0  0  0  0  0  0  0  0  0  0  0
   15.8243  -10.3724    0.0000 C   0  0  2  0  0  0  0  0  0  0  0  0
   15.8243   -9.5474    0.0000 C   0  0  2  0  0  0  0  0  0  0  0  0
   15.1099   -9.1349    0.0000 C   0  0  0  0  0  0  0  0  0  0  0  0
   16.5388  -10.7849    0.0000 C   0  0  0  0  0  0  0  0  0  0  0  0
   17.2533  -10.3724    0.0000 C   0  0  0  0  0  0  0  0  0  0  0  0
   17.2533   -9.5474    0.0000 C   0  0  2  0  0  0  0  0  0  0  0  0
   16.5388   -9.1349    0.0000 C   0  0  2  0  0  0  0  0  0  0  0  0
   17.9677   -9.1349    0.0000 C   0  0  2  0  0  0  0  0  0  0  0  0
   17.9677   -8.3099    0.0000 C   0  0  2  0  0  0  0  0  0  0  0  0
   17.2533   -7.8974    0.0000 C   0  0  2  0  0  0  0  0  0  0  0  0
   16.5388   -8.3099    0.0000 C   0  0  0  0  0  0  0  0  0  0  0  0
   18.7524   -9.3898    0.0000 C   0  0  1  0  0  0  0  0  0  0  0  0
   19.2373   -8.7224    0.0000 C   0  0  1  0  0  0  0  0  0  0  0  0
   18.7524   -8.0550    0.0000 C   0  0  2  0  0  0  0  0  0  0  0  0
   19.0073   -7.2703    0.0000 C   0  0  0  0  0  0  0  0  0  0  0  0
   19.8143   -7.0988    0.0000 C   0  0  0  0  0  0  0  0  0  0  0  0
   18.4553   -6.6572    0.0000 C   0  0  0  0  0  0  0  0  0  0  0  0
   20.0692   -6.3142    0.0000 C   0  0  0  0  0  0  0  0  0  0  0  0
   18.7102   -5.8726    0.0000 O   0  0  0  0  0  0  0  0  0  0  0  0
   19.5172   -5.7011    0.0000 C   0  0  0  0  0  0  0  0  0  0  0  0
   19.7721   -4.9165    0.0000 O   0  0  0  0  0  0  0  0  0  0  0  0
   13.6809  -10.7849    0.0000 O   0  0  0  0  0  0  0  0  0  0  0  0
   15.8243   -8.7224    0.0000 C   0  0  0  0  0  0  0  0  0  0  0  0
   15.8243  -11.1974    0.0000 H   0  0  0  0  0  0  0  0  0  0  0  0
   18.0540   -7.4894    0.0000 C   0  0  0  0  0  0  0  0  0  0  0  0
   20.0623   -8.7224    0.0000 O   0  0  0  0  0  0  0  0  0  0  0  0
   18.0540   -9.9554    0.0000 O   0  0  0  0  0  0  0  0  0  0  0  0
   12.9664  -10.3724    0.0000 C   0  0  0  0  0  0  0  0  0  0  0  0
   12.2520  -10.7849    0.0000 C   0  0  0  0  0  0  0  0  0  0  0  0
   12.9664   -9.5474    0.0000 O   0  0  0  0  0  0  0  0  0  0  0  0
   11.5375  -10.3724    0.0000 C   0  0  0  0  0  0  0  0  0  0  0  0
   10.8230  -10.7849    0.0000 C   0  0  0  0  0  0  0  0  0  0  0  0
    8.6511  -10.3724    0.0000 C   0  0  0  0  0  0  0  0  0  0  0  0
    7.9366  -10.7849    0.0000 C   0  0  0  0  0  0  0  0  0  0  0  0
    7.2221  -10.3724    0.0000 N   0  0  0  0  0  0  0  0  0  0  0  0
    7.9366  -11.6099    0.0000 O   0  0  0  0  0  0  0  0  0  0  0  0
    6.5076  -10.7849    0.0000 C   0  0  2  0  0  0  0  0  0  0  0  0
    5.7932  -10.3724    0.0000 C   0  0  0  0  0  0  0  0  0  0  0  0
    5.0787  -10.7849    0.0000 O   0  0  0  0  0  0  0  0  0  0  0  0
    5.7932   -9.5474    0.0000 O   0  0  0  0  0  0  0  0  0  0  0  0
    6.5076  -11.6099    0.0000 C   0  0  0  0  0  0  0  0  0  0  0  0
    5.7932  -12.0224    0.0000 C   0  0  0  0  0  0  0  0  0  0  0  0
    5.7932  -12.8474    0.0000 C   0  0  0  0  0  0  0  0  0  0  0  0
    5.0787  -13.2599    0.0000 N   0  0  0  0  0  0  0  0  0  0  0  0
    5.0787  -14.0849    0.0000 C   0  0  0  0  0  0  0  0  0  0  0  0
    5.7932  -14.4974    0.0000 N   0  0  0  0  0  0  0  0  0  0  0  0
    4.3642  -14.4974    0.0000 N   0  0  0  0  0  0  0  0  0  0  0  0
   20.4748   -9.4369    0.0000 C   0  0  0  0  0  0  0  0  0  0  0  0
   20.0623  -10.1513    0.0000 O   0  0  0  0  0  0  0  0  0  0  0  0
   21.2998   -9.4369    0.0000 C   0  0  0  0  0  0  0  0  0  0  0  0
   17.2533   -7.0724    0.0000 H   0  0  0  0  0  0  0  0  0  0  0  0
   10.1086  -10.3724    0.0000 C   0  0  0  0  0  0  0  0  0  0  0  0
    9.3941  -10.7849    0.0000 C   0  0  0  0  0  0  0  0  0  0  0  0
   15.1099   -8.3099    0.0000 O   0  0  0  0  0  0  0  0  0  0  0  0
   16.5388   -9.9599    0.0000 H   0  0  0  0  0  0  0  0  0  0  0  0
   17.2533   -8.7224    0.0000 H   0  0  0  0  0  0  0  0  0  0  0  0
  1  2  1  0  0  0  0
  2  3  1  0  0  0  0
  3  4  1  0  0  0  0
  4  5  1  0  0  0  0
  5  6  1  0  0  0  0
  6  1  1  0  0  0  0
  4  7  1  0  0  0  0
  7  8  1  0  0  0  0
  8  9  1  0  0  0  0
  9 10  1  0  0  0  0
 10  5  1  0  0  0  0
  9 11  1  0  0  0  0
 11 12  1  0  0  0  0
 12 13  1  0  0  0  0
 13 14  1  0  0  0  0
 14 10  1  0  0  0  0
 11 15  1  0  0  0  0
 15 16  1  0  0  0  0
 16 17  1  0  0  0  0
 17 12  1  0  0  0  0
 17 18  1  1  0  0  0
 18 19  1  0  0  0  0
 18 20  2  0  0  0  0
 19 21  2  0  0  0  0
 20 22  1  0  0  0  0
 21 23  1  0  0  0  0
 22 23  1  0  0  0  0
 23 24  2  0  0  0  0
  2 25  1  1  0  0  0
  5 26  1  1  0  0  0
  4 27  1  1  0  0  0
 12 28  1  1  0  0  0
 16 29  1  1  0  0  0
 11 30  1  1  0  0  0
 25 31  1  0  0  0  0
 31 32  1  0  0  0  0
 31 33  2  0  0  0  0
 32 34  1  0  0  0  0
 34 35  1  0  0  0  0
 36 37  1  0  0  0  0
 37 38  1  0  0  0  0
 37 39  2  0  0  0  0
 40 38  1  1  0  0  0
 40 41  1  0  0  0  0
 41 42  1  0  0  0  0
 41 43  2  0  0  0  0
 40 44  1  0  0  0  0
 44 45  1  0  0  0  0
 45 46  1  0  0  0  0
 46 47  1  0  0  0  0
 47 48  2  0  0  0  0
 48 49  1  0  0  0  0
 48 50  1  0  0  0  0
 29 51  1  0  0  0  0
 51 52  2  0  0  0  0
 51 53  1  0  0  0  0
 15 30  1  1  0  0  0
 13 54  1  1  0  0  0
 35 55  1  0  0  0  0
 55 56  1  0  0  0  0
 36 56  1  0  0  0  0
 26 57  1  0  0  0  0
 10 58  1  6  0  0  0
  9 59  1  1  0  0  0
M  END
>  <cdx:fragmentId>
5

$$$$
",177827232,C40H58N4O11,770.921,770.410208704,0.425,242.46,113,11,5,19,1,5,0.04247172741023145,N
41,GFIYACJTMPDWBI-QKUVUXRWSA-N,"1S/C40H56N4O12/c1-23(46)54-33-32(24-11-12-30(48)53-21-24)37(2)16-14-26-27(40(37)34(33)56-40)15-18-39(52)20-25(13-17-38(26,39)22-45)55-31(49)10-6-4-3-5-9-29(47)44-28(35(50)51)8-7-19-43-36(41)42/h11-12,21-22,25-28,32-34,52H,3-10,13-20H2,1-2H3,(H,44,47)(H,50,51)(H4,41,42,43)/t25-,26-,27+,28-,32-,33+,34+,37+,38-,39-,40+/m0/s1",CC(=O)O[C@H]1[C@H]2O[C@]22[C@@H]3CC[C@]4(O)C[C@H](CC[C@]4(C=O)[C@H]3CC[C@]2(C)[C@H]1c1ccc(=O)oc1)OC(=O)CCCCCCC(=O)N[C@@H](CCCN=C(N)N)C(O)=O,"41.cdx
  Mrv1902 06152611012D          

 59 64  0  0  0  0            999 V2000
   14.3748   -9.7536    0.0000 C   0  0  0  0  0  0  0  0  0  0  0  0
   14.3748  -10.5786    0.0000 C   0  0  1  0  0  0  0  0  0  0  0  0
   15.0892  -10.9911    0.0000 C   0  0  0  0  0  0  0  0  0  0  0  0
   15.8037  -10.5786    0.0000 C   0  0  2  0  0  0  0  0  0  0  0  0
   15.8037   -9.7536    0.0000 C   0  0  2  0  0  0  0  0  0  0  0  0
   15.0892   -9.3411    0.0000 C   0  0  0  0  0  0  0  0  0  0  0  0
   16.5182  -10.9911    0.0000 C   0  0  0  0  0  0  0  0  0  0  0  0
   17.2326  -10.5786    0.0000 C   0  0  0  0  0  0  0  0  0  0  0  0
   17.2326   -9.7536    0.0000 C   0  0  2  0  0  0  0  0  0  0  0  0
   16.5182   -9.3411    0.0000 C   0  0  2  0  0  0  0  0  0  0  0  0
   17.9471   -9.3411    0.0000 C   0  0  2  0  0  0  0  0  0  0  0  0
   17.9471   -8.5161    0.0000 C   0  0  2  0  0  0  0  0  0  0  0  0
   17.2326   -8.1036    0.0000 C   0  0  2  0  0  0  0  0  0  0  0  0
   16.5182   -8.5161    0.0000 C   0  0  0  0  0  0  0  0  0  0  0  0
   18.7317   -9.5961    0.0000 C   0  0  1  0  0  0  0  0  0  0  0  0
   19.2167   -8.9286    0.0000 C   0  0  1  0  0  0  0  0  0  0  0  0
   18.7317   -8.2612    0.0000 C   0  0  2  0  0  0  0  0  0  0  0  0
   18.9867   -7.4766    0.0000 C   0  0  0  0  0  0  0  0  0  0  0  0
   19.7936   -7.3051    0.0000 C   0  0  0  0  0  0  0  0  0  0  0  0
   18.4346   -6.8635    0.0000 C   0  0  0  0  0  0  0  0  0  0  0  0
   20.0486   -6.5204    0.0000 C   0  0  0  0  0  0  0  0  0  0  0  0
   18.6896   -6.0789    0.0000 O   0  0  0  0  0  0  0  0  0  0  0  0
   19.4965   -5.9073    0.0000 C   0  0  0  0  0  0  0  0  0  0  0  0
   19.7515   -5.1227    0.0000 O   0  0  0  0  0  0  0  0  0  0  0  0
   13.6603  -10.9911    0.0000 O   0  0  0  0  0  0  0  0  0  0  0  0
   15.8037   -8.9286    0.0000 C   0  0  0  0  0  0  0  0  0  0  0  0
   15.8037  -11.4036    0.0000 O   0  0  0  0  0  0  0  0  0  0  0  0
   17.2326   -7.2786    0.0000 H   0  0  0  0  0  0  0  0  0  0  0  0
   18.0333   -7.6957    0.0000 C   0  0  0  0  0  0  0  0  0  0  0  0
   20.0417   -8.9286    0.0000 O   0  0  0  0  0  0  0  0  0  0  0  0
   18.0333  -10.1616    0.0000 O   0  0  0  0  0  0  0  0  0  0  0  0
   20.4542   -9.6431    0.0000 C   0  0  0  0  0  0  0  0  0  0  0  0
   21.2792   -9.6431    0.0000 C   0  0  0  0  0  0  0  0  0  0  0  0
   20.0417  -10.3576    0.0000 O   0  0  0  0  0  0  0  0  0  0  0  0
   15.0892   -8.5161    0.0000 O   0  0  0  0  0  0  0  0  0  0  0  0
   12.9458  -10.5786    0.0000 C   0  0  0  0  0  0  0  0  0  0  0  0
   12.2313  -10.9911    0.0000 C   0  0  0  0  0  0  0  0  0  0  0  0
   12.9458   -9.7536    0.0000 O   0  0  0  0  0  0  0  0  0  0  0  0
   11.5169  -10.5786    0.0000 C   0  0  0  0  0  0  0  0  0  0  0  0
   10.8024  -10.9911    0.0000 C   0  0  0  0  0  0  0  0  0  0  0  0
   10.0879  -10.5786    0.0000 C   0  0  0  0  0  0  0  0  0  0  0  0
    7.9435  -10.9911    0.0000 C   0  0  0  0  0  0  0  0  0  0  0  0
    7.2290  -10.5786    0.0000 N   0  0  0  0  0  0  0  0  0  0  0  0
    7.9435  -11.8161    0.0000 O   0  0  0  0  0  0  0  0  0  0  0  0
    6.5145  -10.9911    0.0000 C   0  0  2  0  0  0  0  0  0  0  0  0
    5.8000  -10.5786    0.0000 C   0  0  0  0  0  0  0  0  0  0  0  0
    6.5145  -11.8161    0.0000 C   0  0  0  0  0  0  0  0  0  0  0  0
    5.0856  -10.9911    0.0000 O   0  0  0  0  0  0  0  0  0  0  0  0
    5.8000   -9.7536    0.0000 O   0  0  0  0  0  0  0  0  0  0  0  0
    5.8000  -12.2286    0.0000 C   0  0  0  0  0  0  0  0  0  0  0  0
    5.8000  -13.0536    0.0000 C   0  0  0  0  0  0  0  0  0  0  0  0
    5.0856  -13.4661    0.0000 N   0  0  0  0  0  0  0  0  0  0  0  0
    5.0856  -14.2911    0.0000 C   0  0  0  0  0  0  0  0  0  0  0  0
    4.3711  -14.7036    0.0000 N   0  0  0  0  0  0  0  0  0  0  0  0
    5.8000  -14.7036    0.0000 N   0  0  0  0  0  0  0  0  0  0  0  0
    9.3735  -10.9911    0.0000 C   0  0  0  0  0  0  0  0  0  0  0  0
    8.6590  -10.5786    0.0000 C   0  0  0  0  0  0  0  0  0  0  0  0
   16.5182  -10.1661    0.0000 H   0  0  0  0  0  0  0  0  0  0  0  0
   17.2326   -8.9286    0.0000 H   0  0  0  0  0  0  0  0  0  0  0  0
  1  2  1  0  0  0  0
  2  3  1  0  0  0  0
  3  4  1  0  0  0  0
  4  5  1  0  0  0  0
  5  6  1  0  0  0  0
  6  1  1  0  0  0  0
  4  7  1  0  0  0  0
  7  8  1  0  0  0  0
  8  9  1  0  0  0  0
  9 10  1  0  0  0  0
 10  5  1  0  0  0  0
  9 11  1  0  0  0  0
 11 12  1  0  0  0  0
 12 13  1  0  0  0  0
 13 14  1  0  0  0  0
 14 10  1  0  0  0  0
 11 15  1  0  0  0  0
 15 16  1  0  0  0  0
 16 17  1  0  0  0  0
 17 12  1  0  0  0  0
 17 18  1  1  0  0  0
 18 19  1  0  0  0  0
 18 20  2  0  0  0  0
 19 21  2  0  0  0  0
 20 22  1  0  0  0  0
 21 23  1  0  0  0  0
 22 23  1  0  0  0  0
 23 24  2  0  0  0  0
  2 25  1  1  0  0  0
  5 26  1  1  0  0  0
  4 27  1  1  0  0  0
 13 28  1  1  0  0  0
 12 29  1  1  0  0  0
 16 30  1  1  0  0  0
 11 31  1  1  0  0  0
 15 31  1  1  0  0  0
 30 32  1  0  0  0  0
 32 33  1  0  0  0  0
 32 34  2  0  0  0  0
 26 35  2  0  0  0  0
 25 36  1  0  0  0  0
 36 37  1  0  0  0  0
 36 38  2  0  0  0  0
 37 39  1  0  0  0  0
 39 40  1  0  0  0  0
 40 41  1  0  0  0  0
 42 43  1  0  0  0  0
 42 44  2  0  0  0  0
 45 43  1  1  0  0  0
 45 46  1  0  0  0  0
 45 47  1  0  0  0  0
 46 48  1  0  0  0  0
 46 49  2  0  0  0  0
 47 50  1  0  0  0  0
 50 51  1  0  0  0  0
 51 52  1  0  0  0  0
 52 53  2  0  0  0  0
 53 54  1  0  0  0  0
 53 55  1  0  0  0  0
 41 56  1  0  0  0  0
 56 57  1  0  0  0  0
 42 57  1  0  0  0  0
 10 58  1  6  0  0  0
  9 59  1  1  0  0  0
M  END
>  <cdx:fragmentId>
206

$$$$
",177827080,C40H56N4O12,784.904,784.389473259,-0.493,259.53,112,12,5,19,1,6,0.029741054632195806,N
42,GVKWWHOSBKEDHH-LLWQMYBFSA-N,"1S/C41H53N3O12/c1-24(46)54-35-34(25-10-11-32(48)53-21-25)38(2)15-13-28-29(41(38)36(35)56-41)14-17-40(52)19-27(12-16-39(28,40)22-45)55-33(49)9-7-5-4-6-8-31(47)43-30(37(50)51)18-26-20-42-23-44(26)3/h10-11,20-23,27-30,34-36,52H,4-9,12-19H2,1-3H3,(H,43,47)(H,50,51)/t27-,28-,29+,30-,34-,35+,36+,38+,39-,40-,41+/m0/s1",CC(=O)O[C@H]1[C@H]2O[C@]22[C@@H]3CC[C@]4(O)C[C@H](CC[C@]4(C=O)[C@H]3CC[C@]2(C)[C@H]1c1ccc(=O)oc1)OC(=O)CCCCCCC(=O)N[C@@H](Cc1cncn1C)C(O)=O,"42.cdx
  Mrv1902 06152611002D          

 59 65  0  0  0  0            999 V2000
   14.3748   -9.7536    0.0000 C   0  0  0  0  0  0  0  0  0  0  0  0
   14.3748  -10.5786    0.0000 C   0  0  1  0  0  0  0  0  0  0  0  0
   15.0892  -10.9911    0.0000 C   0  0  0  0  0  0  0  0  0  0  0  0
   15.8037  -10.5786    0.0000 C   0  0  2  0  0  0  0  0  0  0  0  0
   15.8037   -9.7536    0.0000 C   0  0  2  0  0  0  0  0  0  0  0  0
   15.0892   -9.3411    0.0000 C   0  0  0  0  0  0  0  0  0  0  0  0
   16.5182  -10.9911    0.0000 C   0  0  0  0  0  0  0  0  0  0  0  0
   17.2326  -10.5786    0.0000 C   0  0  0  0  0  0  0  0  0  0  0  0
   17.2326   -9.7536    0.0000 C   0  0  2  0  0  0  0  0  0  0  0  0
   16.5182   -9.3411    0.0000 C   0  0  2  0  0  0  0  0  0  0  0  0
   17.9471   -9.3411    0.0000 C   0  0  2  0  0  0  0  0  0  0  0  0
   17.9471   -8.5161    0.0000 C   0  0  2  0  0  0  0  0  0  0  0  0
   17.2326   -8.1036    0.0000 C   0  0  2  0  0  0  0  0  0  0  0  0
   16.5182   -8.5161    0.0000 C   0  0  0  0  0  0  0  0  0  0  0  0
   18.7317   -9.5961    0.0000 C   0  0  1  0  0  0  0  0  0  0  0  0
   19.2167   -8.9286    0.0000 C   0  0  1  0  0  0  0  0  0  0  0  0
   18.7317   -8.2612    0.0000 C   0  0  2  0  0  0  0  0  0  0  0  0
   18.9867   -7.4766    0.0000 C   0  0  0  0  0  0  0  0  0  0  0  0
   19.7936   -7.3051    0.0000 C   0  0  0  0  0  0  0  0  0  0  0  0
   18.4346   -6.8635    0.0000 C   0  0  0  0  0  0  0  0  0  0  0  0
   20.0486   -6.5204    0.0000 C   0  0  0  0  0  0  0  0  0  0  0  0
   18.6896   -6.0789    0.0000 O   0  0  0  0  0  0  0  0  0  0  0  0
   19.4965   -5.9073    0.0000 C   0  0  0  0  0  0  0  0  0  0  0  0
   19.7515   -5.1227    0.0000 O   0  0  0  0  0  0  0  0  0  0  0  0
   13.6603  -10.9911    0.0000 O   0  0  0  0  0  0  0  0  0  0  0  0
   15.8037   -8.9286    0.0000 C   0  0  0  0  0  0  0  0  0  0  0  0
   15.8037  -11.4036    0.0000 O   0  0  0  0  0  0  0  0  0  0  0  0
   17.2326   -7.2786    0.0000 H   0  0  0  0  0  0  0  0  0  0  0  0
   18.0333   -7.6957    0.0000 C   0  0  0  0  0  0  0  0  0  0  0  0
   20.0417   -8.9286    0.0000 O   0  0  0  0  0  0  0  0  0  0  0  0
   18.0333  -10.1616    0.0000 O   0  0  0  0  0  0  0  0  0  0  0  0
   20.4542   -9.6431    0.0000 C   0  0  0  0  0  0  0  0  0  0  0  0
   21.2792   -9.6431    0.0000 C   0  0  0  0  0  0  0  0  0  0  0  0
   20.0417  -10.3576    0.0000 O   0  0  0  0  0  0  0  0  0  0  0  0
   15.0892   -8.5161    0.0000 O   0  0  0  0  0  0  0  0  0  0  0  0
   12.9458  -10.5786    0.0000 C   0  0  0  0  0  0  0  0  0  0  0  0
   12.2313  -10.9911    0.0000 C   0  0  0  0  0  0  0  0  0  0  0  0
   12.9458   -9.7536    0.0000 O   0  0  0  0  0  0  0  0  0  0  0  0
   11.5169  -10.5786    0.0000 C   0  0  0  0  0  0  0  0  0  0  0  0
   10.8024  -10.9911    0.0000 C   0  0  0  0  0  0  0  0  0  0  0  0
   10.0879  -10.5786    0.0000 C   0  0  0  0  0  0  0  0  0  0  0  0
    7.9435  -10.9911    0.0000 C   0  0  0  0  0  0  0  0  0  0  0  0
    7.2290  -10.5786    0.0000 N   0  0  0  0  0  0  0  0  0  0  0  0
    7.9435  -11.8161    0.0000 O   0  0  0  0  0  0  0  0  0  0  0  0
    6.5145  -10.9911    0.0000 C   0  0  2  0  0  0  0  0  0  0  0  0
    5.8000  -10.5786    0.0000 C   0  0  0  0  0  0  0  0  0  0  0  0
    6.5145  -11.8161    0.0000 C   0  0  0  0  0  0  0  0  0  0  0  0
    5.0856  -10.9911    0.0000 O   0  0  0  0  0  0  0  0  0  0  0  0
    5.8000   -9.7536    0.0000 O   0  0  0  0  0  0  0  0  0  0  0  0
    5.8000  -12.2286    0.0000 C   0  0  0  0  0  0  0  0  0  0  0  0
    9.3735  -10.9911    0.0000 C   0  0  0  0  0  0  0  0  0  0  0  0
    8.6590  -10.5786    0.0000 C   0  0  0  0  0  0  0  0  0  0  0  0
    5.0464  -11.8931    0.0000 C   0  0  0  0  0  0  0  0  0  0  0  0
    4.4943  -12.5062    0.0000 N   0  0  0  0  0  0  0  0  0  0  0  0
    4.9068  -13.2206    0.0000 C   0  0  0  0  0  0  0  0  0  0  0  0
    5.7138  -13.0491    0.0000 N   0  0  0  0  0  0  0  0  0  0  0  0
    6.3269  -13.6012    0.0000 C   0  0  0  0  0  0  0  0  0  0  0  0
   16.5182  -10.1661    0.0000 H   0  0  0  0  0  0  0  0  0  0  0  0
   17.2326   -8.9286    0.0000 H   0  0  0  0  0  0  0  0  0  0  0  0
  1  2  1  0  0  0  0
  2  3  1  0  0  0  0
  3  4  1  0  0  0  0
  4  5  1  0  0  0  0
  5  6  1  0  0  0  0
  6  1  1  0  0  0  0
  4  7  1  0  0  0  0
  7  8  1  0  0  0  0
  8  9  1  0  0  0  0
  9 10  1  0  0  0  0
 10  5  1  0  0  0  0
  9 11  1  0  0  0  0
 11 12  1  0  0  0  0
 12 13  1  0  0  0  0
 13 14  1  0  0  0  0
 14 10  1  0  0  0  0
 11 15  1  0  0  0  0
 15 16  1  0  0  0  0
 16 17  1  0  0  0  0
 17 12  1  0  0  0  0
 17 18  1  1  0  0  0
 18 19  1  0  0  0  0
 18 20  2  0  0  0  0
 19 21  2  0  0  0  0
 20 22  1  0  0  0  0
 21 23  1  0  0  0  0
 22 23  1  0  0  0  0
 23 24  2  0  0  0  0
  2 25  1  1  0  0  0
  5 26  1  1  0  0  0
  4 27  1  1  0  0  0
 13 28  1  1  0  0  0
 12 29  1  1  0  0  0
 16 30  1  1  0  0  0
 11 31  1  1  0  0  0
 15 31  1  1  0  0  0
 30 32  1  0  0  0  0
 32 33  1  0  0  0  0
 32 34  2  0  0  0  0
 26 35  2  0  0  0  0
 25 36  1  0  0  0  0
 36 37  1  0  0  0  0
 36 38  2  0  0  0  0
 37 39  1  0  0  0  0
 39 40  1  0  0  0  0
 40 41  1  0  0  0  0
 42 43  1  0  0  0  0
 42 44  2  0  0  0  0
 45 43  1  1  0  0  0
 45 46  1  0  0  0  0
 45 47  1  0  0  0  0
 46 48  1  0  0  0  0
 46 49  2  0  0  0  0
 47 50  1  0  0  0  0
 41 51  1  0  0  0  0
 51 52  1  0  0  0  0
 42 52  1  0  0  0  0
 50 53  2  0  0  0  0
 53 54  1  0  0  0  0
 54 55  2  0  0  0  0
 55 56  1  0  0  0  0
 56 50  1  0  0  0  0
 56 57  1  0  0  0  0
 10 58  1  6  0  0  0
  9 59  1  1  0  0  0
M  END
>  <cdx:fragmentId>
206

$$$$
",177826761,C41H53N3O12,779.884,779.362924159,0.756,212.95,109,10,3,17,2,4,0.08877704117415086,N
43,ABUPJLCWEDMOCY-FXHKPIBQSA-N,"1S/C41H60N4O10/c1-24(46)53-35-34(25-13-16-32(48)52-23-25)40(3)20-18-28-29(41(40)36(35)55-41)15-14-26-22-27(17-19-39(26,28)2)54-33(49)12-8-6-4-5-7-11-31(47)45-30(37(50)51)10-9-21-44-38(42)43/h13,16,23,26-30,34-36H,4-12,14-15,17-22H2,1-3H3,(H,45,47)(H,50,51)(H4,42,43,44)/t26-,27+,28+,29-,30+,34+,35-,36-,39+,40-,41-/m1/s1",CC(=O)O[C@H]1[C@H]2O[C@]22[C@@H]3CC[C@@H]4C[C@H](CC[C@]4(C)[C@H]3CC[C@]2(C)[C@H]1c1ccc(=O)oc1)OC(=O)CCCCCCCC(=O)N[C@@H](CCCN=C(N)N)C(O)=O,"43.cdx
  Mrv1902 06152611012D          

 59 64  0  0  0  0            999 V2000
   14.3954   -9.5474    0.0000 C   0  0  0  0  0  0  0  0  0  0  0  0
   14.3954  -10.3724    0.0000 C   0  0  1  0  0  0  0  0  0  0  0  0
   15.1099  -10.7849    0.0000 C   0  0  0  0  0  0  0  0  0  0  0  0
   15.8243  -10.3724    0.0000 C   0  0  2  0  0  0  0  0  0  0  0  0
   15.8243   -9.5474    0.0000 C   0  0  2  0  0  0  0  0  0  0  0  0
   15.1099   -9.1349    0.0000 C   0  0  0  0  0  0  0  0  0  0  0  0
   16.5388  -10.7849    0.0000 C   0  0  0  0  0  0  0  0  0  0  0  0
   17.2533  -10.3724    0.0000 C   0  0  0  0  0  0  0  0  0  0  0  0
   17.2533   -9.5474    0.0000 C   0  0  2  0  0  0  0  0  0  0  0  0
   16.5388   -9.1349    0.0000 C   0  0  2  0  0  0  0  0  0  0  0  0
   17.9677   -9.1349    0.0000 C   0  0  2  0  0  0  0  0  0  0  0  0
   17.9677   -8.3099    0.0000 C   0  0  2  0  0  0  0  0  0  0  0  0
   17.2533   -7.8974    0.0000 C   0  0  2  0  0  0  0  0  0  0  0  0
   16.5388   -8.3099    0.0000 C   0  0  0  0  0  0  0  0  0  0  0  0
   18.7524   -9.3898    0.0000 C   0  0  1  0  0  0  0  0  0  0  0  0
   19.2373   -8.7224    0.0000 C   0  0  1  0  0  0  0  0  0  0  0  0
   18.7524   -8.0550    0.0000 C   0  0  2  0  0  0  0  0  0  0  0  0
   19.0073   -7.2703    0.0000 C   0  0  0  0  0  0  0  0  0  0  0  0
   19.8143   -7.0988    0.0000 C   0  0  0  0  0  0  0  0  0  0  0  0
   18.4553   -6.6572    0.0000 C   0  0  0  0  0  0  0  0  0  0  0  0
   20.0692   -6.3142    0.0000 C   0  0  0  0  0  0  0  0  0  0  0  0
   18.7102   -5.8726    0.0000 O   0  0  0  0  0  0  0  0  0  0  0  0
   19.5172   -5.7011    0.0000 C   0  0  0  0  0  0  0  0  0  0  0  0
   19.7721   -4.9165    0.0000 O   0  0  0  0  0  0  0  0  0  0  0  0
   13.6809  -10.7849    0.0000 O   0  0  0  0  0  0  0  0  0  0  0  0
   15.8243   -8.7224    0.0000 C   0  0  0  0  0  0  0  0  0  0  0  0
   15.8243  -11.1974    0.0000 H   0  0  0  0  0  0  0  0  0  0  0  0
   18.0540   -7.4894    0.0000 C   0  0  0  0  0  0  0  0  0  0  0  0
   20.0623   -8.7224    0.0000 O   0  0  0  0  0  0  0  0  0  0  0  0
   18.0540   -9.9554    0.0000 O   0  0  0  0  0  0  0  0  0  0  0  0
   12.9664  -10.3724    0.0000 C   0  0  0  0  0  0  0  0  0  0  0  0
   12.2520  -10.7849    0.0000 C   0  0  0  0  0  0  0  0  0  0  0  0
   12.9664   -9.5474    0.0000 O   0  0  0  0  0  0  0  0  0  0  0  0
   11.5375  -10.3724    0.0000 C   0  0  0  0  0  0  0  0  0  0  0  0
   10.8230  -10.7849    0.0000 C   0  0  0  0  0  0  0  0  0  0  0  0
    3.6823   -6.6614    0.0000 N   0  0  0  0  0  0  0  0  0  0  0  0
    5.1112   -6.6614    0.0000 N   0  0  0  0  0  0  0  0  0  0  0  0
    4.3968   -7.0739    0.0000 C   0  0  0  0  0  0  0  0  0  0  0  0
    4.3968   -7.8989    0.0000 N   0  0  0  0  0  0  0  0  0  0  0  0
    5.1112   -8.3114    0.0000 C   0  0  0  0  0  0  0  0  0  0  0  0
    5.1112   -9.1364    0.0000 C   0  0  0  0  0  0  0  0  0  0  0  0
    5.8257   -9.5489    0.0000 C   0  0  0  0  0  0  0  0  0  0  0  0
    5.1112  -11.6114    0.0000 O   0  0  0  0  0  0  0  0  0  0  0  0
    4.3968  -10.3739    0.0000 O   0  0  0  0  0  0  0  0  0  0  0  0
    5.1112  -10.7864    0.0000 C   0  0  0  0  0  0  0  0  0  0  0  0
    5.8257  -10.3739    0.0000 C   0  0  1  0  0  0  0  0  0  0  0  0
    7.2547   -9.5489    0.0000 O   0  0  0  0  0  0  0  0  0  0  0  0
    6.5402  -10.7864    0.0000 N   0  0  0  0  0  0  0  0  0  0  0  0
    7.2547  -10.3739    0.0000 C   0  0  0  0  0  0  0  0  0  0  0  0
   20.4748   -9.4369    0.0000 C   0  0  0  0  0  0  0  0  0  0  0  0
   20.0623  -10.1513    0.0000 O   0  0  0  0  0  0  0  0  0  0  0  0
   21.2998   -9.4369    0.0000 C   0  0  0  0  0  0  0  0  0  0  0  0
   17.2533   -7.0724    0.0000 H   0  0  0  0  0  0  0  0  0  0  0  0
    7.9691  -10.7864    0.0000 C   0  0  0  0  0  0  0  0  0  0  0  0
   10.1086  -10.3724    0.0000 C   0  0  0  0  0  0  0  0  0  0  0  0
    9.3941  -10.7849    0.0000 C   0  0  0  0  0  0  0  0  0  0  0  0
    8.6796  -10.3724    0.0000 C   0  0  0  0  0  0  0  0  0  0  0  0
   16.5388   -9.9599    0.0000 H   0  0  0  0  0  0  0  0  0  0  0  0
   17.2533   -8.7224    0.0000 H   0  0  0  0  0  0  0  0  0  0  0  0
  1  2  1  0  0  0  0
  2  3  1  0  0  0  0
  3  4  1  0  0  0  0
  4  5  1  0  0  0  0
  5  6  1  0  0  0  0
  6  1  1  0  0  0  0
  4  7  1  0  0  0  0
  7  8  1  0  0  0  0
  8  9  1  0  0  0  0
  9 10  1  0  0  0  0
 10  5  1  0  0  0  0
  9 11  1  0  0  0  0
 11 12  1  0  0  0  0
 12 13  1  0  0  0  0
 13 14  1  0  0  0  0
 14 10  1  0  0  0  0
 11 15  1  0  0  0  0
 15 16  1  0  0  0  0
 16 17  1  0  0  0  0
 17 12  1  0  0  0  0
 17 18  1  1  0  0  0
 18 19  1  0  0  0  0
 18 20  2  0  0  0  0
 19 21  2  0  0  0  0
 20 22  1  0  0  0  0
 21 23  1  0  0  0  0
 22 23  1  0  0  0  0
 23 24  2  0  0  0  0
  2 25  1  1  0  0  0
  5 26  1  1  0  0  0
  4 27  1  1  0  0  0
 12 28  1  1  0  0  0
 16 29  1  1  0  0  0
 11 30  1  1  0  0  0
 25 31  1  0  0  0  0
 31 32  1  0  0  0  0
 31 33  2  0  0  0  0
 32 34  1  0  0  0  0
 34 35  1  0  0  0  0
 38 36  1  0  0  0  0
 38 37  1  0  0  0  0
 39 38  2  0  0  0  0
 40 39  1  0  0  0  0
 41 40  1  0  0  0  0
 42 41  1  0  0  0  0
 46 42  1  0  0  0  0
 45 43  2  0  0  0  0
 45 44  1  0  0  0  0
 46 45  1  0  0  0  0
 46 48  1  6  0  0  0
 49 47  2  0  0  0  0
 49 48  1  0  0  0  0
 54 49  1  0  0  0  0
 29 50  1  0  0  0  0
 50 51  2  0  0  0  0
 50 52  1  0  0  0  0
 15 30  1  1  0  0  0
 13 53  1  1  0  0  0
 35 55  1  0  0  0  0
 55 56  1  0  0  0  0
 56 57  1  0  0  0  0
 54 57  1  0  0  0  0
 10 58  1  6  0  0  0
  9 59  1  1  0  0  0
M  END
>  <cdx:fragmentId>
5

$$$$
",177826928,C41H60N4O10,768.949,768.430944148,2.151,222.23,115,10,4,19,1,5,0.05280190222656117,N
44,ACTKOJZNTNPGBW-KVUBNDDBSA-N,"1S/C40H58N4O10/c1-37-17-15-27-28(40(37)31(54-40)21-29(37)25-12-13-33(47)52-23-25)16-19-39(51)22-26(14-18-38(27,39)24-45)53-34(48)11-7-5-3-2-4-6-10-32(46)44-30(35(49)50)9-8-20-43-36(41)42/h12-13,23-24,26-31,51H,2-11,14-22H2,1H3,(H,44,46)(H,49,50)(H4,41,42,43)/t26-,27-,28+,29+,30-,31+,37+,38-,39-,40+/m0/s1",C[C@]12CC[C@H]3[C@@H](CC[C@]4(O)C[C@H](CC[C@]34C=O)OC(=O)CCCCCCCCC(=O)N[C@@H](CCCN=C(N)N)C(O)=O)[C@]11O[C@@H]1C[C@@H]2c1ccc(=O)oc1,"44.cdx
  Mrv1902 06152610572D          

 58 63  0  0  0  0            999 V2000
   14.3748   -9.5886    0.0000 C   0  0  0  0  0  0  0  0  0  0  0  0
   14.3748  -10.4136    0.0000 C   0  0  1  0  0  0  0  0  0  0  0  0
   15.0892  -10.8261    0.0000 C   0  0  0  0  0  0  0  0  0  0  0  0
   15.8037  -10.4136    0.0000 C   0  0  2  0  0  0  0  0  0  0  0  0
   15.8037   -9.5886    0.0000 C   0  0  2  0  0  0  0  0  0  0  0  0
   15.0892   -9.1761    0.0000 C   0  0  0  0  0  0  0  0  0  0  0  0
   16.5182  -10.8261    0.0000 C   0  0  0  0  0  0  0  0  0  0  0  0
   17.2326  -10.4136    0.0000 C   0  0  0  0  0  0  0  0  0  0  0  0
   17.2326   -9.5886    0.0000 C   0  0  2  0  0  0  0  0  0  0  0  0
   16.5182   -9.1761    0.0000 C   0  0  2  0  0  0  0  0  0  0  0  0
   17.9471   -9.1761    0.0000 C   0  0  2  0  0  0  0  0  0  0  0  0
   17.9471   -8.3511    0.0000 C   0  0  2  0  0  0  0  0  0  0  0  0
   17.2326   -7.9386    0.0000 C   0  0  2  0  0  0  0  0  0  0  0  0
   16.5182   -8.3511    0.0000 C   0  0  0  0  0  0  0  0  0  0  0  0
   18.7317   -9.4311    0.0000 C   0  0  1  0  0  0  0  0  0  0  0  0
   19.2167   -8.7636    0.0000 C   0  0  2  0  0  0  0  0  0  0  0  0
   18.7317   -8.0962    0.0000 C   0  0  2  0  0  0  0  0  0  0  0  0
   18.9867   -7.3116    0.0000 C   0  0  0  0  0  0  0  0  0  0  0  0
   19.7936   -7.1401    0.0000 C   0  0  0  0  0  0  0  0  0  0  0  0
   18.4346   -6.6985    0.0000 C   0  0  0  0  0  0  0  0  0  0  0  0
   20.0486   -6.3554    0.0000 C   0  0  0  0  0  0  0  0  0  0  0  0
   18.6896   -5.9139    0.0000 O   0  0  0  0  0  0  0  0  0  0  0  0
   19.4965   -5.7423    0.0000 C   0  0  0  0  0  0  0  0  0  0  0  0
   19.7515   -4.9577    0.0000 O   0  0  0  0  0  0  0  0  0  0  0  0
   13.6603  -10.8261    0.0000 O   0  0  0  0  0  0  0  0  0  0  0  0
   15.8037   -8.7636    0.0000 C   0  0  0  0  0  0  0  0  0  0  0  0
   15.8037  -11.2386    0.0000 O   0  0  0  0  0  0  0  0  0  0  0  0
   17.2326   -7.1136    0.0000 H   0  0  0  0  0  0  0  0  0  0  0  0
   18.0333   -7.5307    0.0000 C   0  0  0  0  0  0  0  0  0  0  0  0
   20.0417   -8.7636    0.0000 H   0  0  0  0  0  0  0  0  0  0  0  0
   18.0333   -9.9966    0.0000 O   0  0  0  0  0  0  0  0  0  0  0  0
   15.0892   -8.3511    0.0000 O   0  0  0  0  0  0  0  0  0  0  0  0
   12.9458  -10.4136    0.0000 C   0  0  0  0  0  0  0  0  0  0  0  0
   12.2313  -10.8261    0.0000 C   0  0  0  0  0  0  0  0  0  0  0  0
   12.9458   -9.5886    0.0000 O   0  0  0  0  0  0  0  0  0  0  0  0
   11.5169  -10.4136    0.0000 C   0  0  0  0  0  0  0  0  0  0  0  0
   10.8024  -10.8261    0.0000 C   0  0  0  0  0  0  0  0  0  0  0  0
   10.0879  -10.4136    0.0000 C   0  0  0  0  0  0  0  0  0  0  0  0
    9.3735  -10.8261    0.0000 C   0  0  0  0  0  0  0  0  0  0  0  0
    8.6590  -10.4136    0.0000 C   0  0  0  0  0  0  0  0  0  0  0  0
    7.9445  -10.8261    0.0000 C   0  0  0  0  0  0  0  0  0  0  0  0
    7.2300  -10.4136    0.0000 C   0  0  0  0  0  0  0  0  0  0  0  0
    6.5156  -10.8261    0.0000 C   0  0  0  0  0  0  0  0  0  0  0  0
    5.8011  -10.4136    0.0000 N   0  0  0  0  0  0  0  0  0  0  0  0
    6.5156  -11.6511    0.0000 O   0  0  0  0  0  0  0  0  0  0  0  0
    5.0866  -10.8261    0.0000 C   0  0  2  0  0  0  0  0  0  0  0  0
    4.3722  -10.4136    0.0000 C   0  0  0  0  0  0  0  0  0  0  0  0
    3.6577  -10.8261    0.0000 O   0  0  0  0  0  0  0  0  0  0  0  0
    4.3722   -9.5886    0.0000 O   0  0  0  0  0  0  0  0  0  0  0  0
    5.0866  -11.6511    0.0000 C   0  0  0  0  0  0  0  0  0  0  0  0
    4.3722  -12.0636    0.0000 C   0  0  0  0  0  0  0  0  0  0  0  0
    4.3722  -12.8886    0.0000 C   0  0  0  0  0  0  0  0  0  0  0  0
    3.6577  -13.3011    0.0000 N   0  0  0  0  0  0  0  0  0  0  0  0
    3.6577  -14.1261    0.0000 C   0  0  0  0  0  0  0  0  0  0  0  0
    4.3722  -14.5386    0.0000 N   0  0  0  0  0  0  0  0  0  0  0  0
    2.9432  -14.5386    0.0000 N   0  0  0  0  0  0  0  0  0  0  0  0
   16.5182  -10.0011    0.0000 H   0  0  0  0  0  0  0  0  0  0  0  0
   17.2326   -8.7636    0.0000 H   0  0  0  0  0  0  0  0  0  0  0  0
  1  2  1  0  0  0  0
  2  3  1  0  0  0  0
  3  4  1  0  0  0  0
  4  5  1  0  0  0  0
  5  6  1  0  0  0  0
  6  1  1  0  0  0  0
  4  7  1  0  0  0  0
  7  8  1  0  0  0  0
  8  9  1  0  0  0  0
  9 10  1  0  0  0  0
 10  5  1  0  0  0  0
  9 11  1  0  0  0  0
 11 12  1  0  0  0  0
 12 13  1  0  0  0  0
 13 14  1  0  0  0  0
 14 10  1  0  0  0  0
 11 15  1  0  0  0  0
 15 16  1  0  0  0  0
 16 17  1  0  0  0  0
 17 12  1  0  0  0  0
 17 18  1  1  0  0  0
 18 19  1  0  0  0  0
 18 20  2  0  0  0  0
 19 21  2  0  0  0  0
 20 22  1  0  0  0  0
 21 23  1  0  0  0  0
 22 23  1  0  0  0  0
 23 24  2  0  0  0  0
  2 25  1  1  0  0  0
  5 26  1  1  0  0  0
  4 27  1  1  0  0  0
 13 28  1  1  0  0  0
 12 29  1  1  0  0  0
 16 30  1  1  0  0  0
 11 31  1  1  0  0  0
 15 31  1  1  0  0  0
 26 32  2  0  0  0  0
 25 33  1  0  0  0  0
 33 34  1  0  0  0  0
 33 35  2  0  0  0  0
 34 36  1  0  0  0  0
 36 37  1  0  0  0  0
 37 38  1  0  0  0  0
 38 39  1  0  0  0  0
 39 40  1  0  0  0  0
 40 41  1  0  0  0  0
 41 42  1  0  0  0  0
 42 43  1  0  0  0  0
 43 44  1  0  0  0  0
 43 45  2  0  0  0  0
 46 44  1  1  0  0  0
 46 47  1  0  0  0  0
 47 48  1  0  0  0  0
 47 49  2  0  0  0  0
 46 50  1  0  0  0  0
 50 51  1  0  0  0  0
 51 52  1  0  0  0  0
 52 53  1  0  0  0  0
 53 54  2  0  0  0  0
 54 55  1  0  0  0  0
 54 56  1  0  0  0  0
 10 57  1  6  0  0  0
  9 58  1  1  0  0  0
M  END
>  <cdx:fragmentId>
206

$$$$
",177826138,C40H58N4O10,754.922,754.415294084,0.952,233.23,112,11,5,19,1,6,0.033327276568035226,N
45,QEEBRPGZBVVINN-BMPKRDENSA-N,"1S/C24H34O4/c1-22-10-7-17(25)13-16(22)4-5-20-19(22)8-11-23(2)18(9-12-24(20,23)27)15-3-6-21(26)28-14-15/h3,6,14,16-20,25,27H,4-5,7-13H2,1-2H3/t16-,17+,18-,19+,20-,22+,23-,24+/m1/s1",C[C@]12CC[C@H]3[C@@H](CC[C@@H]4C[C@@H](O)CC[C@]34C)[C@@]1(O)CC[C@@H]2c1ccc(=O)oc1,"45.cdx
  Mrv1902 06152610582D          

 34 38  0  0  0  0            999 V2000
    4.1104   -8.9149    0.0000 C   0  0  0  0  0  0  0  0  0  0  0  0
    4.1104   -9.7399    0.0000 C   0  0  1  0  0  0  0  0  0  0  0  0
    4.8249  -10.1524    0.0000 C   0  0  0  0  0  0  0  0  0  0  0  0
    5.5393   -9.7399    0.0000 C   0  0  2  0  0  0  0  0  0  0  0  0
    5.5393   -8.9149    0.0000 C   0  0  2  0  0  0  0  0  0  0  0  0
    4.8249   -8.5024    0.0000 C   0  0  1  0  0  0  0  0  0  0  0  0
    6.2538  -10.1524    0.0000 C   0  0  0  0  0  0  0  0  0  0  0  0
    6.9683   -9.7399    0.0000 C   0  0  0  0  0  0  0  0  0  0  0  0
    6.9683   -8.9149    0.0000 C   0  0  2  0  0  0  0  0  0  0  0  0
    6.2538   -8.5024    0.0000 C   0  0  2  0  0  0  0  0  0  0  0  0
    7.6827   -8.5024    0.0000 C   0  0  2  0  0  0  0  0  0  0  0  0
    7.6827   -7.6774    0.0000 C   0  0  2  0  0  0  0  0  0  0  0  0
    6.9683   -7.2649    0.0000 C   0  0  0  0  0  0  0  0  0  0  0  0
    6.2538   -7.6774    0.0000 C   0  0  2  0  0  0  0  0  0  0  0  0
    8.4674   -8.7573    0.0000 C   0  0  0  0  0  0  0  0  0  0  0  0
    8.9523   -8.0899    0.0000 C   0  0  2  0  0  0  0  0  0  0  0  0
    8.4674   -7.4225    0.0000 C   0  0  2  0  0  0  0  0  0  0  0  0
    8.7223   -6.6378    0.0000 C   0  0  0  0  0  0  0  0  0  0  0  0
    9.5293   -6.4663    0.0000 C   0  0  0  0  0  0  0  0  0  0  0  0
    8.1703   -6.0247    0.0000 C   0  0  0  0  0  0  0  0  0  0  0  0
    9.7842   -5.6817    0.0000 C   0  0  0  0  0  0  0  0  0  0  0  0
    8.4252   -5.2401    0.0000 O   0  0  0  0  0  0  0  0  0  0  0  0
    9.2322   -5.0686    0.0000 C   0  0  0  0  0  0  0  0  0  0  0  0
    9.4871   -4.2840    0.0000 O   0  0  0  0  0  0  0  0  0  0  0  0
    3.3959  -10.1524    0.0000 O   0  0  0  0  0  0  0  0  0  0  0  0
    5.5393   -8.0899    0.0000 C   0  0  0  0  0  0  0  0  0  0  0  0
    5.5393  -10.5649    0.0000 H   0  0  0  0  0  0  0  0  0  0  0  0
    7.7690   -6.8569    0.0000 C   0  0  0  0  0  0  0  0  0  0  0  0
    9.7773   -8.0899    0.0000 H   0  0  0  0  0  0  0  0  0  0  0  0
    7.7690   -9.3229    0.0000 O   0  0  0  0  0  0  0  0  0  0  0  0
    5.5393   -7.2649    0.0000 H   0  0  0  0  0  0  0  0  0  0  0  0
    4.8249   -7.6774    0.0000 H   0  0  0  0  0  0  0  0  0  0  0  0
    6.2538   -9.3274    0.0000 H   0  0  0  0  0  0  0  0  0  0  0  0
    6.9683   -8.0899    0.0000 H   0  0  0  0  0  0  0  0  0  0  0  0
  1  2  1  0  0  0  0
  2  3  1  0  0  0  0
  3  4  1  0  0  0  0
  4  5  1  0  0  0  0
  5  6  1  0  0  0  0
  6  1  1  0  0  0  0
  4  7  1  0  0  0  0
  7  8  1  0  0  0  0
  8  9  1  0  0  0  0
  9 10  1  0  0  0  0
 10  5  1  0  0  0  0
  9 11  1  0  0  0  0
 11 12  1  0  0  0  0
 12 13  1  0  0  0  0
 13 14  1  0  0  0  0
 14 10  1  0  0  0  0
 11 15  1  0  0  0  0
 15 16  1  0  0  0  0
 16 17  1  0  0  0  0
 17 12  1  0  0  0  0
 17 18  1  1  0  0  0
 18 19  1  0  0  0  0
 18 20  2  0  0  0  0
 19 21  2  0  0  0  0
 20 22  1  0  0  0  0
 21 23  1  0  0  0  0
 22 23  1  0  0  0  0
 23 24  2  0  0  0  0
  2 25  1  1  0  0  0
  5 26  1  1  0  0  0
  4 27  1  1  0  0  0
 12 28  1  1  0  0  0
 16 29  1  1  0  0  0
 11 30  1  1  0  0  0
 14 31  1  6  0  0  0
  6 32  1  1  0  0  0
 10 33  1  6  0  0  0
  9 34  1  1  0  0  0
M  END
>  <cdx:fragmentId>
5

$$$$
",9547215,C24H34O4,386.532,386.245709575,3.277,66.76,62,3,2,1,1,0,0.7783794612919253,Y
46,IMWIOPJWKFUVSV-YXVUHCRDSA-N,"1S/C24H34O5/c1-22-9-7-18-19(5-4-15-11-16(25)12-20(26)23(15,18)2)24(22,28)10-8-17(22)14-3-6-21(27)29-13-14/h3,6,13,15-20,25-26,28H,4-5,7-12H2,1-2H3/t15-,16-,17-,18+,19-,20-,22-,23+,24+/m1/s1",C[C@]12CC[C@H]3[C@@H](CC[C@@H]4C[C@@H](O)C[C@@H](O)[C@]34C)[C@@]1(O)CC[C@@H]2c1ccc(=O)oc1,"46.cdx
  Mrv1902 06152611002D          

 34 38  0  0  0  0            999 V2000
    4.1104   -8.9149    0.0000 C   0  0  0  0  0  0  0  0  0  0  0  0
    4.1104   -9.7399    0.0000 C   0  0  1  0  0  0  0  0  0  0  0  0
    4.8249  -10.1524    0.0000 C   0  0  0  0  0  0  0  0  0  0  0  0
    5.5393   -9.7399    0.0000 C   0  0  2  0  0  0  0  0  0  0  0  0
    5.5393   -8.9149    0.0000 C   0  0  2  0  0  0  0  0  0  0  0  0
    4.8249   -8.5024    0.0000 C   0  0  2  0  0  0  0  0  0  0  0  0
    6.2538  -10.1524    0.0000 C   0  0  0  0  0  0  0  0  0  0  0  0
    6.9683   -9.7399    0.0000 C   0  0  0  0  0  0  0  0  0  0  0  0
    6.9683   -8.9149    0.0000 C   0  0  2  0  0  0  0  0  0  0  0  0
    6.2538   -8.5024    0.0000 C   0  0  2  0  0  0  0  0  0  0  0  0
    7.6827   -8.5024    0.0000 C   0  0  2  0  0  0  0  0  0  0  0  0
    7.6827   -7.6774    0.0000 C   0  0  2  0  0  0  0  0  0  0  0  0
    6.9683   -7.2649    0.0000 C   0  0  0  0  0  0  0  0  0  0  0  0
    6.2538   -7.6774    0.0000 C   0  0  2  0  0  0  0  0  0  0  0  0
    8.4674   -8.7573    0.0000 C   0  0  0  0  0  0  0  0  0  0  0  0
    8.9523   -8.0899    0.0000 C   0  0  2  0  0  0  0  0  0  0  0  0
    8.4674   -7.4225    0.0000 C   0  0  2  0  0  0  0  0  0  0  0  0
    8.7223   -6.6378    0.0000 C   0  0  0  0  0  0  0  0  0  0  0  0
    9.5293   -6.4663    0.0000 C   0  0  0  0  0  0  0  0  0  0  0  0
    8.1703   -6.0247    0.0000 C   0  0  0  0  0  0  0  0  0  0  0  0
    9.7842   -5.6817    0.0000 C   0  0  0  0  0  0  0  0  0  0  0  0
    8.4252   -5.2401    0.0000 O   0  0  0  0  0  0  0  0  0  0  0  0
    9.2322   -5.0686    0.0000 C   0  0  0  0  0  0  0  0  0  0  0  0
    9.4871   -4.2840    0.0000 O   0  0  0  0  0  0  0  0  0  0  0  0
    3.3959  -10.1524    0.0000 O   0  0  0  0  0  0  0  0  0  0  0  0
    5.5393   -8.0899    0.0000 C   0  0  0  0  0  0  0  0  0  0  0  0
    5.5393  -10.5649    0.0000 H   0  0  0  0  0  0  0  0  0  0  0  0
    7.7690   -6.8569    0.0000 C   0  0  0  0  0  0  0  0  0  0  0  0
    9.7773   -8.0899    0.0000 H   0  0  0  0  0  0  0  0  0  0  0  0
    7.7690   -9.3229    0.0000 O   0  0  0  0  0  0  0  0  0  0  0  0
    5.5393   -7.2649    0.0000 H   0  0  0  0  0  0  0  0  0  0  0  0
    4.8249   -7.6774    0.0000 O   0  0  0  0  0  0  0  0  0  0  0  0
    6.2538   -9.3274    0.0000 H   0  0  0  0  0  0  0  0  0  0  0  0
    6.9683   -8.0899    0.0000 H   0  0  0  0  0  0  0  0  0  0  0  0
  1  2  1  0  0  0  0
  2  3  1  0  0  0  0
  3  4  1  0  0  0  0
  4  5  1  0  0  0  0
  5  6  1  0  0  0  0
  6  1  1  0  0  0  0
  4  7  1  0  0  0  0
  7  8  1  0  0  0  0
  8  9  1  0  0  0  0
  9 10  1  0  0  0  0
 10  5  1  0  0  0  0
  9 11  1  0  0  0  0
 11 12  1  0  0  0  0
 12 13  1  0  0  0  0
 13 14  1  0  0  0  0
 14 10  1  0  0  0  0
 11 15  1  0  0  0  0
 15 16  1  0  0  0  0
 16 17  1  0  0  0  0
 17 12  1  0  0  0  0
 17 18  1  1  0  0  0
 18 19  1  0  0  0  0
 18 20  2  0  0  0  0
 19 21  2  0  0  0  0
 20 22  1  0  0  0  0
 21 23  1  0  0  0  0
 22 23  1  0  0  0  0
 23 24  2  0  0  0  0
  2 25  1  1  0  0  0
  5 26  1  1  0  0  0
  4 27  1  1  0  0  0
 12 28  1  1  0  0  0
 16 29  1  1  0  0  0
 11 30  1  1  0  0  0
 14 31  1  6  0  0  0
  6 32  1  1  0  0  0
 10 33  1  6  0  0  0
  9 34  1  1  0  0  0
M  END
>  <cdx:fragmentId>
5

$$$$
",10993111,C24H34O5,402.531,402.240624195,1.973,86.99,63,4,3,1,1,0,0.6703438782343535,Y
47,STSJQAAJJHGCMJ-KLAFWMLLSA-N,"1S/C24H32O5/c1-22-9-7-19-20(4-3-16-12-17(26)6-10-23(16,19)14-25)24(22,28)11-8-18(22)15-2-5-21(27)29-13-15/h2,5,13-14,16-20,26,28H,3-4,6-12H2,1H3/t16-,17+,18-,19+,20-,22-,23-,24+/m1/s1",C[C@]12CC[C@H]3[C@@H](CC[C@@H]4C[C@@H](O)CC[C@]34C=O)[C@@]1(O)CC[C@@H]2c1ccc(=O)oc1,"47.cdx
  Mrv1902 06152610592D          

 35 39  0  0  0  0            999 V2000
    4.1104   -8.9149    0.0000 C   0  0  0  0  0  0  0  0  0  0  0  0
    4.1104   -9.7399    0.0000 C   0  0  1  0  0  0  0  0  0  0  0  0
    4.8249  -10.1524    0.0000 C   0  0  0  0  0  0  0  0  0  0  0  0
    5.5393   -9.7399    0.0000 C   0  0  2  0  0  0  0  0  0  0  0  0
    5.5393   -8.9149    0.0000 C   0  0  2  0  0  0  0  0  0  0  0  0
    4.8249   -8.5024    0.0000 C   0  0  1  0  0  0  0  0  0  0  0  0
    6.2538  -10.1524    0.0000 C   0  0  0  0  0  0  0  0  0  0  0  0
    6.9683   -9.7399    0.0000 C   0  0  0  0  0  0  0  0  0  0  0  0
    6.9683   -8.9149    0.0000 C   0  0  2  0  0  0  0  0  0  0  0  0
    6.2538   -8.5024    0.0000 C   0  0  2  0  0  0  0  0  0  0  0  0
    7.6827   -8.5024    0.0000 C   0  0  2  0  0  0  0  0  0  0  0  0
    7.6827   -7.6774    0.0000 C   0  0  2  0  0  0  0  0  0  0  0  0
    6.9683   -7.2649    0.0000 C   0  0  0  0  0  0  0  0  0  0  0  0
    6.2538   -7.6774    0.0000 C   0  0  2  0  0  0  0  0  0  0  0  0
    8.4674   -8.7573    0.0000 C   0  0  0  0  0  0  0  0  0  0  0  0
    8.9523   -8.0899    0.0000 C   0  0  2  0  0  0  0  0  0  0  0  0
    8.4674   -7.4225    0.0000 C   0  0  2  0  0  0  0  0  0  0  0  0
    8.7223   -6.6378    0.0000 C   0  0  0  0  0  0  0  0  0  0  0  0
    9.5293   -6.4663    0.0000 C   0  0  0  0  0  0  0  0  0  0  0  0
    8.1703   -6.0247    0.0000 C   0  0  0  0  0  0  0  0  0  0  0  0
    9.7842   -5.6817    0.0000 C   0  0  0  0  0  0  0  0  0  0  0  0
    8.4252   -5.2401    0.0000 O   0  0  0  0  0  0  0  0  0  0  0  0
    9.2322   -5.0686    0.0000 C   0  0  0  0  0  0  0  0  0  0  0  0
    9.4871   -4.2840    0.0000 O   0  0  0  0  0  0  0  0  0  0  0  0
    3.3959  -10.1524    0.0000 O   0  0  0  0  0  0  0  0  0  0  0  0
    5.5393   -8.0899    0.0000 C   0  0  0  0  0  0  0  0  0  0  0  0
    5.5393  -10.5649    0.0000 H   0  0  0  0  0  0  0  0  0  0  0  0
    7.7690   -6.8569    0.0000 C   0  0  0  0  0  0  0  0  0  0  0  0
    9.7773   -8.0899    0.0000 H   0  0  0  0  0  0  0  0  0  0  0  0
    7.7690   -9.3229    0.0000 O   0  0  0  0  0  0  0  0  0  0  0  0
    5.5393   -7.2649    0.0000 H   0  0  0  0  0  0  0  0  0  0  0  0
    4.8249   -9.3274    0.0000 H   0  0  0  0  0  0  0  0  0  0  0  0
    4.8249   -7.6774    0.0000 O   0  0  0  0  0  0  0  0  0  0  0  0
    6.2538   -9.3274    0.0000 H   0  0  0  0  0  0  0  0  0  0  0  0
    6.9683   -8.0899    0.0000 H   0  0  0  0  0  0  0  0  0  0  0  0
  1  2  1  0  0  0  0
  2  3  1  0  0  0  0
  3  4  1  0  0  0  0
  4  5  1  0  0  0  0
  5  6  1  0  0  0  0
  6  1  1  0  0  0  0
  4  7  1  0  0  0  0
  7  8  1  0  0  0  0
  8  9  1  0  0  0  0
  9 10  1  0  0  0  0
 10  5  1  0  0  0  0
  9 11  1  0  0  0  0
 11 12  1  0  0  0  0
 12 13  1  0  0  0  0
 13 14  1  0  0  0  0
 14 10  1  0  0  0  0
 11 15  1  0  0  0  0
 15 16  1  0  0  0  0
 16 17  1  0  0  0  0
 17 12  1  0  0  0  0
 17 18  1  1  0  0  0
 18 19  1  0  0  0  0
 18 20  2  0  0  0  0
 19 21  2  0  0  0  0
 20 22  1  0  0  0  0
 21 23  1  0  0  0  0
 22 23  1  0  0  0  0
 23 24  2  0  0  0  0
  2 25  1  1  0  0  0
  5 26  1  1  0  0  0
  4 27  1  1  0  0  0
 12 28  1  1  0  0  0
 16 29  1  1  0  0  0
 11 30  1  1  0  0  0
 14 31  1  6  0  0  0
  6 32  1  1  0  0  0
 26 33  2  0  0  0  0
 10 34  1  6  0  0  0
  9 35  1  1  0  0  0
M  END
>  <cdx:fragmentId>
5

$$$$
",10883889,C24H32O5,400.515,400.22497413,2.31,83.83,61,4,2,2,1,1,0.7464915696058074,Y
48,AXTYMYOHGWVSQN-KLAFWMLLSA-N,"1S/C24H34O5/c1-22-9-7-19-20(4-3-16-12-17(26)6-10-23(16,19)14-25)24(22,28)11-8-18(22)15-2-5-21(27)29-13-15/h2,5,13,16-20,25-26,28H,3-4,6-12,14H2,1H3/t16-,17+,18-,19+,20-,22-,23-,24+/m1/s1",C[C@]12CC[C@H]3[C@@H](CC[C@@H]4C[C@@H](O)CC[C@]34CO)[C@@]1(O)CC[C@@H]2c1ccc(=O)oc1,"48.cdx
  Mrv1902 06152610562D          

 35 39  0  0  0  0            999 V2000
    4.1104   -8.9149    0.0000 C   0  0  0  0  0  0  0  0  0  0  0  0
    4.1104   -9.7399    0.0000 C   0  0  1  0  0  0  0  0  0  0  0  0
    4.8249  -10.1524    0.0000 C   0  0  0  0  0  0  0  0  0  0  0  0
    5.5393   -9.7399    0.0000 C   0  0  2  0  0  0  0  0  0  0  0  0
    5.5393   -8.9149    0.0000 C   0  0  2  0  0  0  0  0  0  0  0  0
    4.8249   -8.5024    0.0000 C   0  0  1  0  0  0  0  0  0  0  0  0
    6.2538  -10.1524    0.0000 C   0  0  0  0  0  0  0  0  0  0  0  0
    6.9683   -9.7399    0.0000 C   0  0  0  0  0  0  0  0  0  0  0  0
    6.9683   -8.9149    0.0000 C   0  0  2  0  0  0  0  0  0  0  0  0
    6.2538   -8.5024    0.0000 C   0  0  2  0  0  0  0  0  0  0  0  0
    7.6827   -8.5024    0.0000 C   0  0  2  0  0  0  0  0  0  0  0  0
    7.6827   -7.6774    0.0000 C   0  0  2  0  0  0  0  0  0  0  0  0
    6.9683   -7.2649    0.0000 C   0  0  0  0  0  0  0  0  0  0  0  0
    6.2538   -7.6774    0.0000 C   0  0  2  0  0  0  0  0  0  0  0  0
    8.4674   -8.7573    0.0000 C   0  0  0  0  0  0  0  0  0  0  0  0
    8.9523   -8.0899    0.0000 C   0  0  2  0  0  0  0  0  0  0  0  0
    8.4674   -7.4225    0.0000 C   0  0  2  0  0  0  0  0  0  0  0  0
    8.7223   -6.6378    0.0000 C   0  0  0  0  0  0  0  0  0  0  0  0
    9.5293   -6.4663    0.0000 C   0  0  0  0  0  0  0  0  0  0  0  0
    8.1703   -6.0247    0.0000 C   0  0  0  0  0  0  0  0  0  0  0  0
    9.7842   -5.6817    0.0000 C   0  0  0  0  0  0  0  0  0  0  0  0
    8.4252   -5.2401    0.0000 O   0  0  0  0  0  0  0  0  0  0  0  0
    9.2322   -5.0686    0.0000 C   0  0  0  0  0  0  0  0  0  0  0  0
    9.4871   -4.2840    0.0000 O   0  0  0  0  0  0  0  0  0  0  0  0
    3.3959  -10.1524    0.0000 O   0  0  0  0  0  0  0  0  0  0  0  0
    5.5393   -8.0899    0.0000 C   0  0  0  0  0  0  0  0  0  0  0  0
    5.5393  -10.5649    0.0000 H   0  0  0  0  0  0  0  0  0  0  0  0
    7.7690   -6.8569    0.0000 C   0  0  0  0  0  0  0  0  0  0  0  0
    9.7773   -8.0899    0.0000 H   0  0  0  0  0  0  0  0  0  0  0  0
    7.7690   -9.3229    0.0000 O   0  0  0  0  0  0  0  0  0  0  0  0
    5.5393   -7.2649    0.0000 H   0  0  0  0  0  0  0  0  0  0  0  0
    4.8249   -9.3274    0.0000 H   0  0  0  0  0  0  0  0  0  0  0  0
    4.8249   -7.6774    0.0000 O   0  0  0  0  0  0  0  0  0  0  0  0
    6.2538   -9.3274    0.0000 H   0  0  0  0  0  0  0  0  0  0  0  0
    6.9683   -8.0899    0.0000 H   0  0  0  0  0  0  0  0  0  0  0  0
  1  2  1  0  0  0  0
  2  3  1  0  0  0  0
  3  4  1  0  0  0  0
  4  5  1  0  0  0  0
  5  6  1  0  0  0  0
  6  1  1  0  0  0  0
  4  7  1  0  0  0  0
  7  8  1  0  0  0  0
  8  9  1  0  0  0  0
  9 10  1  0  0  0  0
 10  5  1  0  0  0  0
  9 11  1  0  0  0  0
 11 12  1  0  0  0  0
 12 13  1  0  0  0  0
 13 14  1  0  0  0  0
 14 10  1  0  0  0  0
 11 15  1  0  0  0  0
 15 16  1  0  0  0  0
 16 17  1  0  0  0  0
 17 12  1  0  0  0  0
 17 18  1  1  0  0  0
 18 19  1  0  0  0  0
 18 20  2  0  0  0  0
 19 21  2  0  0  0  0
 20 22  1  0  0  0  0
 21 23  1  0  0  0  0
 22 23  1  0  0  0  0
 23 24  2  0  0  0  0
  2 25  1  1  0  0  0
  5 26  1  1  0  0  0
  4 27  1  1  0  0  0
 12 28  1  1  0  0  0
 16 29  1  1  0  0  0
 11 30  1  1  0  0  0
 14 31  1  6  0  0  0
  6 32  1  1  0  0  0
 26 33  1  0  0  0  0
 10 34  1  6  0  0  0
  9 35  1  1  0  0  0
M  END
>  <cdx:fragmentId>
5

$$$$
",101375811,C24H34O5,402.531,402.240624195,1.996,86.99,63,4,3,2,1,0,0.7061587861400296,Y
49,FMTLOAVOGWSPEF-KJRPADTMSA-N,"1S/C24H34O5/c1-22-9-7-16(25)11-15(22)4-5-18-21(22)19(26)12-23(2)17(8-10-24(18,23)28)14-3-6-20(27)29-13-14/h3,6,13,15-19,21,25-26,28H,4-5,7-12H2,1-2H3/t15-,16+,17-,18-,19-,21-,22+,23-,24+/m1/s1",C[C@]12C[C@@H](O)[C@H]3[C@@H](CC[C@@H]4C[C@@H](O)CC[C@]34C)[C@@]1(O)CC[C@@H]2c1ccc(=O)oc1,"49.cdx
  Mrv1902 06152610572D          

 34 38  0  0  0  0            999 V2000
    4.1104   -8.9149    0.0000 C   0  0  0  0  0  0  0  0  0  0  0  0
    4.1104   -9.7399    0.0000 C   0  0  1  0  0  0  0  0  0  0  0  0
    4.8249  -10.1524    0.0000 C   0  0  0  0  0  0  0  0  0  0  0  0
    5.5393   -9.7399    0.0000 C   0  0  2  0  0  0  0  0  0  0  0  0
    5.5393   -8.9149    0.0000 C   0  0  2  0  0  0  0  0  0  0  0  0
    4.8249   -8.5024    0.0000 C   0  0  1  0  0  0  0  0  0  0  0  0
    6.2538  -10.1524    0.0000 C   0  0  0  0  0  0  0  0  0  0  0  0
    6.9683   -9.7399    0.0000 C   0  0  0  0  0  0  0  0  0  0  0  0
    6.9683   -8.9149    0.0000 C   0  0  2  0  0  0  0  0  0  0  0  0
    6.2538   -8.5024    0.0000 C   0  0  2  0  0  0  0  0  0  0  0  0
    7.6827   -8.5024    0.0000 C   0  0  2  0  0  0  0  0  0  0  0  0
    7.6827   -7.6774    0.0000 C   0  0  2  0  0  0  0  0  0  0  0  0
    6.9683   -7.2649    0.0000 C   0  0  0  0  0  0  0  0  0  0  0  0
    6.2538   -7.6774    0.0000 C   0  0  1  0  0  0  0  0  0  0  0  0
    8.4674   -8.7573    0.0000 C   0  0  0  0  0  0  0  0  0  0  0  0
    8.9523   -8.0899    0.0000 C   0  0  2  0  0  0  0  0  0  0  0  0
    8.4674   -7.4225    0.0000 C   0  0  2  0  0  0  0  0  0  0  0  0
    8.7223   -6.6378    0.0000 C   0  0  0  0  0  0  0  0  0  0  0  0
    9.5293   -6.4663    0.0000 C   0  0  0  0  0  0  0  0  0  0  0  0
    8.1703   -6.0247    0.0000 C   0  0  0  0  0  0  0  0  0  0  0  0
    9.7842   -5.6817    0.0000 C   0  0  0  0  0  0  0  0  0  0  0  0
    8.4252   -5.2401    0.0000 O   0  0  0  0  0  0  0  0  0  0  0  0
    9.2322   -5.0686    0.0000 C   0  0  0  0  0  0  0  0  0  0  0  0
    9.4871   -4.2840    0.0000 O   0  0  0  0  0  0  0  0  0  0  0  0
    3.3959  -10.1524    0.0000 O   0  0  0  0  0  0  0  0  0  0  0  0
    5.5393   -8.0899    0.0000 C   0  0  0  0  0  0  0  0  0  0  0  0
    5.5393  -10.5649    0.0000 H   0  0  0  0  0  0  0  0  0  0  0  0
    7.7690   -6.8569    0.0000 C   0  0  0  0  0  0  0  0  0  0  0  0
    9.7773   -8.0899    0.0000 H   0  0  0  0  0  0  0  0  0  0  0  0
    7.7690   -9.3229    0.0000 O   0  0  0  0  0  0  0  0  0  0  0  0
    5.5393   -7.2649    0.0000 O   0  0  0  0  0  0  0  0  0  0  0  0
    4.8249   -7.6774    0.0000 H   0  0  0  0  0  0  0  0  0  0  0  0
    6.2538   -9.3274    0.0000 H   0  0  0  0  0  0  0  0  0  0  0  0
    6.9683   -8.0899    0.0000 H   0  0  0  0  0  0  0  0  0  0  0  0
  1  2  1  0  0  0  0
  2  3  1  0  0  0  0
  3  4  1  0  0  0  0
  4  5  1  0  0  0  0
  5  6  1  0  0  0  0
  6  1  1  0  0  0  0
  4  7  1  0  0  0  0
  7  8  1  0  0  0  0
  8  9  1  0  0  0  0
  9 10  1  0  0  0  0
 10  5  1  0  0  0  0
  9 11  1  0  0  0  0
 11 12  1  0  0  0  0
 12 13  1  0  0  0  0
 13 14  1  0  0  0  0
 14 10  1  0  0  0  0
 11 15  1  0  0  0  0
 15 16  1  0  0  0  0
 16 17  1  0  0  0  0
 17 12  1  0  0  0  0
 17 18  1  1  0  0  0
 18 19  1  0  0  0  0
 18 20  2  0  0  0  0
 19 21  2  0  0  0  0
 20 22  1  0  0  0  0
 21 23  1  0  0  0  0
 22 23  1  0  0  0  0
 23 24  2  0  0  0  0
  2 25  1  1  0  0  0
  5 26  1  1  0  0  0
  4 27  1  1  0  0  0
 12 28  1  1  0  0  0
 16 29  1  1  0  0  0
 11 30  1  1  0  0  0
 14 31  1  6  0  0  0
  6 32  1  1  0  0  0
 10 33  1  6  0  0  0
  9 34  1  1  0  0  0
M  END
>  <cdx:fragmentId>
5

$$$$
",259803,C24H34O5,402.531,402.240624195,1.968,86.99,63,4,3,1,1,0,0.6702976271043884,Y
50,PBSOJKPTQWWJJD-ZBDZJSKLSA-N,"1S/C24H34O5/c1-21-9-5-16(25)13-23(21,27)11-7-19-18(21)6-10-22(2)17(8-12-24(19,22)28)15-3-4-20(26)29-14-15/h3-4,14,16-19,25,27-28H,5-13H2,1-2H3/t16-,17+,18-,19+,21+,22+,23-,24-/m0/s1",C[C@]12CC[C@H]3[C@@H](CC[C@]4(O)C[C@@H](O)CC[C@]34C)[C@@]1(O)CC[C@@H]2c1ccc(=O)oc1,"50.cdx
  Mrv1902 06152610572D          

 34 38  0  0  0  0            999 V2000
    4.1104   -8.9149    0.0000 C   0  0  0  0  0  0  0  0  0  0  0  0
    4.1104   -9.7399    0.0000 C   0  0  1  0  0  0  0  0  0  0  0  0
    4.8249  -10.1524    0.0000 C   0  0  0  0  0  0  0  0  0  0  0  0
    5.5393   -9.7399    0.0000 C   0  0  2  0  0  0  0  0  0  0  0  0
    5.5393   -8.9149    0.0000 C   0  0  2  0  0  0  0  0  0  0  0  0
    4.8249   -8.5024    0.0000 C   0  0  1  0  0  0  0  0  0  0  0  0
    6.2538  -10.1524    0.0000 C   0  0  0  0  0  0  0  0  0  0  0  0
    6.9683   -9.7399    0.0000 C   0  0  0  0  0  0  0  0  0  0  0  0
    6.9683   -8.9149    0.0000 C   0  0  2  0  0  0  0  0  0  0  0  0
    6.2538   -8.5024    0.0000 C   0  0  2  0  0  0  0  0  0  0  0  0
    7.6827   -8.5024    0.0000 C   0  0  2  0  0  0  0  0  0  0  0  0
    7.6827   -7.6774    0.0000 C   0  0  2  0  0  0  0  0  0  0  0  0
    6.9683   -7.2649    0.0000 C   0  0  0  0  0  0  0  0  0  0  0  0
    6.2538   -7.6774    0.0000 C   0  0  2  0  0  0  0  0  0  0  0  0
    8.4674   -8.7573    0.0000 C   0  0  0  0  0  0  0  0  0  0  0  0
    8.9523   -8.0899    0.0000 C   0  0  2  0  0  0  0  0  0  0  0  0
    8.4674   -7.4225    0.0000 C   0  0  2  0  0  0  0  0  0  0  0  0
    8.7223   -6.6378    0.0000 C   0  0  0  0  0  0  0  0  0  0  0  0
    9.5293   -6.4663    0.0000 C   0  0  0  0  0  0  0  0  0  0  0  0
    8.1703   -6.0247    0.0000 C   0  0  0  0  0  0  0  0  0  0  0  0
    9.7842   -5.6817    0.0000 C   0  0  0  0  0  0  0  0  0  0  0  0
    8.4252   -5.2401    0.0000 O   0  0  0  0  0  0  0  0  0  0  0  0
    9.2322   -5.0686    0.0000 C   0  0  0  0  0  0  0  0  0  0  0  0
    9.4871   -4.2840    0.0000 O   0  0  0  0  0  0  0  0  0  0  0  0
    3.3959  -10.1524    0.0000 O   0  0  0  0  0  0  0  0  0  0  0  0
    5.5393   -8.0899    0.0000 C   0  0  0  0  0  0  0  0  0  0  0  0
    5.5393  -10.5649    0.0000 O   0  0  0  0  0  0  0  0  0  0  0  0
    7.7690   -6.8569    0.0000 C   0  0  0  0  0  0  0  0  0  0  0  0
    9.7773   -8.0899    0.0000 H   0  0  0  0  0  0  0  0  0  0  0  0
    7.7690   -9.3229    0.0000 O   0  0  0  0  0  0  0  0  0  0  0  0
    5.5393   -7.2649    0.0000 H   0  0  0  0  0  0  0  0  0  0  0  0
    4.8249   -7.6774    0.0000 H   0  0  0  0  0  0  0  0  0  0  0  0
    6.2538   -9.3274    0.0000 H   0  0  0  0  0  0  0  0  0  0  0  0
    6.9683   -8.0899    0.0000 H   0  0  0  0  0  0  0  0  0  0  0  0
  1  2  1  0  0  0  0
  2  3  1  0  0  0  0
  3  4  1  0  0  0  0
  4  5  1  0  0  0  0
  5  6  1  0  0  0  0
  6  1  1  0  0  0  0
  4  7  1  0  0  0  0
  7  8  1  0  0  0  0
  8  9  1  0  0  0  0
  9 10  1  0  0  0  0
 10  5  1  0  0  0  0
  9 11  1  0  0  0  0
 11 12  1  0  0  0  0
 12 13  1  0  0  0  0
 13 14  1  0  0  0  0
 14 10  1  0  0  0  0
 11 15  1  0  0  0  0
 15 16  1  0  0  0  0
 16 17  1  0  0  0  0
 17 12  1  0  0  0  0
 17 18  1  1  0  0  0
 18 19  1  0  0  0  0
 18 20  2  0  0  0  0
 19 21  2  0  0  0  0
 20 22  1  0  0  0  0
 21 23  1  0  0  0  0
 22 23  1  0  0  0  0
 23 24  2  0  0  0  0
  2 25  1  1  0  0  0
  5 26  1  1  0  0  0
  4 27  1  1  0  0  0
 12 28  1  1  0  0  0
 16 29  1  1  0  0  0
 11 30  1  1  0  0  0
 14 31  1  6  0  0  0
  6 32  1  1  0  0  0
 10 33  1  6  0  0  0
  9 34  1  1  0  0  0
M  END
>  <cdx:fragmentId>
5

$$$$
",259991,C24H34O5,402.531,402.240624195,2.045,86.99,63,4,3,1,1,0,0.670975795034464,Y
